"open","high","low","close","volume","will5","ema12","next1"
739.73,759.11,737.15,753.99,10.13,-11.60734527,731.080095,799.04
753.99,817.56,750,799.04,18.64,-18.05772231,741.535465,808.52
799.04,819.9,771.18,808.52,76.87,-12.65850945,751.8407781,827.65
808.52,840,783.02,827.65,33.23,-11.22727273,763.5037353,913.93
827.65,980,827.41,913.93,54.92,-27.2060943,786.6462375,936.27
898.73,1019,886.44,936.27,75.02,-30.75464684,809.6652779,837.02
936.27,945,810,837.02,49.39,-73.43232992,813.8736967,824.98
837.02,899.84,788,824.98,19.31,-82.2188321,815.5823587,850.29
824.98,870,807.42,850.29,8,-73.03463203,820.9219959,857.33
850.29,857.34,817,857.33,8.19,-69.98701299,826.5232273,899.84
857.33,918.05,857.17,899.84,18.75,-28.76433121,837.8027308,860
899.84,900.94,833,860,25.43,-44.6366782,841.2176953,850
860,860,815,850,25.81,-61.51134412,842.5688191,831
850,877.29,805,831,31.72,-77.00132685,840.7890008,850
831,864,828,850,6.71,-60.19460416,842.2060776,826.97
850,865,824,826.97,27.71,-77.100271,839.8620656,804.35
826.97,835.06,788,804.35,26.35,-81.68887893,834.3986709,819.51
804.35,844.14,804,819.51,18.78,-64.7104939,832.1081062,835
819.51,848.9,819.51,835,11.94,-38.96103896,832.5530129,843.77
835,855,830.1,843.77,4.45,-27.57142857,834.2787032,829.01
843.77,845.99,820.1,829.01,6.9,-38.79104478,833.4681335,830.89
829.01,834.53,821,830.89,1.71,-47.2745098,833.0714976,830.89
830.89,830.89,821,830.89,11.58,-67.93462947,832.7358826,794.93
830.89,836.35,783,794.93,24.52,-83.43055556,826.9195929,812.02
794.93,830,794.93,812.02,9.93,-53.92919511,824.6273479,826.72
812.02,840,812.02,826.72,6.57,-23.29824561,824.9492944,790
826.72,840,790,790,23.97,-87.71929825,819.5724798,815.99
790,830,775,815.99,27.48,-36.93846154,819.0213291,795
815.99,826.23,795,795,18.92,-69.23076923,815.32574,808
795,815.23,787.01,808,27.02,-49.23076923,814.1987031,812.19
808,812.63,801,812.19,12.87,-42.78461538,813.8896718,825
812.19,835,803.41,825,6.47,-16.66666667,815.5989531,814.86
825,835,814.86,814.86,7.25,-41.96707647,815.485268,819.78
814.86,819.8,803.65,819.78,7.27,-31.71494061,816.145996,802.4
819.78,819.78,799.58,802.4,11.43,-92.03839639,814.0312274,802.69
802.4,815.9,802.4,802.69,10.42,-91.21964992,812.2864232,767.61
802.69,803.73,767.61,767.61,39.76,-100,805.4131273,723
767.61,775.21,666.35,723,63.49,-63.08243728,792.7341846,693.65
723,730,682.61,693.65,30.6,-82.20686958,777.4904639,696.49
693.65,756.1,680.01,696.49,36.77,-79.84620528,765.0288541,690.2
696.49,748,550,690.2,31.78,-44.74441335,753.5167227,672.6
690.2,720,660,672.6,32.13,-45.56191999,741.0679961,670.67
672.6,714.56,651.31,670.67,18.85,-41.45075206,730.2375352,623.95
670.67,680,595.63,623.95,44.68,-64.11935953,713.8856067,670.34
623.95,710,586.43,670.34,42.45,-39.22222222,707.1862826,656.28
670.34,682.78,646.88,656.28,11.81,-47.70532305,699.3545468,635.79
656.28,668.82,600,635.79,18.52,-61.4766253,689.5753858,638.1
635.79,679.06,593.68,638.1,39.7,-58.18564376,681.6560956,636.52
638.1,652.51,623,636.52,20.84,-59.46427126,674.7120809,630.16
636.52,640,602.91,630.16,13,-59.05723906,667.8579146,575.72
630.16,641.36,565.57,575.72,49.97,-91.05648075,653.6828508,572.27
575.72,597.05,547.72,572.27,28.37,-81.30805543,641.1577969,605.43
572.27,620.9,567.55,605.43,13.24,-44.92795114,635.6612127,616.88
605.43,650.28,600.91,616.88,21.05,-32.56630265,632.7717954,572
616.88,616.9,540.64,572,29.7,-71.39730026,623.4222884,522.84
572,572,450,522.84,60.12,-63.63091672,607.9480902,593.14
522.84,650,522.84,593.14,105.88,-28.53005792,605.6699225,596.49
593.14,629.9,580.5,596.49,45.84,-26.85739964,604.2576267,573.94
596.49,599,570,573.94,29.32,-38.03,599.5933764,575
573.94,605,550,575,8.04,-37.5,595.8097801,578
575,588.08,572.41,578,2.16,-56.62157911,593.0698139,669.75
578,700,578,669.75,67.58,-20.16666667,604.8667656,680.6
669.75,720,661.48,680.6,27.98,-23.17647059,616.5180324,680.99
680.6,690.17,660.01,680.99,5.23,-22.94705882,626.4367967,665.66
680.99,693,660.1,665.66,4.39,-36.81821262,632.4711357,641.48
665.66,680.46,628.73,641.48,13.85,-55.29577465,633.8571148,636.01
641.48,667.99,623,636.01,4.22,-86.58762887,634.1883279,641.57
636.01,658,629.05,641.57,1.82,-73.47142857,635.3239698,642.08
641.57,684.5,630,642.08,6.5,-72.74285714,636.363359,641.82
642.08,665.93,560,641.82,18.36,-34.2811245,637.2028423,651.08
641.82,660,550.28,651.08,7.9,-24.89941886,639.3377896,653.4
651.08,657.99,620,653.4,4.78,-23.17091343,641.5012066,631.24
653.4,654.91,550,631.24,24.79,-39.59851301,639.9225594,646
631.24,646,618.29,646,3.2,-17.19140861,640.8575503,651.95
646,652,639,651.95,7.62,-7.318181818,642.564081,637.73
651.95,651.95,616,637.73,1.91,-18.76099639,641.8203762,619.78
637.73,637.73,610.01,619.78,9.05,-33.48584501,638.4295491,620
619.78,633.66,612.22,620,4.86,-76.2086211,635.5942339,590
620,625.02,590,590,8.49,-100,628.5797364,590
590,615.23,580,590,16.27,-86.10145935,622.6443923,572.3
590,596,554.05,572.3,11.84,-78.19072658,614.8991012,574.22
572.3,596,566.36,574.22,1.31,-74.66398694,608.6407779,585.4
574.22,592.54,554.5,585.4,5.69,-55.82640552,605.0652736,579.02
585.4,591.15,579,579.02,5.73,-59.1860085,601.0583084,585.09
579.02,641.14,579,585.09,13.33,-64.35870938,598.6016456,502.78
585.09,599.27,502.78,502.78,34.78,-100,583.859854,516.48
502.78,553,500,516.48,44.09,-88.32365028,573.4937226,514.99
516.48,518,505,514.99,6.11,-89.37933966,564.4931499,467.1
514.99,514.99,436.07,467.1,33.23,-84.86858146,549.5095884,462.39
467.1,530,443.35,462.39,17.6,-83.87254902,536.1065748,490.73
462.39,503.23,462.39,490.73,17.55,-53.25408364,529.1255633,443.63
490.73,497.15,443.63,443.63,15.11,-91.95145321,515.9723997,458.6
443.63,463.7,426.45,458.6,15.54,-68.95219701,507.1458767,458.84
458.6,550,440,458.84,21.14,-73.78389316,499.7142033,467.85
458.84,467.85,447.57,467.85,0.9441,-66.49129907,494.8120182,461.82
467.85,469.44,450,461.82,5.12,-71.3719142,489.7363231,462.08
461.82,475.32,450,462.08,7.09,-71.16147309,485.4815042,454.39
462.08,465.82,454.38,454.39,3.32,-86.91818182,480.6981958,461.09
454.39,462.09,450,461.09,1.27,-51.27927928,477.6815503,383.08
461.09,461.09,383.08,383.08,17.11,-100,463.1274656,430
383.08,583.75,353.76,430,16.22,-66.85073264,458.0309325,448
430,450,429.01,448,10.71,-59.0243054,456.4877121,429.79
448,448,407.07,429.79,9.32,-66.94204096,452.3803718,459.38
429.79,480.07,411.34,459.38,42.64,-54.07626419,453.4572377,523.74
459.38,573.67,450.5,523.74,30.52,-26.0924388,464.2699703,523.52
523.74,550.8,490.56,523.52,51.73,-30.10204082,473.3853595,504.29
523.52,530.36,495.53,504.29,16.15,-41.64465786,478.1399196,485.56
504.29,515,477.19,485.56,31.51,-54.27832194,479.2814704,504.5
485.56,525.28,479.96,504.5,10.97,-56.15815539,483.1612442,504.73
504.49,510,500,504.73,1.54,-62.58660508,486.4795143,496.42
504.73,517.31,485,496.42,17.33,-63.83298853,488.0088198,489.72
496.42,510.49,484.62,489.72,7.49,-73.94468705,488.2720783,495.62
489.72,504.5,489,495.62,7.02,-65.44571933,489.4025278,501.95
495.62,501.95,490,501.95,3.58,-46.98684613,491.3329081,471.02
501.95,503.48,449,471.02,27.38,-67.76460255,488.2078453,463.7
471.02,476.18,456.75,463.7,3.39,-76.09367377,484.4374076,438.72
463.7,463.7,438.72,438.72,2.91,-100,477.4039603,446.18
438.72,455.09,429.09,446.18,6.12,-77.02648205,472.6002741,445.68
446.18,454.62,435.65,445.68,7.31,-77.69861541,468.4586935,448.34
445.68,452.82,441.23,448.34,9.06,-59.12083245,465.3635098,459.32
448.34,464.42,448,459.32,14.51,-14.43532409,464.4337391,455.16
459.32,459.32,446.49,455.16,7.08,-26.21001981,463.00701,441.04
455.16,455.16,432.43,441.04,8.5,-73.08533917,459.62747,442
441.04,445.4,431.17,442,1.77,-67.42857143,456.9155515,429.18
442,442,429.18,429.18,5.66,-100,452.6485436,431.87
429.18,439.69,422.19,431.87,5.75,-73.92943711,449.4518446,441.89
431.87,452.74,431.61,441.89,20.36,-40.24871095,448.2884839,448.26
441.89,452,441.81,448.26,5.79,-14.66448445,448.2841018,450.63
448.26,459.22,441.81,450.63,4.04,-23.19740751,448.6450092,454.99
450.63,458,446.1,454.99,5.53,-11.4231704,449.6211616,441.5
454.99,454.99,432.88,441.5,11.53,-64.17964506,448.3717521,440.82
441.5,445.22,432.21,440.82,7.19,-68.12291744,447.2099441,440.78
440.82,444.76,436.45,440.78,4.51,-68.27101074,446.2207219,445.52
440.78,445.52,440.78,445.52,0.8711,-48.39084917,446.1129186,449.59
445.52,449.59,440.89,449.59,3.02,-23.70500439,446.6478542,453.83
449.59,453.83,447.1,453.83,5.59,0,447.7527997,453.83
453.83,453.83,446.2,453.83,0.2061,0,448.6877536,445.56
453.83,453.83,445.56,445.56,2.58,-63.37164751,448.2065607,445.56
445.56,445.56,445.56,445.56,0,-63.91035549,447.7993975,493.43
445.56,498.84,445.56,493.43,25.28,-10.1539039,454.8194902,494.77
493.43,497.67,490.85,494.77,4.24,-7.638888889,460.9657225,530
494.77,530,494.77,530,32.85,0,471.5863806,521.47
530,548.05,515.31,521.47,14.82,-25.93423749,479.2607836,530
521.47,530,515.21,530,2.62,-17.61147429,487.0668169,574.05
530,589,530,574.05,15.83,-15.23178808,500.448845,583.2
574.05,589.11,563.68,583.2,10.95,-6.264574942,513.179792,570.92
583.2,594.64,538.84,570.92,26.92,-29.86277225,522.0629009,575.83
570.92,589.16,565.22,575.83,4.52,-23.68122875,530.3347623,570.49
575.83,576.26,564.9,570.49,2.18,-37.36076733,536.5124912,616.08
570.49,628.61,566.15,616.08,18.38,-13.95789239,548.7536464,628.13
616.08,628.13,603.87,628.13,15.4,-0.534699788,560.9653931,627.54
628.13,673.37,621.79,627.54,37.05,-42.25131373,571.2076403,665.58
627.54,672.64,621.79,665.58,10.32,-7.181709228,585.7264649,671.43
665.58,677.91,652.26,671.43,16.68,-5.798138869,598.9116241,650.48
671.43,671.43,525,650.48,59.16,-17.93865673,606.8452204,657.01
650.48,669.75,650.45,657.01,15.16,-13.66817082,614.5628788,653.4
657.01,660,653.4,653.4,5.27,-16.02903669,620.5378205,659.8
653.4,659.8,636.68,659.8,4.75,-11.84356811,626.5781558,646.54
659.8,659.8,646,646.54,0.888,-16.99788295,629.6492088,643.44
646.54,656.44,636.5,643.44,4.65,-79.12781955,631.770869,646.89
643.44,657.72,643.44,646.89,7.13,-55.78723404,634.0968891,617.99
646.89,649.93,617.99,617.99,19.6,-100,631.6189062,565.56
617.99,637.06,552,565.56,75.97,-87.42115028,621.4559975,589.68
565.56,617.31,565.56,589.68,19.43,-64.35868331,616.5673825,575.6
589.68,600,542.96,575.6,15.89,-71.55803416,610.2647083,589.55
575.6,589.55,534.28,589.55,34.51,-52.20925205,607.0778301,597.14
589.55,612.91,574.18,597.14,10.67,-38.84024129,605.5489332,608.97
597.14,608.98,586.25,608.97,2.8,-10.04456221,606.0752511,605.89
608.97,625,603.41,605.89,10,-21.06481481,606.046751,595.93
605.89,627.05,594.12,595.93,8.41,-33.54532715,604.4903277,593.9
595.93,602.79,578.51,593.9,5.81,-62.70096463,602.8610465,590.59
593.9,598.5,581.09,590.59,0.7642,-75.11330861,600.9731932,596.24
590.59,602.33,584.75,596.24,8.34,-63.47342398,600.2450097,584.42
596.24,596.24,584.42,584.42,2.64,-87.82447466,597.8103928,586.15
584.42,595.23,576.13,586.15,2.85,-62.4156039,596.0164862,564.42
586.15,586.15,557.43,564.42,29.23,-84.43207127,591.1554883,583.26
564.42,583.26,564.42,583.26,2.76,-42.47216036,589.9407978,597.69
583.26,600,575.35,597.69,21.78,-5.426356589,591.1329828,596.12
597.69,604.38,590.76,596.12,4.14,-17.59318424,591.9002162,589.76
596.12,602.3,589.76,589.76,0.9983,-31.13951012,591.5709522,637.07
589.76,645,587.72,637.07,18.67,-9.841151651,598.5708057,650
637.07,657.83,634.16,650,12.04,-9.493210475,606.4829894,645.77
650,658.87,638,645.77,25.77,-18.41180604,612.5271449,647.55
645.77,655.08,638.89,647.55,6.04,-15.91004919,617.9152764,635.25
647.55,655,622.6,635.25,10.3,-33.19747013,620.582157,628.99
635.25,635.25,618,628.99,3.74,-73.10986053,621.8756713,629.1
628.99,652.78,628.99,629.1,2.25,-72.84071446,622.9871065,625.99
629.1,638.97,614.74,625.99,6.47,-72.1120476,623.4490901,617.04
625.99,626.87,614.74,617.04,1.44,-94.28713363,622.4630762,627.9
617.04,627.9,615.35,627.9,1.63,-65.40483701,623.2995261,614.47
627.9,632.11,614.47,614.47,0.6427,-100,621.9411374,629.46
614.47,629.46,614.47,629.46,1.5,-38.81632653,623.0978855,632
629.46,639.34,629.46,632,0.6899,-29.51347004,624.4674416,626.5
632,653.49,625.29,626.5,1.05,-69.16965659,624.7801429,626.23
626.5,632.67,618.14,626.23,1.34,-69.86160943,625.0031978,620.03
626.23,626.23,620.03,620.03,0.18,-85.75089698,624.2380905,625.22
620.03,626.16,612.9,625.22,7.41,-69.64769648,624.3891535,624.98
625.22,630.01,610.35,624.98,0.9631,-66.08715809,624.4800529,626
624.98,629,615.17,626,12.29,-29.88351254,624.7138909,630
626,630,626,630,1.56,-0.0508647,625.5271385,619
630,630,619,619,0.5068,-56.00203459,624.5229633,629.77
619,629.77,619,629.77,0.0006352,-1.220752798,625.3301998,618.69
629.77,629.77,618.69,618.69,8.44,-76.26432906,624.3086306,618.62
618.69,623.98,610,618.62,7.5,-56.9,623.4334566,605.64
618.62,623.43,593.86,605.64,17.72,-67.40453791,620.6960018,596.08
605.64,623.22,593.8,596.08,8.67,-93.66138449,616.9089246,600
596.08,607.96,593.8,600,5.06,-82.76341396,614.3075516,600
600,600,600,600,0.1545,-79.45659377,612.1063898,591.9
600,600,574.58,591.9,4.09,-64.54452405,608.9977144,583.21
591.9,597.66,575.07,583.21,2.68,-82.25740132,605.0303737,566.75
583.21,588.98,566.75,566.75,11.67,-100,599.1410855,590.21
566.75,591.95,566.75,590.21,33.05,-29.44360902,597.7670723,596.4
590.21,602.36,584.77,596.4,3.05,-16.73687167,597.5567535,590.49
596.4,601.18,590.49,590.49,2.57,-33.33333333,596.4695607,578.86
590.49,594.8,578.86,578.86,1.79,-65.99269868,593.7603975,596.25
578.86,596.25,578.86,596.25,4.11,-17.15810166,594.1434133,579
596.25,598.03,579,579,9.04,-99.40425532,591.8136574,579
579,579,579,579,0,-99.37275986,589.8423255,580.58
579,593,577.24,580.58,16.81,-83.93458393,588.4173523,590
580.58,590,580.58,590,0.4273,-38.62433862,588.6608366,590
590,590,578.14,590,7.8,-38.62433862,588.8668617,583.24
590,595.36,583.24,583.24,1.66,-66.88741722,588.0011907,572.77
583.24,595.36,572.77,572.77,0.4779,-100,585.6579306,580
572.77,580,566.99,580,3.82,-54.14169898,584.7874797,535.08
580,580,531.64,535.08,4.35,-94.60138104,577.1401751,523.76
535.08,553.83,501,523.76,31.83,-75.87961,568.9278405,530
523.76,530,501,530,22.87,-69.26663841,562.938942,503.52
530,530,500,503.52,12.1,-95.6,553.7975663,500
503.52,539.99,500,500,2.65,-100,545.5210176,455
500,505,455,455,28.55,-100,531.5947072,500.5
455,500.5,455,500.5,77.76,-46.46428992,526.8109061,530
474.02,530,474.02,530,13.53,-11.75432404,527.3015359,505
530,530,500.01,505,4.62,-41.16954936,523.8705304,529.95
505,529.97,482.22,529.95,9.62,-0.066666667,524.8058334,525
529.95,529.95,482.27,525,0.5639,-6.666666667,524.8357052,524.88
525,525,524.88,524.88,0.7,-9.146123616,524.8425198,516.12
524.88,524.88,490.1,516.12,26.86,-29.04981164,523.5005937,516.12
516.12,516.12,516.12,516.12,0,-29.0052356,522.3651177,524.85
516.12,524.85,516.12,524.85,1.31,-10.69630872,522.7474073,495.08
524.85,524.85,495.08,495.08,0.02382,-85.73065903,518.4908831,524.88
495.08,524.88,495.08,524.88,0.5178,0,519.4738242,524.27
524.88,524.88,495.26,524.27,0.4584,-2.046979866,520.2116974,509.98
524.27,524.27,490.5,509.98,5.61,-43.33915067,518.6375901,490.01
509.98,509.98,490.01,490.01,0.09953,-100,514.2333455,524.77
490.01,524.77,490.01,524.77,3.811e-05,-0.315457413,515.8543692,524.77
524.77,524.77,524.77,524.77,0,-0.315457413,517.2260047,475.01
524.77,524.77,475,475.01,3.41,-99.97990757,510.7312348,475.01
475.01,475.01,475.01,475.01,0,-99.97990757,505.2356602,524.77
475.01,524.77,475.01,524.77,0.1769,0,508.2409432,480
524.77,524.77,480,480,1.24,-89.95378742,503.8961827,488.77
480,524.77,465,488.77,41.14,-60.23088506,501.5690777,475
488.77,488.77,465,475,0.5077,-83.26919859,497.4815273,475
475,475,475,475,0.02,-83.26919859,494.0228308,475
475,475,475,475,1.01,-83.26919859,491.0962414,475
475,475,475,475,0,-83.26919859,488.6198966,474.77
475,475,474.77,474.77,0.1492,-58.8977703,486.4891433,490
474.77,490,474.77,490,0.212,0,487.0292751,465.01
490,490,465.01,465.01,3.08,-100,483.6416943,465
465.01,528,465,465,2.76,-100,480.7737413,445
465,465,445,445,5.14,-100,475.2700888,503.18
445,503.18,400,503.18,18.12,-19.390625,479.5639213,375.94
503.18,503.18,375.94,375.94,1.5,-100,463.6217796,385
375.94,466.67,375.94,385,0.1559,-94.0418256,451.5261212,385.01
385,450,385,385.01,1.2,-92.87173845,441.2928718,404.83
385.01,425,295,404.83,24.18,-47.24277068,435.6831992,449.81
404.83,453,404.83,449.81,6.9,-25.63646844,437.8565532,433.15
449.81,449.81,412.34,433.15,4.09,-19.52583445,437.1324681,397
433.15,433.15,397,397,4.51,-35.44303797,430.9582422,397
397,397,397,397,0,-35.44303797,425.7338972,397
397,397,397,397,0,-100,421.3132977,390
397,450,387.63,390,10.78,-96.2000962,416.4958673,370.94
390,394,370.01,370.94,0.7155,-98.83735467,409.4872723,380.02
370.94,393.22,370.12,380.02,6.68,-87.48593574,404.9538458,390
380.02,390,380.02,390,2,-75.00937617,402.6532541,370.11
390,390,370.1,370.11,0.275,-99.87498437,397.6465996,355
370.11,389.98,355,355,20.27,-100,391.0855843,322.11
355,369.63,322.11,322.11,38.11,-100,380.473956,330
322.11,330,273.33,330,18.72,-51.42710208,372.708732,349.85
330,349.85,300,349.85,53.41,-34.41330248,369.192004,335
349.85,349.85,315.06,335,0.12,-47.13244749,363.9316957,359.98
335,359.98,335,359.98,8.1,-10.02076843,363.3237425,370.19
359.98,400,335.16,370.19,30.22,-23.53359122,364.3800898,355.59
370.19,378.99,355.59,355.59,7.78,-44.41,363.0277683,357.18
355.59,379,355.59,357.18,0.4618,-50.41205557,362.1281116,379
357.18,379,352.83,379,16.63,-32.30769231,364.7237868,400
379,400,370.1,400,20.85,0,370.1508965,411.26
400,418.99,395.28,411.26,29.73,-11.68379686,376.475374,400.31
411.26,411.26,385.48,400.31,11.23,-28.23458283,380.1422395,389.14
400.31,400.31,374.61,389.14,16.08,-45.11789601,381.5265103,381.01
389.14,389.14,376.73,381.01,0.05216,-77.68459808,381.4470472,395.79
381.01,395.79,371,395.79,0.9598,-48.34340488,383.6536553,395.79
395.79,395.79,395.79,395.79,0,-38.42523597,385.5207853,391.24
395.79,395.79,391.24,391.24,0.05,-30.94506994,386.4006645,391.58
391.24,391.58,371,391.58,9.92,-16.9826543,387.1974853,388.71
391.58,393.49,371.38,388.71,2.66,-28.55990319,387.4301799,368.64
388.71,388.71,365,368.64,11.95,-88.17797986,384.539383,373.35
368.64,373.69,355,373.35,7.6,-55.0134837,382.8179394,359.51
373.35,373.35,355,359.51,7.81,-88.28267082,379.2321026,362.5
359.51,384.72,359.51,362.5,6.12,-80.51441933,376.657933,364.3
362.5,368.15,362.5,364.3,0.04324,-72.41174726,374.7567125,365.13
364.3,365.13,352.01,365.13,0.5898,-59.88994191,373.2756798,335.07
365.13,365.13,335.01,335.07,8.87,-99.87929994,367.3978829,346.02
335.07,350,335,346.02,7.56,-77.83588093,364.1089779,347.95
346.02,347.95,344.29,347.95,0.03559,-60.93514329,361.6229813,320
347.95,347.95,320,320,5.66,-100,355.2194457,323.94
320,325.19,320,323.94,0.1154,-91.26966541,350.4072233,325
323.94,325.19,323.94,325,4.97,-83.33333333,346.4984197,325
325,330,325,325,16.87,-82.11091234,343.1909705,328.2
325,348.2,325,328.2,9.73,-70.92198582,340.8846674,348
328.2,349.17,328.2,348,0.04009,-4.010970175,341.9793339,347.08
348,348,333,347.08,6.6,-8.28378914,342.7640518,350
347.08,350,330.16,350,4.81,0,343.8772746,350
350,350,338.66,350,19.36,0,344.8192323,355
350,370,350,355,3.57,-35.88516746,346.3855043,371.7
355,372.63,355,371.7,5.42,-2.189781022,350.2800421,423.48
371.7,430.36,371.7,423.48,219.46,-6.866267465,361.5415741,415
423.48,450,380,415,65.88,-31.4352434,369.7659473,395
415,417.77,395,395,23.16,-55,373.6481092,379.99
395,395,378.97,379.99,10.68,-73.69473684,374.6237847,380
379.99,395,379.56,380,1.56,-89.39974457,375.4508948,400
380,414.26,376,400,25.27,-67.56756757,379.2276802,375.02
400,400,370.39,375.02,13.23,-90.22794428,378.5803448,390
375.02,392.96,375.02,390,0.9256,-55.29974926,380.3372148,354.38
390,390,354.33,354.38,67.07,-99.91656933,376.3437972,360
354.38,360,342.66,360,1.64,-75.78212291,373.8293668,370
360,370,360,370,4.05,-52.31949773,373.2402335,370
370,370,360,370,4.76,-45.64612326,372.741736,372
370,385,370,372,11.24,-38.02281369,372.6276228,376
372,390,372,376,10.13,-29.57329954,373.14645,372.87
376,389.94,366.42,372.87,19.24,-57.1,373.1039193,376.9
372.87,385.69,365.01,376.9,2.38,-43.66666667,373.6879317,387
376.9,387,360.52,387,23.27,-10.17639077,375.7359422,379.09
387,387,379.09,379.09,4.2,-37.00814111,376.2519511,386.32
379.09,386.32,379.09,386.32,0.001595,-12.30455472,377.8008817,374.03
386.32,386.74,370.13,374.03,4.18,-48.98036254,377.220746,386.15
374.03,386.15,372.91,386.15,3.81,-3.209969789,378.5944774,380
386.15,386.15,371.46,380,23.49,-41.49377593,378.8107117,379.75
380,380,364.72,379.75,3.76,-31.74386921,378.9552176,375.19
379.75,380,375.19,375.19,4.68,-52.45231608,378.3759533,374
375.19,394.59,367,374,34.17,-68.93203883,377.7027297,373.07
374,389.98,370.43,373.07,0.3818,-72.04553063,376.9900021,362.58
373.07,376.06,360.29,362.58,4.53,-93.32361516,374.7730787,345.49
362.58,376,342.46,345.49,6.64,-94.1876079,370.2679897,345.56
345.49,357.5,345.49,345.56,0.1607,-94.05332822,366.4667605,372.12
345.56,372.12,342.5,372.12,0.7364,-37.58417508,367.3364896,360
372.12,372.12,346.77,360,0.9118,-47.79761905,366.2077989,352
360,360,350,352,33.15,-71.55635063,364.0219837,350
352,358.98,350,350,0.6043,-74.67927076,361.8647554,343.07
350,358.98,342.04,343.07,22.78,-96.57579787,358.9732546,330.09
342.04,358.92,330.09,330.09,4.45,-100,354.529677,329.99
330.09,355.33,315.02,329.99,30.11,-66.71854157,350.7543421,320
329.99,332.17,310,320,5.86,-79.58350347,346.0229048,349.98
320,368.12,310.03,349.98,23.07,-31.21128699,346.6316887,348.99
349.98,349.98,348.99,348.99,1.87,-32.91465933,346.9945058,325.01
348.99,348.99,319.67,325.01,39.87,-74.17412251,343.6122742,327.06
325.01,327.06,325.01,327.06,1.08,-70.64693737,341.0657704,338.75
327.06,342.08,327.06,338.75,0.5716,-50.55947667,340.7094981,320.38
338.75,338.75,320.38,320.38,4.11,-97.65753877,337.581883,320.38
320.38,320.38,320.38,320.38,0,-97.57844475,334.9354394,320.48
320.38,320.48,320.38,320.48,0.01,-99.53917051,332.7115257,313.37
320.48,320.48,313.37,313.37,3.74,-100,329.7359063,313.01
313.37,320.04,313.01,313.01,1.9,-100,327.16269,314.76
313.01,325,313.01,314.76,29.97,-85.40450375,325.2545838,313
314.76,338.95,313,313,4.55,-100,323.3692632,319.14
313,319.14,313,319.14,9.61,-76.33911368,322.7186074,325
319.14,325,314.03,325,0.435,-53.75722543,323.0695908,315.3
325,325,313.18,315.3,8.92,-91.13680154,321.8742692,295
315.3,319.93,295,295,52.48,-100,317.7397662,265.87
295,297.48,265.87,265.87,25.49,-100,309.7598022,277.4
265.87,280,252.32,277.4,61.92,-65.49257017,304.7813711,281.15
277.4,293.66,260,281.15,8.48,-60.33296643,301.1457755,300
281.15,300,269,300,7.71,-29.47788789,300.9695024,283.53
300,300,283.53,283.53,8.34,-34.54278523,298.286502,283.5
283.53,295.72,283,283.5,3.5,-34.6057047,296.0116555,277.78
283.5,300,274.73,277.78,53.89,-55.55,293.2067855,265
277.78,277.78,265,265,1.77,-100,288.86728,265.06
265,300,263.02,265.06,59.03,-94.4835046,285.2046215,216
265.06,268,215.09,216,200.71,-98.928277,274.5577567,175
216,230.99,175,175,204.92,-100,259.2411787,219
175,236.47,175,219,133.32,-64.8,253.0502282,213.36
219,219,195.2,213.36,44.71,-69.312,246.9440392,200
213.36,213.36,196,200,9.22,-73.11827957,239.7218793,219.98
200,220,199.5,219.98,31.12,-26.82609403,236.6846671,211.01
219.98,219.98,206,211.01,7.54,-41.41857817,232.7347183,219.82
211.01,219.84,208.4,219.82,5.22,-0.725806452,230.7478386,224.49
219.82,225.91,206.1,224.49,47.35,-4.747576062,229.7850942,227.02
224.49,241.02,224.49,227.02,26.41,-33.71868979,229.3596951,228.04
227.02,231.24,222.68,228.04,10.24,-37.06453455,229.1566651,250.87
228.04,251.36,228.02,250.87,108.7,-1.082633672,232.4971781,257.06
250.87,257.06,241.28,257.06,46.71,0,236.2760738,270
257.06,307.05,250.04,270,86.66,-43.91371341,241.4643701,250.85
270,270,205,250.85,59.44,-55.07104361,242.9083132,248
250.85,280,248,248,66.57,-57.86379226,243.6916496,231.83
248,248,222.28,231.83,36.22,-73.70896619,241.8667805,220
231.83,239.36,220,220,55.19,-85.30132288,238.5026604,216.69
220,239.98,216.69,216.69,13.39,-84.41333333,235.1468665,239.98
216.69,239.98,210.01,239.98,5.1,-57.17959709,235.8904255,228
239.98,239.98,223.94,228,5.23,-52.64543301,234.6765139,235.45
228,246.93,228,235.45,18.47,-31.09425785,234.7955117,228.9
235.45,235.45,221.85,228.9,15.17,-48.83531961,233.8885099,217
228.9,228.9,215.25,217,17.34,-81.06717226,231.2902776,221.92
217,225,215,221.92,12.4,-78.32759161,229.8486965,229.66
221.92,231.58,218.44,229.66,1.81,-54.08706546,229.8196662,229.23
229.66,229.66,218.81,229.23,14.25,-30.41564792,229.7289484,220.5
229.23,229.23,215,220.5,16.66,-66.82750302,228.3091101,215.01
220.5,221.92,215,215.01,3.39,-99.93968637,226.2630932,207.2
215.01,215.01,205,207.2,5.63,-91.72310008,223.3303096,224
207.2,224,207.2,224,2.52,-22.95214923,223.4333389,232.8
224,240,207,232.8,58.79,-20.57142857,224.8743637,250
232.8,250,228,250,44.01,0,228.7398462,233.94
250,264.8,228,233.94,48.46,-51.60535117,229.5398699,250.66
233.94,250.66,227.67,250.66,27.26,-24.46366782,232.7891207,249.98
250.66,250.66,230.3,249.98,7.42,-25.64013841,235.4338713,236
249.98,249.98,230.3,236,14.94,-77.56531107,235.520968,240.1
236,244.06,236,240.1,6.17,-66.5230272,236.2254345,241.03
240.1,248.5,240.1,241.03,40.23,-41.88777729,236.9645984,240.12
241.03,244.09,240.09,240.12,0.2377,-51.76817289,237.4500448,235
240.12,247.44,235,235,21.4,-76.11788618,237.0731148,236.12
235,239.9,234.08,236.12,28.05,-85.85298197,236.9264818,238
236.12,238,236.12,238,0.88,-72.81553398,237.0916384,237.02
238,240.18,237.02,237.02,6.48,-77.99401198,237.0806171,239.64
237.02,239.64,235,239.64,22.71,-58.38323353,237.4743684,256
239.64,259.42,238,256,122.77,-13.4964483,240.3244655,250.13
256,256,244,250.13,43.61,-38.04258804,241.8330093,250.36
250.13,261.5,240.01,250.36,24.21,-42.03773585,243.144854,271.37
250.36,280,249.89,271.37,53.78,-19.17777778,247.4871842,277
271.37,280.09,264.69,277,24.73,-7.341411262,252.0276174,269.4
277,285.73,267.32,269.4,36.32,-35.71741032,254.7002916,274.49
269.4,278.61,265.17,274.49,16.6,-24.58442695,257.7448621,260
274.49,275.46,260,260,10.93,-71.79129464,258.0918064,269.93
260,270,260,269.93,0.1874,-61.40691799,259.913067,270.08
269.93,280,269.93,270.08,3.76,-60.82394092,261.4772105,297
270.08,297.51,270.08,297,18.78,-1.35963743,266.9422551,295
297,300,287.21,295,26.6,-12.5,271.2588312,295.68
295,299.94,289,295.68,37.08,-10.8,275.0159341,290.28
295.68,296.94,289.37,290.28,10.73,-32.32457599,277.3642519,285
290.28,293,272,285,77.95,-50.13368984,278.5389824,282.33
285,288.63,272.64,282.33,54.76,-63.10714286,279.1222159,288
282.33,288,281.51,288,0.1454,-42.73443092,280.4880288,294.44
288,294.44,288,294.44,32.99,-10.02405774,282.6344859,284
294.44,294.96,284,284,17.76,-47.73519164,282.844565,257.48
284,288.2,250,257.48,37.81,-83.36298932,278.9423242,255
257.48,280.87,253.45,255,6.26,-88.87900356,275.2588897,261.65
255,271,255,261.65,1.21,-74.08807829,273.1652144,259.68
261.65,272.49,259.68,259.68,0.1201,-78.46975089,271.090566,271.34
259.68,271.34,258.06,271.34,18.18,-44.13612565,271.1289405,266.58
271.34,272,263,266.58,9.08,-52.11524435,270.4291035,255.33
266.58,266.58,245,255.33,28.13,-62.42269916,268.1061645,250.98
255.33,255.33,237.69,250.98,10.57,-61.81034483,265.47137,251.9
250.98,269,250.05,251.9,14.12,-58.58350335,263.3834669,252
251.9,252,242.88,252,0.6849,-58.29204314,261.6321643,252.5
252,255.7,247.81,252.5,2.12,-52.69881827,260.2272159,243.59
252.5,252.5,240.44,243.59,4.38,-81.15618013,257.6676443,269
243.59,269,240.19,269,4.65,0,259.4110836,244.42
269,269,244.42,244.42,1.03,-85.31759806,257.104763,242.98
244.42,249.24,241.06,242.98,17.81,-90.31586255,254.9317226,251.2
242.98,255.93,240,251.2,16.16,-61.37931034,254.3576114,252.9
251.2,256,249.37,252.9,6.6,-55.51724138,254.1333635,249.56
252.9,255,249.52,249.56,9.16,-67.03448276,253.4297691,259.99
249.56,259.99,249.56,259.99,1.45,0,254.4390354,254.38
259.99,262.42,253.01,254.38,8.99,-35.86083854,254.429953,248.84
254.42,256.88,246.51,248.84,25.79,-85.35512256,253.5699603,249.46
248.84,258.24,244.39,249.46,13.77,-71.88019967,252.9376587,249.27
249.46,249.46,239.96,249.27,7.55,-58.54853072,252.3734035,242.5
249.27,249.27,232.85,242.5,37.67,-67.36557322,250.8544183,232.58
242.5,242.5,230.76,232.58,23.62,-93.37700146,248.0429694,240
232.58,240,232.58,240,18.94,-66.37554585,246.8055895,227.94
240,254.38,223.54,227.94,21.32,-85.73281453,243.9031911,221.98
227.94,231.85,216.5,221.98,41.27,-85.53326294,240.5303925,220.11
221.98,224,219.66,220.11,12.48,-90.46990496,237.3887936,233.6
220.11,234.7,220.11,233.6,9.11,-54.85744456,236.8059023,223.01
233.6,233.6,223.01,223.01,2.31,-82.81414995,234.6834558,222.02
223.01,227.49,222,222.02,4.91,-69.67032967,232.7352318,226.79
222.02,229,222.02,226.79,10.28,-52.59308511,231.8205808,223.6
226.79,228,223.26,223.6,39.33,-76.07950651,230.555876,234.74
223.6,235.23,223.6,234.74,93.12,-3.703703704,231.1995874,233.27
234.74,238.89,232.09,233.27,41.04,-33.2741267,231.5181124,234.99
233.27,235.69,231,234.99,23.61,-23.11796088,232.052249,230.96
234.99,237.58,227.96,230.96,42.22,-50.73576456,231.8842107,227.49
230.96,232.14,226.03,227.49,5.8,-74.55853499,231.2081783,220.15
227.49,227.49,216.34,220.15,35.01,-83.10421286,229.5069201,228.26
220.15,238.56,217.34,228.26,28.26,-46.35463546,229.3150862,224.84
228.26,233.25,224,224.84,42.78,-61.74617462,228.6266114,226
224.84,232,224,226,24.59,-56.52565257,228.2225173,237.31
226,239.65,225.69,237.31,49.81,-10.03861004,229.6205916,232.1
237.31,238.97,231.7,232.1,30.42,-33.84132676,230.002039,234.15
232.1,239.09,231.21,234.15,31.21,-35.14376997,230.6401869,240.36
234.15,242.5,234.15,240.36,24.95,-11.56756757,232.1355427,236.19
240.36,242.11,236.19,236.19,12.16,-37.53718025,232.7593054,235.59
236.19,239.11,231.42,235.59,14.64,-61.20460585,233.1947969,228
234.88,239.35,228,228,50.49,-100,232.3955974,235.71
228,242.44,227,235.71,25.63,-43.80645161,232.9055055,240.51
235.71,243,234.8,240.51,14.68,-15.5625,234.0754277,241.74
240.51,243,234.13,241.74,14.44,-7.875,235.2545927,239.24
241.74,242.62,236.13,239.24,8.45,-23.5,235.8677323,241.86
239.24,243.15,238.8,241.86,35.81,-7.987616099,236.7896196,242.99
241.86,242.99,237.55,242.99,32.16,-1.77383592,237.7435243,235.09
242.99,244,235.08,235.09,63.85,-90.27355623,237.3352898,236.47
235.09,237.99,235,236.47,7.28,-83.66666667,237.2021683,238.98
238.51,240.05,237.49,238.98,1.22,-55.77777778,237.4756808,237.35
238.98,239.39,235.14,237.35,3.67,-73.88888889,237.4563453,235.86
237.35,237.57,235.6,235.86,1.39,-90.44444444,237.2107537,233.34
235.86,236.62,231.91,233.34,13.18,-82.43243243,236.6152532,232.78
233.34,233.91,231.43,232.78,24.91,-84.3387471,236.0252142,234.8
232.78,235.06,231.1,234.8,23.32,-55.36791315,235.8367197,236.09
234.55,238.18,233.97,236.09,11.64,-29.51977401,235.8756859,237.59
236.09,244,233.91,237.59,63.87,-49.68992248,236.1394265,237.39
237.59,240.84,237.39,237.39,28.22,-51.24031008,236.3318225,240.68
237.39,241.13,237.39,240.68,10.83,-25.73643411,237.0007729,235.92
240.68,240.68,234.83,235.92,31.94,-80.07928642,236.8345001,236.03
236.19,237.11,235.17,236.03,6.32,-78.98909812,236.7107309,235.3
236.03,238,234.77,235.3,8.24,-91.66666667,236.4936953,235.83
235.3,237.9,234.03,235.83,1.62,-74.64788732,236.3915884,234.91
235.83,235.92,234.91,234.91,8.44,-86.76691729,236.1636517,232.81
234.91,235.24,230.55,232.81,13.47,-69.66442953,235.6477053,227.59
232.81,235.86,227.59,227.59,12.77,-100,234.4080583,224.23
227.59,232.4,222.03,224.23,33.59,-86.1373661,232.8422032,229.5
224.23,229.5,222.29,229.5,4.71,-46.22030238,232.3280181,227
229.5,229.5,226,227,23.8,-64.06362979,231.508323,223.12
227,228.79,223.04,223.12,48.91,-92.11858279,230.2178118,225
223.12,228.3,220.34,225,35.25,-61.35986733,229.4150715,223.7
225,225.65,223.7,223.7,5.36,-63.31877729,228.5358297,224.35
223.7,225.33,223.7,224.35,0.3,-56.22270742,227.8918559,224.35
224.35,224.35,224.35,224.35,0,-52.5443787,227.346955,230.92
226.79,230.92,226.79,230.92,2.41,0,227.8966542,227.26
230.92,230.92,226.57,227.26,8.95,-50.69252078,227.7987074,228.92
227.26,231.59,227.26,228.92,33.69,-33.84030418,227.971214,229.44
228.92,233.15,228.86,229.44,62.23,-42.15909091,228.1971811,231.04
229.44,231.06,226.14,231.04,25.31,-30.09985735,228.6345378,232.15
232,233.29,231.19,232.15,18.23,-15.94405594,229.1753782,235.54
232.15,235.54,231.34,235.54,20.07,0,230.1545507,247.14
235.54,251,233.82,247.14,140.78,-15.52695093,232.7676968,245.03
247.14,256.38,245.03,245.03,67.31,-37.53306878,234.654205,247.5
245.03,252.66,244,247.5,29.81,-35.25208416,236.6304811,245.5
247.69,249.63,227,245.5,116.85,-37.03199455,237.9950225,243.85
245.5,245.5,241.5,243.85,19.41,-42.6480599,238.8957883,241
243.85,244.96,238.05,241,41.9,-52.34853642,239.2195131,248.08
241,248.08,241,248.08,39.37,-17.84879189,240.582665,243.72
248.08,248.08,243.72,243.72,49.66,-26.11577552,241.0653319,241.67
243.72,243.72,240.17,241.67,1.31,-63.90827517,241.1583578,242.04
241.67,244,239.53,242.04,16.47,-60.21934197,241.293995,242
242.04,244,242,242,1.76,-71.11111111,241.4026112,251.93
242,251.93,242,251.93,33.66,0,243.0222095,248.5
251.93,260,247.45,248.5,55.48,-56.17977528,243.8649465,268.47
248.5,268.5,248.5,268.47,95.24,-0.103555402,247.6503393,262.63
268.47,273,258.49,262.63,67.94,-33.4516129,249.9549025,258.1
262.63,265.02,255.5,258.1,71.06,-48.06451613,251.2079944,254.74
258.1,259.76,253.43,254.74,15.94,-71.46771037,251.7513799,254.01
254.74,273,252.88,254.01,19.88,-77.51020408,252.0988599,262
254.01,263,254.01,262,17.28,-54.67196819,253.6221122,269.62
262,274.68,257.12,269.62,69.67,-23.21100917,256.0833257,274.59
269.62,278,268.14,274.59,96.76,-13.57484076,258.9305064,265.36
274.59,274.59,265,265.36,29.65,-50.31847134,259.9196593,270.01
265.36,276.32,265.36,270.01,35.2,-33.30554398,261.4720194,269.67
270.01,275.67,267.39,269.67,34.26,-39.89463602,262.7332472,284.54
269.67,297,268.96,284.54,167.87,-38.9375,266.0881322,293.6
284.54,298.99,283.06,293.6,71.96,-15.85760518,270.3207273,308.14
293.6,316.01,291.69,308.14,138.95,-15.53800592,276.1390769,290.18
308.14,312.3,269,290.18,337.1,-53.12628548,278.2992189,288.75
290.18,295.97,286.79,288.75,36.2,-57.93836344,279.9070314,287.5
288.75,293.79,287.5,287.5,9.26,-60.64667092,281.0751804,276.74
287.5,292,273.4,276.74,54.21,-83.535418,280.4082296,280.38
276.74,281.31,275.52,280.38,4.76,-73.7182448,280.4038866,278.01
280.38,281.69,274.92,278.01,14.07,-79.57465662,280.0355963,275.54
278.01,279.57,274.32,275.54,0.4725,-89.50465915,279.3439661,277.56
275.54,280.4,275.54,277.56,83.54,-77.6344086,279.0695098,276.45
277.56,281.41,276.45,276.45,20.68,-71.0990502,278.6665083,276.98
276.45,279.38,275.31,276.98,60.14,-63.90773406,278.4070455,276.89
276.98,278.4,276.03,276.89,24.71,-63.75176305,278.1736539,290
276.89,290,276.18,290,41.53,0,279.9930917,288.92
290,291.81,286.67,288.92,27.57,-17.51515152,281.3664622,291.28
288.92,293.85,287.83,291.28,8.72,-13.86192017,282.8916219,296.1
291.28,296.1,286.55,296.1,11.07,0,284.9236801,293.56
296.1,296.8,287,293.56,57.37,-15.7129001,286.2523447,291.61
293.56,293.56,280,291.61,29.31,-30.89285714,287.0765993,288.96
291.61,291.61,280,288.96,30.74,-46.66666667,287.3663533,293.48
288.96,293.48,280,293.48,41.34,-19.76190476,288.3069143,283.27
293.48,293.48,277.12,283.27,63.84,-68.75,287.5320044,283.84
283.27,289.89,277.91,283.84,0.8988,-59.12408759,286.9640037,283.87
283.84,285.51,280.57,283.87,18.34,-58.7408313,286.4880032,287.68
283.87,287.68,280.53,287.68,21.61,-35.45232274,286.6713873,284.83
287.68,287.77,281.02,284.83,30.98,-52.87286064,286.3880969,278.67
284.83,286.96,278.6,278.67,19.72,-93.65609349,285.2006974,281.04
278.67,290,274.15,281.04,62.78,-56.52996845,284.5605901,263.83
281.04,283.78,263.83,263.83,20.31,-100,281.3712686,269.77
263.83,269.77,258,269.77,23.82,-63.21875,279.586458,266.85
269.77,273.88,262.49,266.85,19.33,-72.34375,277.6270029,270
266.85,270,260,270,99.5,-62.5,276.4536179,270
270,270,265.49,270,61.28,-53.4522886,275.4607536,264.03
270,270,261.64,264.03,138.89,-62.02770781,273.7021761,268.33
264.03,270,262.01,268.33,368.75,-39.98559078,272.8756875,265.55
268.33,269.22,265.22,265.55,164.32,-44.5,271.7486586,260.35
265.55,270,257.01,260.35,263.6,-74.28791378,269.9950188,258.64
260.35,263.12,257.57,258.64,88.91,-87.45188607,268.2480929,247.99
258.64,259.93,247.99,247.99,480.9,-100,265.1314632,230.12
247.99,247.99,188.11,230.12,422.39,-48.69947491,259.7450842,236.87
230.12,238.71,228.91,236.87,527.39,-40.45671022,256.2258405,234.39
236.87,238.71,232.62,234.39,137.94,-38.30155979,252.8664804,231.99
234.39,235.32,223.1,231.99,171.18,-38.90281259,249.6547142,228.13
231.99,232.38,226.07,228.13,52.24,-33.16633267,246.3432197,212.48
228.13,228.13,209.79,212.48,288.68,-90.69847856,241.1334936,224.7
212.48,235.99,204.01,224.7,535.65,-40.37463977,238.6052638,227.87
224.7,243.38,223.11,227.87,153.24,-39.39547879,236.9536848,226.01
227.87,233,225.31,226.01,176.15,-44.11988824,235.270041,233.15
226.01,237.98,222.57,233.15,263.59,-25.98425197,234.9438808,229
233.15,234.97,228.95,229,99.35,-36.52527305,234.0294376,228.5
229,233.1,226.68,228.5,61.66,-71.50408457,233.1787549,230.92
228.5,233.51,226,230.92,98.64,-45.81440623,232.8312541,229.24
230.92,231.12,226.87,229.24,100.04,-56.71641791,232.2787535,226.82
229.24,232.99,226.82,226.82,191.81,-90.85841695,231.4389453,226.94
226.82,231.13,226.17,226.94,292.34,-87.48335553,230.7467999,231.01
226.94,231.79,226.55,231.01,151.63,-33.28894807,230.7872922,236.32
231.01,237,230.25,236.32,173.97,-6.278855032,231.638478,241.99
236.32,243.38,236.32,241.99,112.16,-8.076699593,233.2310198,241.07
241.99,242.78,239.13,241.07,148.82,-13.42242882,234.4370168,243.27
241.07,246.51,240.35,243.27,253.52,-16.23246493,235.7959373,239.03
243.27,244.97,238.18,239.03,194.48,-46.00246002,236.2934854,238.16
239.03,240.46,236.99,238.16,43.19,-81.94308145,236.5806415,239.43
238.16,241.65,238.16,239.43,69.18,-74.3697479,237.0190043,236.21
239.43,242.12,233.67,236.21,111.08,-80.21806854,236.8945421,232.43
236.21,237.45,228.68,232.43,88.56,-76.97974217,236.2076895,230.65
232.43,232.64,226.32,230.65,468.96,-72.59493671,235.3526603,229.12
230.65,232.32,228.6,229.12,122.06,-82.27848101,234.3937895,229.08
229.12,232.2,226.91,229.08,65.86,-82.53164557,233.5762834,233.37
229.08,236,227.88,233.37,43.24,-36.65768194,233.5445475,232.83
233.37,235.5,231.92,232.83,62.93,-32.74793388,233.4346171,232.01
232.83,233.29,230,232.01,70.59,-43.89438944,233.2154453,230.17
232.01,232.01,230.17,230.17,1.97,-64.13641364,232.7469152,227.17
230.17,231.49,226.95,227.17,32.07,-97.56906077,231.8889283,228.6
227.17,233.86,223.1,228.6,155.16,-55.64516129,231.3829393,230.24
228.6,231.08,228.23,230.24,101.29,-33.64312268,231.2071025,231.78
230.24,235,229.71,231.78,41.49,-27.05882353,231.2952406,236
231.78,237.2,231.78,236,142.01,-8.510638298,232.0190497,233.49
236,236,233.46,233.49,52.56,-26.31205674,232.2453498,230.62
233.49,235,230.62,230.62,29.87,-73.35562988,231.9952959,239.42
230.62,239.97,230.62,239.42,120.69,-5.360623782,233.1375581,238.02
239.42,240,235,238.02,95.55,-21.108742,233.888703,236
238.02,238.02,235,236,40.02,-42.64392324,234.2135179,237.8
236,238,234.59,237.8,37.17,-23.45415778,234.7652844,236.98
237.8,239.86,236.46,236.98,71,-32.19616205,235.1060099,238.8
236.98,238.8,236.43,238.8,18.77,-22.18114603,235.6743161,238.97
238.8,239.95,237.6,238.97,12.85,-18.28358209,236.1813444,240
238.97,240.44,237.16,240,81.09,-7.521367521,236.7688298,244.53
240,248.39,239.45,244.53,90.91,-32.27424749,237.962856,243.69
244.53,247.2,234.55,243.69,131.5,-33.95953757,238.8439551,242.7
243.69,244.73,233,242.7,113,-36.97205978,239.4371928,244.76
242.7,244.87,241.95,244.76,86.38,-23.58674464,240.2560862,245.64
244.76,245.64,241.75,245.64,30.59,-17.86874594,241.0843806,245.11
245.7,247.12,245.06,245.11,43.18,-14.71830986,241.7037067,245.93
245.11,247.11,244,245.93,27.4,-8.42776204,242.3539057,249
245.93,249.51,244.01,249,106.55,-6.572164948,243.3763817,253.64
249,253.66,241,253.64,113.09,-0.157977883,244.9553999,253.73
253.64,255,251.86,253.73,103.35,-9.071428571,246.3053384,258
253.73,268.51,253,258,274.76,-38.20428935,248.1045171,268.54
258,271,258,268.54,94.7,-8.2,251.2484375,257
268.54,270,252,257,56.32,-46.66666667,252.1332933,264.06
257,265.73,251,264.06,32.4,-34.7,253.9681713,270
264.06,270,264,270,114.12,-5,256.4346064,266.59
270,270.74,264.57,266.59,208.93,-22.05,257.9969747,274.2
266.59,278,263.73,274.2,70.23,-14.07407407,260.4897478,276.16
274.2,279.31,270,276.16,100.13,-11.12681031,262.9005558,283.38
276.16,283.38,276.16,283.38,75.76,0,266.0512396,289.37
283.38,294.48,283.38,289.37,115.46,-16.61788618,269.6387412,285.21
289.37,289.37,280.64,285.21,64.43,-30.14634146,272.0343194,292.51
285.21,296.31,285.21,292.51,254.57,-14.4431775,275.1844241,290.16
292.51,305,290,290.16,141.9,-51.45631068,277.4883589,313.04
290.16,317.84,290.16,313.04,125.82,-12.90322581,282.9578421,325
313.04,333,311.77,325,330.76,-15.27883881,289.4258664,306.13
325,331,306.13,306.13,56.65,-56.22515171,291.9957331,307.44
306.13,320,304.69,307.44,54.31,-59.44186047,294.3717742,358.17
307.44,360,307.44,358.17,193.56,-2.620274914,304.1868859,398.01
358.17,418.97,307.23,398.01,386.28,-18.34091705,318.6212111,391.93
398.01,489.99,368.49,391.93,416.24,-52.91958985,329.8994863,380
391.93,438.72,341,380,193.96,-59.35779817,337.6072577,362.06
380,390,346.34,362.06,96.24,-69.99890567,341.369218,383.89
362.06,389.81,362.06,383.89,53.7,-58.05427884,347.9108768,357
383.89,385,352,357,76.41,-89.26102423,349.3092034,371.69
357,378.66,350,371.69,52.39,-68.59394187,352.7524029,337.83
371.69,379,327.93,337.83,123.53,-84.05026583,350.4566486,309.3
337.83,341,300,309.3,140.81,-89.6448057,344.1248565,330.95
309.3,341,301.56,330.95,178.07,-63.58823529,342.0979555,336.95
330.95,340.18,326.5,336.95,121.27,-53.2278481,341.3059624,329.74
336.95,339.47,326.03,329.74,51.79,-62.35443038,339.5265835,315
329.74,333.74,315,315,73.53,-63.41463415,335.753263,321.91
315,330,315,321.91,83.01,-48.40263692,333.6235302,330
321.91,336.89,321.91,330,86.16,-40.42891183,333.066064,326.5
330,334.75,326,326.5,60.88,-53.00367797,332.0559003,326.26
326.5,332.71,323.07,326.26,46.11,-48.56098675,331.1642234,317.21
326.26,326.26,310,317.21,78.94,-73.18705839,329.0174198,321.48
317.21,324.37,317.21,321.48,4.55,-57.30754927,327.8578167,322.85
321.48,325,319.03,322.85,36.68,-48.08080808,327.0873834,322.68
320,323.5,319,322.68,68.89,-44.16556583,326.4093244,320.42
322.68,325,316.01,320.42,344.3,-35.91635916,325.4878899,329.69
320.42,330,317.57,329.69,180.61,-2.215868477,326.1343684,356.2
329.69,370,329.69,356.2,133.6,-25.56028894,330.7598501,360.59
356.2,364,350.53,360.59,86.19,-17.42915355,335.349104,356.5
360.59,360.59,350.28,356.5,54.91,-25.00463049,338.603088,370.39
356.5,373.77,353.03,370.39,87.7,-6.014234875,343.4933821,378.5
370.39,380.68,370.39,378.5,79.73,-4.275348107,348.8790157,361.58
378.5,378.5,355,361.58,442.02,-62.82894737,350.8330132,362.02
361.58,362.41,349.2,362.02,220.97,-59.27573062,352.5540881,361.3
362.02,370,356.99,361.3,1152,-61.56289708,353.899613,364.93
361.3,365.08,357.48,364.93,50.81,-50.0317662,355.5965956,389.64
364.93,390.58,363.93,389.64,205.27,-2.271628806,360.8340425,392.39
389.64,404.21,386.01,392.39,167.32,-21.48700236,365.6888052,395.3
392.39,398,384.07,395.3,244.4,-18.86912325,370.2443736,400
395.3,400,388.52,400,230.13,-9.009201798,374.8221623,416.33
400,420,400,416.33,295.14,-6.545389691,381.2079835,417.3
416.33,420,410.01,417.3,231.12,-7.514611745,386.7606014,443.12
417.3,445,416,443.12,462.82,-3.08550796,395.4312781,431
443.12,464,407.14,431,239.52,-43.72019078,400.9033892,432
431,438,418.37,432,39.9,-50,405.6874831,440.19
432,445,426.21,440.19,300.24,-41.87478016,410.9955627,460.49
440.19,464,430.01,460.49,187.03,-6.17305663,418.6100915,453.65
460.49,464.98,441,453.65,185.26,-19.58852006,424.0008466,451.03
453.65,459.15,445,451.03,67.71,-29.92919974,428.1591779,464.97
451.03,467.69,451.03,464.97,92.7,-6.557377049,433.8223813,458.01
464.97,464.97,455,458.01,52.99,-25.69002123,437.5435534,441.22
458.01,460.49,436,441.22,166.61,-83.52792679,438.1091606,441.75
441.22,446.96,426.7,441.75,193.74,-63.28372774,438.6692897,437.69
441.75,444.25,434.29,437.69,40.92,-73.18858258,438.5186298,444.83
437.69,445.99,435.47,444.83,65.77,-52.62607787,439.4896098,452.71
444.83,458,443.99,452.71,60.26,-23.02456348,441.523516,457.84
452.71,457.95,451.12,457.84,4.07,-0.511182109,444.0337443,417.47
457.84,457.84,409,417.47,216.29,-82.71428571,439.9470144,426.04
417.47,429.72,409.41,426.04,26.46,-65.2244898,437.8074737,418.78
426.04,429.36,418.78,418.78,108.99,-80.04081633,434.8801701,430.95
418.78,432.5,418.78,430.95,148.55,-55.15832482,434.2755285,424.31
430.95,435,420,424.31,48.79,-68.65274365,432.7423703,431.31
424.31,431.31,416.61,431.31,80.65,-14.41969519,432.5220056,431.51
431.31,434.97,430.74,431.51,14.32,-18.97770527,432.3663125,433.07
431.51,434.99,430.32,433.07,25.38,-10.49483415,432.4745721,427.63
433.07,434.99,422.98,427.63,14.39,-40.07612833,431.7292533,431.08
427.63,433.96,426.56,431.08,51.5,-21.27312296,431.6293682,431.32
431.08,434.73,429,431.32,33.76,-30.55786844,431.5817731,429.99
431.32,431.33,427.58,429.99,20.05,-41.63197336,431.3368849,457.88
429.99,457.88,427.78,457.88,132.76,0,435.4204411,455.22
457.88,460,447.64,455.22,110.94,-14.29425837,438.4665271,451.38
455.22,459.87,450,451.38,84.78,-26.5885256,440.4532152,447.38
451.38,451.38,442.05,447.38,41.49,-38.92658853,441.5188744,450
447.38,454.53,443.81,450,106.93,-31.03662322,442.823663,449.81
450,452.23,445.03,449.81,151.13,-56.76880223,443.898484,433.98
449.81,455,427.17,433.98,191.65,-79.17431193,442.3725634,430
433.98,437.15,430,430,42.29,-89.8311175,440.4690921,374.41
430,430.91,372.66,374.41,590.29,-97.87466602,430.3061549,388.16
374.41,390.58,351.76,388.16,552.55,-64.74234793,423.822131,385
388.16,395,381.6,385,135.81,-67.80317706,417.8494955,390.1
385,391.82,376.58,390.1,246.35,-55.10012882,413.5803423,381.08
390.1,390.97,379.02,381.08,68.55,-62.95641188,408.5802897,419.46
381.08,425.13,375.93,419.46,792.43,-7.727954205,410.2540913,412.31
419.46,425.78,406.05,412.31,730.53,-27.02106319,410.5703849,382.82
412.31,412.31,375.52,382.82,510.72,-85.47552726,406.3010949,389.11
382.82,395,381.36,389.11,372.76,-72.96060485,403.6563111,400.68
389.11,406.71,385.81,400.68,609.63,-49.94031039,403.1984171,394.01
400.68,401.25,387.17,394.01,462.68,-63.21130123,401.7848145,395.95
394.01,406.7,390.45,395.95,719.82,-44.4686056,400.8871507,396
395.95,401.48,393.11,396,200.09,-42.24852071,400.1352814,379.27
396,398.03,376.97,379.27,316.78,-92.266308,396.9252381,379.92
379.27,385.63,365,379.92,606.53,-64.2206235,394.3090476,378
379.92,383.18,376.12,378,216.06,-68.82494005,391.7999634,369.84
378,381,369.82,369.84,199.96,-86.73245614,388.4215075,372
369.84,380,366.16,372,533.92,-78.80714502,385.8951217,373.71
372,376.68,372,373.71,362.3,-57.77993214,384.0204876,368
373.71,373.71,365.78,368,214.2,-87.24137931,381.5557972,392
368,392,368,392,369.21,0,383.1625976,387.22
392,392,382.48,387.22,492.86,-18.2303585,383.7868134,375.69
387.22,387.22,367.71,375.69,412.74,-62.2044241,382.5411498,372.82
375.69,381.23,371.55,372.82,185.05,-73.15026697,381.0455883,372
372.82,377.78,371.66,372,443.23,-82.33841087,379.6539593,378.48
372,381.4,371.26,378.48,733.23,-55.66076575,379.4733502,379.3
378.48,384.76,371.71,379.3,1257.01,-40.59456689,379.4466809,377.21
379.3,383.95,373.67,377.21,1274.38,-55.92592593,379.1025762,380.3
377.21,383.49,375.76,380.3,1037.16,-33.03703704,379.2867952,389.15
380.3,391.14,380.3,389.15,765.66,-10.01006036,380.8042113,403.25
389.15,404.26,386.82,403.25,653.35,-3.102918587,384.2574096,396
403.25,409.31,392,396,736.74,-37.34567901,386.063962,405.5
396,408.6,390.1,405.5,1021.74,-11.3561848,389.0541217,416.16
405.5,421.8,403.01,416.16,1183.09,-13.59036145,393.2242568,422
416.16,424.79,411.46,422,823.83,-7.347906242,397.6512942,417.05
422,422,413.13,417.05,446.29,-22.31190545,400.6357105,440.3
417.05,442,417.05,440.3,1124.57,-3.275529865,406.7379089,437.04
440.3,444,422.5,437.04,879.59,-16.97975116,411.399769,433.35
437.04,437.04,422,433.35,819.77,-32.72894899,414.7767277,420.99
433.35,437.15,414.29,420.99,1304.29,-74.53838678,415.7326157,423.2
420.99,427.1,408.14,423.2,770.74,-58.00334635,416.8814441,421.85
423.2,426,416.7,421.85,739.44,-61.76798661,417.6458373,427.2
421.85,427.2,417.65,427.2,447.57,-34.29851775,419.1157085,433.04
427.2,436,427.2,433.04,626.68,-14.16752844,421.2579072,430.14
433.04,434.98,421.07,430.14,177.5,-21.03374013,422.624383,435.92
430.14,442,429.29,435.92,544.69,-24.03162055,424.6698625,429.88
435.92,439.41,422.79,429.88,1697.67,-49.77412731,425.4714221,424.39
429.88,432.48,412,424.39,1264.09,-58.7,425.3050495,419.62
424.39,431.11,417,419.62,3882.56,-74.6,424.4304265,406.71
419.62,424.46,404.87,406.71,2392.2,-95.04443846,421.704207,394.52
406.71,408.99,388.4,394.52,4809.95,-88.00235248,417.5220213,403.86
394.52,410.06,387.27,403.86,1897.16,-63.30457863,415.4201719,413.75
403.86,414.12,397.4,413.75,1302.37,-39.59854015,415.1632224,410.29
413.75,414.36,407.5,410.29,1318.45,-38.10164023,414.4134959,410.55
410.29,414.74,406.45,410.55,1526.59,-15.25300328,413.8191119,415.81
410.55,429.7,409.42,415.81,2769.06,-32.73627151,414.1254024,419.92
415.81,423.65,415,419.92,1562.08,-30.27863777,415.0168789,407.22
419.92,420.59,406.15,407.22,4268.69,-95.45647558,413.8173591,408.87
407.22,413.62,406.65,408.87,1999.17,-88.45010616,413.0562269,415.42
408.87,416.5,407.74,415.42,3410.81,-60.63694268,413.4198843,415.59
415.42,417.04,412.17,415.59,1855.24,-46.05714286,413.7537483,416.78
415.59,419.04,412.87,416.78,1497,-26.38504155,414.2193255,420.75
416.78,422.69,416.78,420.75,1963.65,-12.09476309,415.2240446,409.43
420.75,421,405.03,409.43,3199.64,-75.08493771,414.3326531,410.09
409.43,411.44,405.53,410.09,1860.96,-71.34767837,413.6799373,412.14
410.09,414.82,409.39,412.14,806.37,-59.73952435,413.4430238,411.76
412.14,414.36,407.68,411.76,1327.09,-61.89127973,413.1840971,414.82
411.76,417.9,411.17,414.82,1669.12,-38.69755792,413.4357745,415.53
414.82,417.98,411.89,415.53,1267.5,-19.67871486,413.757963,415.96
415.53,417.78,413.12,415.96,1197.63,-19.61165049,414.0967379,416.11
415.96,419.76,413.61,416.11,920.85,-30.21523179,414.4064706,417.31
416.11,418.4,415.28,417.31,975.38,-28.52153667,414.8531674,424.97
417.31,430,415.9,424.97,1313.9,-27.7747101,416.4096032,423
424.97,426.39,421.13,423,1142.24,-41.46919431,417.4235104,415.71
423,428.11,405,415.71,1227.79,-57.16,417.1598934,413.38
415.71,416.7,409.12,413.38,1050.18,-66.48,416.5783713,417.56
413.38,419.99,412.42,417.56,2066.84,-49.76,416.7293911,417.9
417.56,419.04,415.5,417.9,633.93,-44.18000865,416.9094848,420.57
417.9,423.17,417.9,420.57,564.79,-32.62656859,417.472641,421.5
420.57,421.66,417.96,421.5,481.01,-11.886121,418.0922347,420.14
421.5,421.6,417.54,420.14,560.66,-28.18604651,418.4072755,423.39
420.14,424.97,419.5,423.39,998.65,-16.6842661,419.1738485,422.78
423.39,424.61,421.56,422.78,847.16,-29.47510094,419.728641,422.61
422.78,424.39,420.06,422.61,1096.07,-31.76312248,420.171927,418.31
422.61,425.96,418,418.31,861.04,-90.85510689,419.8854767,419.29
418.31,420.75,415,419.29,846.56,-60.85766423,419.7938649,420.95
419.29,422.92,416.96,420.95,1655.44,-45.71167883,419.9717319,422.58
420.95,424.5,420.23,422.58,1258.4,-30.83941606,420.3730039,427.08
422.58,430.36,422.58,427.08,1151.1,-21.35416667,421.4048494,423.54
427.08,427.71,422,423.54,1159.6,-44.40104167,421.7333341,424.52
423.54,425.77,422.39,424.52,532.25,-43.58208955,422.162052,429.25
424.52,431.02,424.52,429.25,632.81,-16.40407785,423.2525055,429.12
429.25,434.23,427.97,429.12,690.59,-41.78250204,424.155197,427.87
429.12,431.37,424.58,427.87,648.34,-52.00327065,424.7267051,428.02
427.87,429.8,426.28,428.02,1030.36,-52.44932432,425.2333659,436.92
428.02,438,426.8,436.92,1179.9,-8.011869436,427.0313096,441.77
436.92,444,434.27,441.77,1580.25,-11.48300721,429.2988004,451.01
441.77,451.34,440.11,451.01,930.69,-1.233183857,432.638985,446
451.01,451.01,442.7,446,641.31,-21.30885874,434.6945257,450.71
446,450.71,443.22,450.71,698.02,-2.567237164,437.1584449,460
450.71,460,445.4,460,1112.4,0,440.6725303,464
460,469.69,452.5,464,1447.44,-19.23597025,444.2613718,469.3
464,470,461.88,469.3,899.83,-2.564102564,448.1134684,448.35
469.3,469.3,445.48,448.35,1475.35,-80.84391337,448.1498579,450.86
448.35,451.48,435.43,450.86,1919.74,-55.36592421,448.5668028,456.22
450.86,457.22,447.39,456.22,953.38,-39.86115129,449.7442178,446.44
456.22,458.12,446.44,446.44,1176.69,-68.15157651,449.2358766,452.07
446.44,454.47,446.44,452.07,293.27,-50.87097727,449.6718956,444
452.07,453.58,440,444,1306.69,-62.23005729,448.7992963,451.92
444,452.52,442.52,451.92,1262.5,-34.21633554,449.2794045,448
451.92,451.92,444.86,448,729,-55.84988962,449.0825731,448.74
448,450,447.22,448.74,642.47,-39.5991707,449.0298695,460.7
448.74,462.37,447.17,460.7,1842.71,-7.465355387,450.8252742,459.1
460.7,462.34,457.92,459.1,277.86,-16.47355164,452.0983089,459.1
459.1,461.79,455.95,459.1,634.19,-18.67504283,453.1754922,461.75
459.1,464.99,455.99,461.75,1279.65,-18.18181818,454.4946472,452.13
461.75,463.49,450,452.13,1013.32,-72.1661055,454.1308553,453.97
452.13,455,450.99,453.97,1766.78,-73.51567712,454.1061084,454.95
453.97,455,449.39,454.95,869.91,-64.35897436,454.2359379,456.05
454.95,457.5,452.61,456.05,1274.72,-57.30769231,454.5150243,455.4
456.05,458.06,453.79,455.4,972.97,-57.37588652,454.6511744,457.65
455.4,459.79,454.14,457.65,274.15,-20.57692308,455.1125322,454.39
457.65,458,450.17,454.39,1237.42,-51.92307692,455.0013734,454.16
454.39,455,451,454.16,1000.13,-58.52390852,454.8719314,453.24
454.16,455.88,452.35,453.24,1429.97,-68.08731809,454.620865,432
453.24,453.85,431.88,432,1254.84,-99.57004658,451.1407319,439.65
432,442.63,427.06,439.65,1114.34,-59.30833872,449.372927,441
439.65,441,431.01,441,680.49,-51.63081194,448.0847844,437.89
441,442,433.34,437.89,2785.85,-62.42192922,446.516356,442.5
437.89,444.01,435.55,442.5,2887.46,-42.36655468,445.8984551,444.6
442.5,445.79,441.48,444.6,1284.15,-6.353443673,445.6986928,448.3
444.6,449.21,442.94,448.3,722.13,-5,446.0988939,452.41
448.3,452.45,445.19,452.41,915.01,-0.209314495,447.0698333,471.36
452.41,477,451.22,471.36,1764.3,-13.60675513,450.806782,523.99
471.36,545,450.55,523.99,5187.17,-20.29559505,462.0657386,518.98
523.99,549,470,518.98,2673.43,-28.30473317,470.8217788,531.43
518.98,540,518.98,531.43,916.05,-16.92515172,480.1461206,530
531.43,544.53,510.97,530,2715.14,-19.29913662,487.8159482,536.12
530,541.77,485.9,536.12,1996.79,-13.08278314,495.2473408,539.2
536.12,539.67,531.52,539.2,1793.27,-12.40506329,502.0092883,567.43
539.2,576.03,536.06,567.43,2726.68,-9.541772995,512.0740132,573.18
567.43,588.71,562,573.18,2453.02,-15.10553448,521.4749342,574.11
573.18,583.67,568.07,574.11,1186.64,-14.20095321,529.5726367,583
574.11,586.3,573.35,583,1014.48,-9.984262983,537.792231,577.38
583,589.91,565.38,577.38,3420.29,-23.26833798,543.882657,581.98
577.38,582.13,571.71,581.98,1370.72,-28.41275528,549.7437867,575.01
581.98,581.98,571.6,575.01,1374.98,-60.74194863,553.6308964,579.26
575.01,581.8,573,579.26,1378.66,-43.41622503,557.5738355,595.99
579.26,595.99,579,595.99,1276.7,0,563.4840146,665.8
595.99,683.06,595.99,665.8,5399.75,-15.48537592,579.2249354,703.27
665.8,717.79,659,703.27,4015.14,-9.93227991,598.3087915,687.34
703.27,703.95,647.26,687.34,4406.38,-21.0304579,612.0059005,692.07
687.34,697.59,671.58,692.07,1900.47,-18.5315945,624.3234543,767.05
692.07,776.71,692.07,767.05,5696.94,-5.345285525,646.2813844,747.08
767.05,776,702,747.08,5794.92,-22.88914639,661.7888637,761.02
747.08,781.15,728.87,761.02,6019.57,-15.03473,677.0551924,765.87
761.02,769.99,745.03,765.87,2487.23,-13.94542302,690.7190089,737
765.87,768.83,725.02,737,3884.15,-49.56219129,697.8391614,673.41
737,738.36,630.2,673.41,8315.46,-71.37462736,694.0808289,594.46
673.41,679.85,590,594.46,6714.94,-97.66675386,678.7545475,623.54
594.46,635,551.49,623.54,5206.35,-67.02517162,670.2600017,669.26
623.54,762.24,618.51,669.26,5940.81,-45.81301187,670.1061553,674.15
669.26,703.34,641.41,674.15,2243.09,-41.79833926,670.7282853,633.04
674.15,680.91,615.26,633.04,1350.42,-61.30486358,664.9300875,648.49
633.04,664.08,627,648.49,1230.6,-53.97390273,662.4008433,647.01
648.49,664.86,640,647.01,2494.16,-78.39842155,660.0330213,639.5
647.01,650.53,615.85,639.5,2053.6,-72.47956403,656.8740949,669.7
639.5,675,635,669.7,1688.09,-17.07539985,658.8473111,677.74
669.7,691.2,665.85,677.74,2111.15,-17.86330458,661.7538786,700
677.74,703.94,674,700,1228.66,-4.472698377,667.6378973,664.82
700,703.96,644.65,664.82,1540.96,-44.42174555,667.2043746,679.26
664.82,684.73,645,679.26,1654.77,-35.81786543,669.0590862,666.5
679.26,683.11,659.57,666.5,970.34,-63.15966953,668.6653806,677.59
666.5,681.23,665.85,677.59,906.68,-44.46130501,670.038399,640
677.59,681.99,610.7,640,2909.92,-68.58245765,665.4171069,670
640,670.07,634.04,670,1772.69,-19.89733892,666.1221673,657.95
670,671.93,622,657.95,1923.47,-34.74658196,664.8649108,651.2
657.95,657.95,642.42,651.2,495.79,-43.18978819,662.7626169,652.98
651.2,663.32,645.32,652.98,815.62,-40.69294431,661.2575989,674.21
652.98,675.98,647.14,674.21,974.64,-3.278992219,663.250276,662.88
674.21,674.21,657.96,662.88,928.63,-24.2682475,663.1933104,662.78
662.88,665.92,650,662.78,1157.1,-39.33253874,663.1297242,663.87
662.78,669,660,663.87,1157.88,-39.49771689,663.2436128,665
663.87,669.1,661,665,432.23,-38.07212205,663.5138262,677.88
665,685,661.52,677.88,927.5,-20.34285714,665.7240068,675.28
677.88,686,667.58,675.28,1296.12,-29.77777778,667.1941596,673.51
675.28,676.55,666.02,673.51,991.27,-48.03846154,668.1658274,667
673.51,676.15,660,667,1552.88,-73.07692308,667.9864693,664.5
667,669.46,658.89,664.5,554.76,-79.30652896,667.4500894,648.97
664.5,668.97,644.54,648.97,1532.52,-89.31500241,664.6069987,657.71
648.97,660,645.94,657.71,715.12,-58.85660731,663.545922,662.9
657.71,668.44,651.98,662.9,873.13,-41.91711484,663.4465494,654.28
662.9,664.68,652.01,654.28,847.7,-60.91492777,662.036311,655.03
654.28,659.1,642.5,655.03,1130.07,-52.66339252,660.958417,654.03
655.03,663.94,648,654.03,1755.59,-55.55127217,659.8925067,653.87
654.03,661.1,651.7,653.87,889.65,-56.16808019,658.9659672,653
653.87,659.57,651.7,653,1002.86,-52.6600541,658.0481261,654.93
653,658.18,651.9,654.93,453.11,-42.02425373,657.5684144,623.68
654.93,656.67,623.68,623.68,1301.11,-100,652.3548122,605
623.68,627.05,601.01,605,2577.04,-93.35996006,645.0694565,506
605,611.44,479,506,7142.29,-85.04735006,623.6741555,564.94
506,572,502.75,564.94,5302.46,-52.03705771,614.6381315,582.92
564.94,589,564.94,582.92,2819.75,-41.50954016,609.758419,575.65
582.92,584.41,567.41,575.65,1017.31,-34.71800068,604.5109699,591.6
575.65,598,569.88,591.6,1036.92,-14.98036847,602.5246669,593
591.6,607.51,570.11,593,1356.87,-13.85070638,601.0593335,590.31
593,597.35,585,590.31,915.87,-40.4040404,599.4055899,586.3
590.31,593.37,583.2,586.3,1082.41,-52.89276808,597.3893453,588.95
586.3,603.14,582,588.95,1855.27,-49.32234919,596.0909845,588.23
588.95,599.98,588,588.23,1600.83,-51.55080214,594.8816022,588.36
588.23,592.19,582.51,588.36,945.09,-69.91485336,593.8782788,585.1
588.36,590.79,583.31,585.1,449.04,-85.3358562,592.5277744,569.67
585.1,585.51,561.4,569.67,1081.67,-80.18687111,589.0111937,570.74
569.67,575,561.48,570.74,795.16,-75.79056506,586.2002408,581
570.74,587.8,565.34,581,1200.53,-36.3429685,585.4002038,574.43
581,581.06,569.54,574.43,751.15,-55.66519224,583.7124801,572
574.43,579.36,570.81,572,616.91,-59.84848485,581.9105601,572.95
572,577.99,572,572.95,601.61,-56.42097264,580.5320124,580
572.95,584,572.03,580,469.89,-34.72840606,580.4501643,580.53
580,586.12,577.52,580.53,393.36,-33.71531966,580.4624467,586
580.53,592.13,579.85,586,794.09,-28.75234522,581.314378,584.9
586,588.99,580.1,584.9,764,-35.91654247,581.8660122,580.47
584.9,587.71,579.36,580.47,524.66,-58.00995025,581.6512411,576.85
580.47,582.25,569.89,576.85,1358.06,-68.70503597,580.9125886,579.36
576.85,580.51,572.99,579.36,349.58,-57.41906475,580.6737288,569.02
579.36,579.71,564.27,569.02,612.63,-80.78478964,578.8808475,574.73
569.02,580.97,567.06,574.73,561.73,-55.37542662,578.2422555,574.69
574.73,582.01,570.47,574.69,898.12,-42.04671858,577.6957547,579.21
574.69,581.7,573.42,579.21,717.82,-15.78354002,577.9287155,573.36
579.21,579.21,569.42,573.36,454.42,-48.75986471,577.2258362,571.1
573.36,575,568.24,571.1,1002.1,-72.97658863,576.2833999,577
571.1,577,565.56,577,1091.61,-30.45592705,576.393646,599.97
577,605.33,572.13,599.97,1286.89,-13.4774956,580.0207774,608.91
599.97,616.68,598.3,608.91,963.41,-15.19953052,584.4652732,610.02
608.91,612.3,602,610.02,730.44,-13.02816901,588.3967696,613.35
610.02,614,605,613.35,481.48,-6.514084507,592.2357281,615.71
613.35,617.38,606.35,615.71,973.59,-3.690607735,595.8471546,629.6
615.71,635.62,615,629.6,990.93,-16.13076099,601.0399,625.26
629.6,631.12,621.25,625.26,603.62,-30.81499108,604.7660693,625.26
625.26,629.24,622.77,625.26,434.38,-33.83409536,607.9189817,611.33
625.26,634.77,595.16,611.33,806.13,-60.03460208,608.4437537,611.1
611.33,613.54,607.15,611.1,504.68,-60.60306476,608.852407,615.16
611.1,617,607.76,615.16,735.51,-49.50770008,609.8228059,612.24
615.16,616.85,610.75,612.24,651.11,-56.87957586,610.1946819,612.92
612.24,615.8,609.05,612.92,522.92,-55.16283767,610.6139616,610
612.92,613,606.67,610,455.79,-67.76379477,610.519506,606.59
610,610.08,604.58,606.59,330.61,-83.81642512,609.9149666,612.02
606.59,614.51,606.59,612.02,323.12,-39.36430318,610.2388179,610.99
612.02,614.59,605.06,610.99,586.68,-42.86987522,610.3543844,610.01
610.99,612,605.56,610.01,777.46,-45.75424575,610.3014022,599
610.01,610.98,592,599,1117.73,-69.01283754,608.5627249,598.35
599,600.76,595.37,598.35,483.58,-71.89021691,606.9915365,604.17
598.35,604.56,595.05,604.17,519.05,-46.12660469,606.5574539,604
604.17,607.63,601.5,604,310,-40,606.1639995,601.03
604,604,598,601.03,453.02,-52.42360379,605.3741534,608.04
601.03,608.57,599,608.04,764.48,-3.920118343,605.7842837,606.52
608.04,609.11,600.69,606.52,721.26,-18.42105263,605.8974708,604.99
606.52,607.59,601.85,604.99,415.79,-37.08370837,605.7578599,605.5
604.99,609.3,604.25,605.5,496.8,-33.62831858,605.7181891,611.28
605.5,612.5,604.03,611.28,535.28,-9.037037037,606.5738523,614.27
611.28,617.3,610.4,614.27,450.35,-18.24202288,607.7578751,610
614.27,615.98,607.15,610,323.24,-47.24919094,608.1028174,612.25
610,613.66,609.02,612.25,592.68,-38.05576488,608.7408455,612
612.25,613.6,608,612,435.17,-39.93971364,609.2422539,612.51
612,616.09,608.94,612.51,828.39,-47.19211823,609.744984,614.91
612.51,615.97,611.26,614.91,385.16,-13.19910515,610.5396019,617.98
614.91,623,611.34,617.98,1667.51,-33.46666667,611.6842785,620.79
617.98,623.1,616.15,620.79,528.82,-15.29801325,613.0851587,616.52
620.79,620.79,615.01,616.52,362.01,-46.46892655,613.6135959,618.12
616.52,619.9,614.83,618.12,724.84,-42.06081081,614.3068888,644.23
618.12,645.42,616.32,644.23,1468.11,-3.491784038,618.9104444,637.46
644.23,645,633.28,637.46,767.33,-26.02157568,621.7642222,630.15
637.46,639.98,630.15,630.15,763.62,-49.91827395,623.0543418,640.61
630.15,643,630.15,640.61,939.07,-15.72409284,625.7552123,640.75
640.61,647,636.4,640.75,539.61,-20.37157757,628.0621027,643.25
640.75,645.06,638.75,643.25,183.94,-22.25519288,630.3987023,640
643.25,643.55,637.8,640,618.75,-41.54302671,631.875825,636.97
640,641.1,634.1,636.97,606.01,-59.52522255,632.6595443,631.5
636.97,639.64,623.73,631.5,1047.9,-66.60936829,632.4811528,632.84
631.5,633.42,627.01,632.84,453.28,-57.29020159,632.5363601,633.4
632.84,638,630.02,633.4,717.39,-51.21089808,632.6692278,663.73
633.4,669.86,627,663.73,1495.79,-13.28853241,637.4478081,653.93
663.73,669,652.79,653.93,770.33,-34.53284197,639.9835299,652.63
653.93,657.88,645.81,652.63,1384.76,-40.20065329,641.9291407,651.99
652.63,664,651.99,651.99,1611.78,-41.69388707,643.4769652,675.13
651.99,679,651.99,675.13,1619.77,-7.442307692,648.3466629,681.97
675.13,687.84,674.63,681.97,1501.28,-13.96621461,653.519484,690
681.97,691.78,681.97,690,1231.3,-3.872090494,659.1318711,717.87
690,722.01,687.93,717.87,1651.6,-5.912596401,668.1685063,698.7
717.87,717.88,688,698.7,1734.56,-33.29048843,672.8656592,700.8
698.7,708.9,685.7,700.8,996.14,-44.76572393,677.1632501,733.75
700.8,739.49,697.91,733.75,2354.66,-9.979137691,685.8689039,737.5
733.75,739,722.89,737.5,1847.17,-3.699572411,693.8121494,691.13
737.5,750.5,673.41,691.13,4099.75,-77.01387988,693.3995111,707.41
691.13,710,682.31,707.41,2007.08,-55.89570632,695.5549709,706.48
707.41,714.47,698.48,706.48,663.19,-57.10208847,697.2357446,715.5
706.48,721.46,702.88,715.5,625.78,-45.40147879,700.0456301,708.86
715.5,715.5,700.16,708.86,900.21,-54.01478791,701.401687,712.71
708.86,718.3,704.14,712.71,987.5,-22.34993614,703.1414274,722.4
712.71,745.49,708.68,722.4,2750.68,-49.1172091,706.1042848,713.5
722.4,724.7,706,713.5,1219.55,-70.57136554,707.2420871,715.25
713.5,718.99,712,715.25,746.9,-66.71078756,708.4740737,704.46
715.25,719.1,701.35,704.46,713.45,-92.95423652,707.8565239,702.78
704.46,706.79,685.33,702.78,1087.75,-70.99401596,707.0755202,705.82
702.78,709,697.79,705.82,785.16,-47.95529591,706.8823633,711.3
705.82,717,704.83,711.3,818.88,-23.09742375,707.5619997,742.75
711.3,744.8,709,742.75,2462.28,-3.447116193,712.9755382,739
742.75,760.81,733.3,739,3435.49,-28.89507154,716.9793016,750.55
739,754,733.01,750.55,1742.41,-16.28054586,722.1440244,752
750.55,763.11,735,752,1445.44,-19.06314345,726.7372514,730.98
752,757,713,730.98,1420.69,-59.37904269,727.389982,737.69
730.98,741,728.33,737.69,550.29,-50.72839753,728.9746001,748.01
737.69,752.61,733.83,748.01,1803.67,-30.13370585,731.9031232,740.34
748.01,750,731.06,740.34,1287.25,-45.44003193,733.2011042,738.61
740.34,745.11,730,738.61,867.25,-41.79545455,734.033242,740.92
738.61,743,730.35,740.92,979.35,-48.14662273,735.0927433,734.78
740.92,743.3,726,734.78,684.93,-67.00488538,735.0446289,728.3
734.78,739,727.2,728.3,616.82,-90.41666667,734.0069937,735.78
728.3,736.07,728,735.78,837.69,-48.82260597,734.2797639,732.2
735.78,735.78,728.5,732.2,1064.68,-64.16184971,733.9598002,742.72
732.2,743.56,731.02,742.72,1163.42,-4.783599089,735.3075233,754
742.72,754.5,740.89,754,1290.26,-1.831501832,738.1832889,773.87
754,781.98,752.42,773.87,2429.07,-15.02408299,743.6735522,765.28
773.87,774.58,757.12,765.28,712.88,-31.22662678,746.9976211,769.6
765.28,772.57,762.43,769.6,542.78,-24.29356358,750.4749101,754.47
769.6,771.6,745.93,754.47,1667.32,-66.95059625,751.0895393,757.86
754.47,760.03,748.09,757.86,1232.12,-66.90707351,752.1311487,767.12
757.86,770,753.78,767.12,816.03,-26.03839442,754.4371258,770.71
767.12,779.5,762,770.71,765.67,-26.18409294,756.9406449,772.42
770.71,775,767,772.42,849.54,-21.09025916,759.3220842,775
772.42,778.56,771.24,775,693.55,-14.32664756,761.7340712,768.05
775,775.42,762.02,768.05,618.55,-44.51788491,762.7057526,778.37
768.05,783.26,768.05,778.37,1025,-23.00094073,765.1156368,780.5
778.37,789,770,780.5,1074.56,-31.50481838,767.4824619,777.52
780.5,783.09,774,777.52,908.92,-42.55003706,769.0266985,778.1
777.52,781.5,776.53,778.1,736.26,-40.40029652,770.4225911,785.33
778.1,785.75,776,785.33,1094.3,-17.51789976,772.7160386,792.47
785.33,795,785.33,792.47,610.61,-10.12,775.7551096,792.69
792.47,794.44,786.5,792.69,339.1,-11,778.3604773,791.18
792.69,794.44,789.19,791.18,680.79,-20.10526316,780.3327116,803.42
791.18,806.1,790,803.42,1163.66,-8.903654485,783.8846021,827.86
803.42,830,796.47,827.86,1872.1,-4.790687262,790.6500479,860.1
827.86,877.99,826.02,860.1,2597.1,-19.55404962,801.334656,920
860.1,922.93,859.01,920,4040.55,-2.190818005,819.5908627,894.93
920,923.87,884.33,894.93,1641.66,-21.6179876,831.1814992,899.98
894.93,900.34,853.37,899.98,1661.59,-18.75196232,841.765884,904.88
899.98,917.53,888.96,904.88,1835.09,-19.407256,851.475748,929.16
904.88,939,900,929.16,1760.31,-11.49129978,863.4271714,978.74
929.16,979.99,929.03,978.74,3197.6,-0.987205813,881.1676065,977.01
978.74,982,950,977.01,2612.43,-3.879343854,895.9125901,960.7
977.01,977.01,920.02,960.7,2202.46,-22.89337919,905.879884,968.21
960.7,971.73,940.01,968.21,791.88,-16.81707317,915.4691326,998.07
968.21,1010,961.37,998.07,1457.01,-13.25850189,928.1769583,1020
998.07,1034.93,996.07,1020,2297.35,-12.99277696,942.3035801,1037.99
1020,1039.84,1010,1037.99,1655.8,-1.543982641,957.0245678,1139.52
1037.99,1150,997.23,1139.52,5422.72,-4.990713844,985.1007881,996.4
1139.52,1156.9,879.01,996.4,8491.62,-57.75666631,986.8391284,896.37
996.4,1059.2,868.38,896.37,5800.95,-90.29876612,972.920801,899.43
896.37,909,815.01,899.43,4967.69,-75.30784755,961.6145239,911.5
899.43,940,890,911.5,2054.51,-71.77747229,953.9045972,909.99
911.5,917.74,878,909.99,1317.51,-72.21913481,947.1485053,911
909.99,916.69,898.1,911,1201.29,-60.69044596,941.5871968,793.99
911,924.59,765.43,793.99,9743.46,-83.63980065,918.8799357,816.02
793.99,838,756,816.02,4110.61,-67.38043478,903.0553302,835.01
816.02,839,776.81,835.01,3153.2,-53.13482413,892.5868179,821.15
835.01,846.95,811,821.15,1652,-61.35595231,881.5965382,824.53
821.15,833,811.93,824.53,1197.24,-59.35108844,872.8170708,832.91
824.53,840.6,822.15,832.91,1329.08,-15.43705333,866.6775214,909.17
832.91,920,830,909.17,4530.69,-7.563377331,873.2148258,883.69
909.17,917,852.11,883.69,3303.69,-33.31192661,874.8263911,900.9
883.69,909,880.02,900.9,2401.27,-17.67372999,878.8377155,896.21
900.9,907.1,885,896.21,1719,-24.31272356,881.5103747,924.93
896.21,928.08,896.08,924.93,2079.01,-3.211663948,888.190317,919.68
924.93,939.91,888,919.68,1982.22,-23.04100228,893.0348837,924.99
919.68,929.92,912.62,924.99,1161.72,-24.91233929,897.9510554,890.9
924.99,930,886,890.9,3402.04,-89.25514478,896.8662776,895
890.9,903.33,882.58,895,1392.55,-78.33594976,896.579158,916.53
895,921.78,894.99,916.53,1065.83,-40.78144078,899.6485183,921.45
916.53,925,910,921.45,1551.87,-18.03036693,903.0025924,920.25
921.45,923.63,917.01,920.25,724.99,-20.56094475,905.6560397,918.11
920.25,923.76,915.7,918.11,601.2,-16.24233852,907.5720336,922.73
918.11,925,915,922.73,1230.51,-7.564145285,909.9040285,973.84
922.73,974.97,919,973.84,3314.31,-1.739264276,919.7403318,985.11
973.84,989,964.99,985.11,2361.7,-5.256756757,929.7972038,1007
985.11,1013.99,975.98,1007,2555.86,-7.061319325,941.6745571,1015
1007,1037.52,981.76,1015,3204.23,-18.38067254,952.9553944,1035
1015,1046.5,1001.8,1035,1851.51,-9.019607843,965.5776414,1017.84
1035,1036,1005.4,1017.84,1161.56,-35.1613299,973.6180043,1027.02
1017.84,1029.91,1013.75,1027.02,796.6,-27.62336926,981.8336959,1053.16
1027.02,1055,1023.82,1053.16,1965.14,-2.512288367,992.8069735,1060.6
1053.16,1069.91,1025.4,1060.6,2884.59,-13.66906475,1003.23667,983.86
1060.6,1079.91,940.01,983.86,6699.92,-68.65618299,1000.255644,1002.99
983.86,1010,948.21,1002.99,2840.15,-54.98213009,1000.676314,1010.2
1002.99,1018.49,993,1010.2,1292.05,-49.82844889,1002.141496,1001.1
1010.2,1013.7,999,1001.1,826.21,-56.33309507,1001.981266,998.8
1001.1,1010,982.01,998.8,1294.66,-57.97712652,1001.491841,1014.97
998.8,1025,992.09,1014.97,1855.4,-13.06159656,1003.565404,1015.75
1014.97,1020,1001.3,1015.75,1211.24,-21.51663177,1005.439957,1039.87
1015.75,1047.43,1015.75,1039.87,1918.3,-11.55609905,1010.736887,1052.07
1039.87,1063.92,1036,1052.07,2165.2,-14.46709803,1017.095827,1058.91
1052.07,1069.79,1051,1058.91,1467.39,-14.002574,1023.528777,1055.61
1058.91,1063,1042.95,1055.61,520.15,-20.70375237,1028.46435,1088.68
1055.61,1093.33,1045.47,1088.68,1440.67,-5.993812838,1037.728296,1128.46
1088.68,1132.74,1080,1128.46,2575.04,-4.424229895,1051.68702,1125.67
1128.46,1140,1102.56,1125.67,2192.87,-14.76558475,1063.069017,1182
1125.67,1193.43,1122.09,1182,3010.37,-7.59569378,1081.366091,1185
1182,1214.97,1056.66,1185,4998.65,-17.68141593,1097.309769,1146.83
1185,1185,1120.4,1146.83,2223.09,-43.04213252,1104.928266,1167
1146.83,1184.44,1130,1167,1722.75,-30.30130756,1114.477764,1190.21
1167,1196.99,1161.98,1190.21,1837.69,-15.64019961,1126.128877,1180
1190.21,1208.5,1175.81,1180,2027.03,-22.08957109,1134.416742,1225
1180,1230,1177.18,1225,2248.94,-4.562043796,1148.352628,1254
1225,1282.39,1212.42,1254,2886.48,-18.62983135,1164.60607,1277
1254,1288,1235.28,1277,2729.15,-8.728773211,1181.897444,1261.27
1277,1280.23,1232.5,1261.27,1414.87,-23.82565291,1194.108606,1267.98
1261.27,1277.72,1237.78,1267.98,1199.65,-18.06533117,1205.473436,1275
1267.98,1279.91,1257.38,1275,1003.89,-17.20031754,1216.16983,1224.92
1275,1279.9,1158.45,1224.92,4081.78,-48.69162486,1217.51601,1143.39
1224.92,1238.11,1131.34,1143.39,3161.96,-91.90677682,1206.112009,1187.19
1143.39,1205.4,1105,1187.19,2289.18,-53.01011949,1203.200931,1111
1187.19,1310.98,968,1111,8293.93,-58.3066068,1189.016172,1174.97
1111,1191.09,1105,1174.97,3740.32,-39.65537349,1186.855222,1224.37
1174.97,1231.94,1138,1224.37,1955,-25.25220129,1192.626727,1230
1224.37,1241.06,1180,1230,4085.31,-23.61070616,1198.376461,1243.99
1230,1259.72,1218,1243.99,2522.93,-19.53175112,1205.393929,1252.92
1243.99,1259,1238.5,1252.92,2407.06,-4.395036194,1212.705632,1165.1
1252.92,1255.92,1025,1165.1,6820.64,-40.31186094,1205.381689,1021.16
1165.1,1165.1,983.9,1021.16,8377.84,-86.49118991,1177.03989,954.99
1021.16,1080,923.6,954.99,6805.58,-90.66107343,1142.878369,1017.94
954.99,1040,943.9,1017.94,4297.88,-71.87239117,1123.657081,1030
1017.94,1040,902,1030,3223.25,-63.83363472,1109.248299,1110.37
1030,1115,1030,1110.37,3491.84,-20.80197643,1109.420869,1032.01
1110.37,1113,975.63,1032.01,3833.96,-38.96244131,1097.511504,1024.03
1032.01,1052.63,1006.4,1024.03,2442.73,-42.70892019,1086.206658,921.3
1024.03,1033,911.23,921.3,4796.6,-90.93896714,1060.836403,951.08
921.3,960,881.89,951.08,4831.51,-70.31873365,1043.950802,961.88
951.08,994.57,923.01,961.88,2850.31,-65.38877591,1031.324525,1039.85
961.88,1044.44,948.32,1039.85,3333.18,-7.485065011,1032.636136,1043.28
1039.85,1067.8,1016.13,1043.28,4577.26,-13.18917756,1034.273654,1043.43
1043.28,1060.06,1006.9,1043.43,3859.62,-13.10849336,1035.682323,1040
1043.43,1057.51,1022.79,1040,3219.29,-19.20022101,1036.346581,1079.78
1040,1088.96,1040,1079.78,3655.38,-6.527303754,1043.028645,1091.73
1079.78,1108.22,1070,1091.73,2543.25,-16.27516779,1050.521161,1107.46
