"open","high","low","close","volume","ema12","ema26","next1"
739.73,759.11,737.15,753.99,10.13,731.080095,782.8778127,799.04
753.99,817.56,750,799.04,18.64,741.535465,784.0750118,808.52
799.04,819.9,771.18,808.52,76.87,751.8407781,785.8857517,827.65
808.52,840,783.02,827.65,33.23,763.5037353,788.9793997,913.93
827.65,980,827.41,913.93,54.92,786.6462375,798.2349997,936.27
898.73,1019,886.44,936.27,75.02,809.6652779,808.4598146,837.02
936.27,945,810,837.02,49.39,813.8736967,810.5753838,824.98
837.02,899.84,788,824.98,19.31,815.5823587,811.6423924,850.29
824.98,870,807.42,850.29,8,820.9219959,814.5051782,857.33
850.29,857.34,817,857.33,8.19,826.5232273,817.6773872,899.84
857.33,918.05,857.17,899.84,18.75,837.8027308,823.7635067,860
899.84,900.94,833,860,25.43,841.2176953,826.4476914,850
860,860,815,850,25.81,842.5688191,828.1923068,831
850,877.29,805,831,31.72,840.7890008,828.4002841,850
831,864,828,850,6.71,842.2060776,830.0002631,826.97
850,865,824,826.97,27.71,839.8620656,829.7757991,804.35
826.97,835.06,788,804.35,26.35,834.3986709,827.8924066,819.51
804.35,844.14,804,819.51,18.78,832.1081062,827.2714876,835
819.51,848.9,819.51,835,11.94,832.5530129,827.84397,843.77
835,855,830.1,843.77,4.45,834.2787032,829.0236759,829.01
843.77,845.99,820.1,829.01,6.9,833.4681335,829.0226629,830.89
829.01,834.53,821,830.89,1.71,833.0714976,829.1609842,830.89
830.89,830.89,821,830.89,11.58,832.7358826,829.2890594,794.93
830.89,836.35,783,794.93,24.52,826.9195929,826.7439439,812.02
794.93,830,794.93,812.02,9.93,824.6273479,825.6532814,826.72
812.02,840,812.02,826.72,6.57,824.9492944,825.7322976,790
826.72,840,790,790,23.97,819.5724798,823.0854607,815.99
790,830,775,815.99,27.48,819.0213291,822.559871,795
815.99,826.23,795,795,18.92,815.32574,820.5183991,808
795,815.23,787.01,808,27.02,814.1987031,819.5911103,812.19
808,812.63,801,812.19,12.87,813.8896718,819.0428799,825
812.19,835,803.41,825,6.47,815.5989531,819.484148,814.86
825,835,814.86,814.86,7.25,815.485268,819.1416186,819.78
814.86,819.8,803.65,819.78,7.27,816.145996,819.1889061,802.4
819.78,819.78,799.58,802.4,11.43,814.0312274,817.9452834,802.69
802.4,815.9,802.4,802.69,10.42,812.2864232,816.8152624,767.61
802.69,803.73,767.61,767.61,39.76,805.4131273,813.1704282,723
767.61,775.21,666.35,723,63.49,792.7341846,806.4911372,693.65
723,730,682.61,693.65,30.6,777.4904639,798.1325344,696.49
693.65,756.1,680.01,696.49,36.77,765.0288541,790.6034578,690.2
696.49,748,550,690.2,31.78,753.5167227,783.1661646,672.6
690.2,720,660,672.6,32.13,741.0679961,774.9760784,670.67
672.6,714.56,651.31,670.67,18.85,730.2375352,767.2497022,623.95
670.67,680,595.63,623.95,44.68,713.8856067,756.6349094,670.34
623.95,710,586.43,670.34,42.45,707.1862826,750.2426939,656.28
670.34,682.78,646.88,656.28,11.81,699.3545468,743.2824944,635.79
656.28,668.82,600,635.79,18.52,689.5753858,735.3200874,638.1
635.79,679.06,593.68,638.1,39.7,681.6560956,728.1185994,636.52
638.1,652.51,623,636.52,20.84,674.7120809,721.333518,630.16
636.52,640,602.91,630.16,13,667.8579146,714.5799241,575.72
630.16,641.36,565.57,575.72,49.97,653.6828508,704.2940038,572.27
575.72,597.05,547.72,572.27,28.37,641.1577969,694.5144479,605.43
572.27,620.9,567.55,605.43,13.24,635.6612127,687.9155999,616.88
605.43,650.28,600.91,616.88,21.05,632.7717954,682.6537036,572
616.88,616.9,540.64,572,29.7,623.4222884,674.457133,522.84
572,572,450,522.84,60.12,607.9480902,663.2262343,593.14
522.84,650,522.84,593.14,105.88,605.6699225,658.0346614,596.49
593.14,629.9,580.5,596.49,45.84,604.2576267,653.4757975,573.94
596.49,599,570,573.94,29.32,599.5933764,647.584257,575
573.94,605,550,575,8.04,595.8097801,642.2076454,578
575,588.08,572.41,578,2.16,593.0698139,637.4515235,669.75
578,700,578,669.75,67.58,604.8667656,639.8440032,680.6
669.75,720,661.48,680.6,27.98,616.5180324,642.8629659,680.99
680.6,690.17,660.01,680.99,5.23,626.4367967,645.6871907,665.66
680.99,693,660.1,665.66,4.39,632.4711357,647.166658,641.48
665.66,680.46,628.73,641.48,13.85,633.8571148,646.7454241,636.01
641.48,667.99,623,636.01,4.22,634.1883279,645.9502075,641.57
636.01,658,629.05,641.57,1.82,635.3239698,645.6257477,642.08
641.57,684.5,630,642.08,6.5,636.363359,645.3630997,641.82
642.08,665.93,560,641.82,18.36,637.2028423,645.1006479,651.08
641.82,660,550.28,651.08,7.9,639.3377896,645.5435629,653.4
651.08,657.99,620,653.4,4.78,641.5012066,646.1255212,631.24
653.4,654.91,550,631.24,24.79,639.9225594,645.02289,646
631.24,646,618.29,646,3.2,640.8575503,645.0952685,651.95
646,652,639,651.95,7.62,642.564081,645.6030264,637.73
651.95,651.95,616,637.73,1.91,641.8203762,645.0198392,619.78
637.73,637.73,610.01,619.78,9.05,638.4295491,643.1502215,620
619.78,633.66,612.22,620,4.86,635.5942339,641.4353903,590
620,625.02,590,590,8.49,628.5797364,637.6253614,590
590,615.23,580,590,16.27,622.6443923,634.0975568,572.3
590,596,554.05,572.3,11.84,614.8991012,629.51996,574.22
572.3,596,566.36,574.22,1.31,608.6407779,625.4236667,585.4
574.22,592.54,554.5,585.4,5.69,605.0652736,622.4589506,579.02
585.4,591.15,579,579.02,5.73,601.0583084,619.2412506,585.09
579.02,641.14,579,585.09,13.33,598.6016456,616.7115283,502.78
585.09,599.27,502.78,502.78,34.78,583.859854,608.2721559,516.48
502.78,553,500,516.48,44.09,573.4937226,601.4727369,514.99
516.48,518,505,514.99,6.11,564.4931499,595.0666083,467.1
514.99,514.99,436.07,467.1,33.23,549.5095884,585.5876002,462.39
467.1,530,443.35,462.39,17.6,536.1065748,576.4618521,490.73
462.39,503.23,462.39,490.73,17.55,529.1255633,570.1113445,443.63
490.73,497.15,443.63,443.63,15.11,515.9723997,560.742356,458.6
443.63,463.7,426.45,458.6,15.54,507.1458767,553.1762556,458.84
458.6,550,440,458.84,21.14,499.7142033,546.1883848,467.85
458.84,467.85,447.57,467.85,0.9441,494.8120182,540.3855415,461.82
467.85,469.44,450,461.82,5.12,489.7363231,534.5658717,462.08
461.82,475.32,450,462.08,7.09,485.4815042,529.1965479,454.39
462.08,465.82,454.38,454.39,3.32,480.6981958,523.6553221,461.09
454.39,462.09,450,461.09,1.27,477.6815503,519.0208538,383.08
461.09,461.09,383.08,383.08,17.11,463.1274656,508.951161,430
383.08,583.75,353.76,430,16.22,458.0309325,503.1029268,448
430,450,429.01,448,10.71,456.4877121,499.0212285,429.79
448,448,407.07,429.79,9.32,452.3803718,493.8929894,459.38
429.79,480.07,411.34,459.38,42.64,453.4572377,491.3364716,523.74
459.38,573.67,450.5,523.74,30.52,464.2699703,493.736733,523.52
523.74,550.8,490.56,523.52,51.73,473.3853595,495.9429009,504.29
523.52,530.36,495.53,504.29,16.15,478.1399196,496.5612046,485.56
504.29,515,477.19,485.56,31.51,479.2814704,495.7463005,504.5
485.56,525.28,479.96,504.5,10.97,483.1612442,496.3947227,504.73
504.49,510,500,504.73,1.54,486.4795143,497.0121507,496.42
504.73,517.31,485,496.42,17.33,488.0088198,496.9682876,489.72
496.42,510.49,484.62,489.72,7.49,488.2720783,496.4313774,495.62
489.72,504.5,489,495.62,7.02,489.4025278,496.3712754,501.95
495.62,501.95,490,501.95,3.58,491.3329081,496.7845143,471.02
501.95,503.48,449,471.02,27.38,488.2078453,494.8760317,463.7
471.02,476.18,456.75,463.7,3.39,484.4374076,492.566696,438.72
463.7,463.7,438.72,438.72,2.91,477.4039603,488.5780519,446.18
438.72,455.09,429.09,446.18,6.12,472.6002741,485.4374555,445.68
446.18,454.62,435.65,445.68,7.31,468.4586935,482.4924588,448.34
445.68,452.82,441.23,448.34,9.06,465.3635098,479.962647,459.32
448.34,464.42,448,459.32,14.51,464.4337391,478.433562,455.16
459.32,459.32,446.49,455.16,7.08,463.00701,476.7095945,441.04
455.16,455.16,432.43,441.04,8.5,459.62747,474.0674023,442
441.04,445.4,431.17,442,1.77,456.9155515,471.6920392,429.18
442,442,429.18,429.18,5.66,452.6485436,468.5429992,431.87
429.18,439.69,422.19,431.87,5.75,449.4518446,465.8264808,441.89
431.87,452.74,431.61,441.89,20.36,448.2884839,464.0534081,448.26
441.89,452,441.81,448.26,5.79,448.2841018,462.883526,450.63
448.26,459.22,441.81,450.63,4.04,448.6450092,461.9758574,454.99
450.63,458,446.1,454.99,5.53,449.6211616,461.4583865,441.5
454.99,454.99,432.88,441.5,11.53,448.3717521,459.9799875,440.82
441.5,445.22,432.21,440.82,7.19,447.2099441,458.5607292,440.78
440.82,444.76,436.45,440.78,4.51,446.2207219,457.2436381,445.52
440.78,445.52,440.78,445.52,0.8711,446.1129186,456.3752205,449.59
445.52,449.59,440.89,449.59,3.02,446.6478542,455.8726116,453.83
449.59,453.83,447.1,453.83,5.59,447.7527997,455.721307,453.83
453.83,453.83,446.2,453.83,0.2061,448.6877536,455.5812102,445.56
453.83,453.83,445.56,445.56,2.58,448.2065607,454.8388983,445.56
445.56,445.56,445.56,445.56,0,447.7993975,454.1515725,493.43
445.56,498.84,445.56,493.43,25.28,454.8194902,457.0610857,494.77
493.43,497.67,490.85,494.77,4.24,460.9657225,459.8543386,530
494.77,530,494.77,530,32.85,471.5863806,465.0503135,521.47
530,548.05,515.31,521.47,14.82,479.2607836,469.2295495,530
521.47,530,515.21,530,2.62,487.0668169,473.7310644,574.05
530,589,530,574.05,15.83,500.448845,481.1620967,583.2
574.05,589.11,563.68,583.2,10.95,513.179792,488.7204599,570.92
583.2,594.64,538.84,570.92,26.92,522.0629009,494.8093147,575.83
570.92,589.16,565.22,575.83,4.52,530.3347623,500.8108469,570.49
575.83,576.26,564.9,570.49,2.18,536.5124912,505.9722657,616.08
570.49,628.61,566.15,616.08,18.38,548.7536464,514.1283941,628.13
616.08,628.13,603.87,628.13,15.4,560.9653931,522.5729575,627.54
628.13,673.37,621.79,627.54,37.05,571.2076403,530.348294,665.58
627.54,672.64,621.79,665.58,10.32,585.7264649,540.3654574,671.43
665.58,677.91,652.26,671.43,16.68,598.9116241,550.0739421,650.48
671.43,671.43,525,650.48,59.16,606.8452204,557.5114278,657.01
650.48,669.75,650.45,657.01,15.16,614.5628788,564.8816924,653.4
657.01,660,653.4,653.4,5.27,620.5378205,571.4386041,659.8
653.4,659.8,636.68,659.8,4.75,626.5781558,577.9838927,646.54
659.8,659.8,646,646.54,0.888,629.6492088,583.0621229,643.44
646.54,656.44,636.5,643.44,4.65,631.770869,587.5345582,646.89
643.44,657.72,643.44,646.89,7.13,634.0968891,591.9312576,617.99
646.89,649.93,617.99,617.99,19.6,631.6189062,593.8615348,565.56
617.99,637.06,552,565.56,75.97,621.4559975,591.7651248,589.68
565.56,617.31,565.56,589.68,19.43,616.5673825,591.6106711,575.6
589.68,600,542.96,575.6,15.89,610.2647083,590.4246955,589.55
575.6,589.55,534.28,589.55,34.51,607.0778301,590.3599032,597.14
589.55,612.91,574.18,597.14,10.67,605.5489332,590.8621326,608.97
597.14,608.98,586.25,608.97,2.8,606.0752511,592.2034561,605.89
608.97,625,603.41,605.89,10,606.046751,593.2172742,595.93
605.89,627.05,594.12,595.93,8.41,604.4903277,593.4182169,593.9
595.93,602.79,578.51,593.9,5.81,602.8610465,593.4539045,590.59
593.9,598.5,581.09,590.59,0.7642,600.9731932,593.2417634,596.24
590.59,602.33,584.75,596.24,8.34,600.2450097,593.463855,584.42
596.24,596.24,584.42,584.42,2.64,597.8103928,592.7939398,586.15
584.42,595.23,576.13,586.15,2.85,596.0164862,592.3017961,564.42
586.15,586.15,557.43,564.42,29.23,591.1554883,590.2364779,583.26
564.42,583.26,564.42,583.26,2.76,589.9407978,589.7197018,597.69
583.26,600,575.35,597.69,21.78,591.1329828,590.3100942,596.12
597.69,604.38,590.76,596.12,4.14,591.9002162,590.7404576,589.76
596.12,602.3,589.76,589.76,0.9983,591.5709522,590.6678311,637.07
589.76,645,587.72,637.07,18.67,598.5708057,594.1050288,650
637.07,657.83,634.16,650,12.04,606.4829894,598.2453971,645.77
650,658.87,638,645.77,25.77,612.5271449,601.765738,647.55
645.77,655.08,638.89,647.55,6.04,617.9152764,605.1571648,635.25
647.55,655,622.6,635.25,10.3,620.582157,607.3862637,628.99
635.25,635.25,618,628.99,3.74,621.8756713,608.9865405,629.1
628.99,652.78,628.99,629.1,2.25,622.9871065,610.4764264,625.99
629.1,638.97,614.74,625.99,6.47,623.4490901,611.62558,617.04
625.99,626.87,614.74,617.04,1.44,622.4630762,612.0266481,627.9
617.04,627.9,615.35,627.9,1.63,623.2995261,613.202452,614.47
627.9,632.11,614.47,614.47,0.6427,621.9411374,613.2963444,629.46
614.47,629.46,614.47,629.46,1.5,623.0978855,614.4936522,632
629.46,639.34,629.46,632,0.6899,624.4674416,615.7904187,626.5
632,653.49,625.29,626.5,1.05,624.7801429,616.5837211,626.23
626.5,632.67,618.14,626.23,1.34,625.0031978,617.2982602,620.03
626.23,626.23,620.03,620.03,0.18,624.2380905,617.5006113,625.22
620.03,626.16,612.9,625.22,7.41,624.3891535,618.0724179,624.98
625.22,630.01,610.35,624.98,0.9631,624.4800529,618.5840906,626
624.98,629,615.17,626,12.29,624.7138909,619.1334173,630
626,630,626,630,1.56,625.5271385,619.9383493,619
630,630,619,619,0.5068,624.5229633,619.868842,629.77
619,629.77,619,629.77,0.0006352,625.3301998,620.6022611,618.69
629.77,629.77,618.69,618.69,8.44,624.3086306,620.4606121,618.62
618.69,623.98,610,618.62,7.5,623.4334566,620.3242705,605.64
618.62,623.43,593.86,605.64,17.72,620.6960018,619.2365467,596.08
605.64,623.22,593.8,596.08,8.67,616.9089246,617.521247,600
596.08,607.96,593.8,600,5.06,614.3075516,616.2233768,600
600,600,600,600,0.1545,612.1063898,615.0216452,591.9
600,600,574.58,591.9,4.09,608.9977144,613.3089308,583.21
591.9,597.66,575.07,583.21,2.68,605.0303737,611.0793803,566.75
583.21,588.98,566.75,566.75,11.67,599.1410855,607.7957225,590.21
566.75,591.95,566.75,590.21,33.05,597.7670723,606.4930764,596.4
590.21,602.36,584.77,596.4,3.05,597.5567535,605.7454411,590.49
596.4,601.18,590.49,590.49,2.57,596.4695607,604.6154084,578.86
590.49,594.8,578.86,578.86,1.79,593.7603975,602.7076004,596.25
578.86,596.25,578.86,596.25,4.11,594.1434133,602.2292596,579
596.25,598.03,579,579,9.04,591.8136574,600.5085737,579
579,579,579,579,0,589.8423255,598.9153461,580.58
579,593,577.24,580.58,16.81,588.4173523,597.5571723,590
580.58,590,580.58,590,0.4273,588.6608366,596.9973817,590
590,590,578.14,590,7.8,588.8668617,596.4790572,583.24
590,595.36,583.24,583.24,1.66,588.0011907,595.4983863,572.77
583.24,595.36,572.77,572.77,0.4779,585.6579306,593.8148021,580
572.77,580,566.99,580,3.82,584.7874797,592.7914834,535.08
580,580,531.64,535.08,4.35,577.1401751,588.5165587,523.76
535.08,553.83,501,523.76,31.83,568.9278405,583.7197766,530
523.76,530,501,530,22.87,562.938942,579.7405339,503.52
530,530,500,503.52,12.1,553.7975663,574.0945684,500
503.52,539.99,500,500,2.65,545.5210176,568.6060819,455
500,505,455,455,28.55,531.5947072,560.1908165,500.5
455,500.5,455,500.5,77.76,526.8109061,555.7692746,530
474.02,530,474.02,530,13.53,527.3015359,553.8604394,505
530,530,500.01,505,4.62,523.8705304,550.2411476,529.95
505,529.97,482.22,529.95,9.62,524.8058334,548.7380996,525
529.95,529.95,482.27,525,0.5639,524.8357052,546.9797219,524.88
525,525,524.88,524.88,0.7,524.8425198,545.3427055,516.12
524.88,524.88,490.1,516.12,26.86,523.5005937,543.1780606,516.12
516.12,516.12,516.12,516.12,0,522.3651177,541.1737598,524.85
516.12,524.85,516.12,524.85,1.31,522.7474073,539.9645924,495.08
524.85,524.85,495.08,495.08,0.02382,518.4908831,536.6398078,524.88
495.08,524.88,495.08,524.88,0.5178,519.4738242,535.7687109,524.27
524.88,524.88,495.26,524.27,0.4584,520.2116974,534.9169546,509.98
524.27,524.27,490.5,509.98,5.61,518.6375901,533.0697727,490.01
509.98,509.98,490.01,490.01,0.09953,514.2333455,529.8801599,524.77
490.01,524.77,490.01,524.77,3.811e-05,515.8543692,529.5016296,524.77
524.77,524.77,524.77,524.77,0,517.2260047,529.1511385,475.01
524.77,524.77,475,475.01,3.41,510.7312348,525.1406838,475.01
475.01,475.01,475.01,475.01,0,505.2356602,521.4272998,524.77
475.01,524.77,475.01,524.77,0.1769,508.2409432,521.6749072,480
524.77,524.77,480,480,1.24,503.8961827,518.5878771,488.77
480,524.77,465,488.77,41.14,501.5690777,516.3791454,475
488.77,488.77,465,475,0.5077,497.4815273,513.3140235,475
475,475,475,475,0.02,494.0228308,510.4759477,475
475,475,475,475,1.01,491.0962414,507.8480998,475
475,475,475,475,0,488.6198966,505.4149072,474.77
475,475,474.77,474.77,0.1492,486.4891433,503.1449141,490
474.77,490,474.77,490,0.212,487.0292751,502.1712167,465.01
490,490,465.01,465.01,3.08,483.6416943,499.418534,465
465.01,528,465,465,2.76,480.7737413,496.869013,445
465,465,445,445,5.14,475.2700888,493.0268639,503.18
445,503.18,400,503.18,18.12,479.5639213,493.778948,375.94
503.18,503.18,375.94,375.94,1.5,463.6217796,485.050137,385
375.94,466.67,375.94,385,0.1559,451.5261212,477.6390158,385.01
385,450,385,385.01,1.2,441.2928718,470.7776072,404.83
385.01,425,295,404.83,24.18,435.6831992,465.8925993,449.81
404.83,453,404.83,449.81,6.9,437.8565532,464.7012956,433.15
449.81,449.81,412.34,433.15,4.09,437.1324681,462.3641626,397
433.15,433.15,397,397,4.51,430.9582422,457.5223728,397
397,397,397,397,0,425.7338972,453.0392341,397
397,397,397,397,0,421.3132977,448.8881797,390
397,450,387.63,390,10.78,416.4958673,444.5260923,370.94
390,394,370.01,370.94,0.7155,409.4872723,439.0752706,380.02
370.94,393.22,370.12,380.02,6.68,404.9538458,434.7008062,390
380.02,390,380.02,390,2,402.6532541,431.3896353,370.11
390,390,370.1,370.11,0.275,397.6465996,426.8504031,355
370.11,389.98,355,355,20.27,391.0855843,421.528151,322.11
355,369.63,322.11,322.11,38.11,380.473956,414.1638435,330
322.11,330,273.33,330,18.72,372.708732,407.9294847,349.85
330,349.85,300,349.85,53.41,369.192004,403.6273007,335
349.85,349.85,315.06,335,0.12,363.9316957,398.5437969,359.98
335,359.98,335,359.98,8.1,363.3237425,395.6872194,370.19
359.98,400,335.16,370.19,30.22,364.3800898,393.7985365,355.59
370.19,378.99,355.59,355.59,7.78,363.0277683,390.9682745,357.18
355.59,379,355.59,357.18,0.4618,362.1281116,388.4654394,379
357.18,379,352.83,379,16.63,364.7237868,387.7642957,400
379,400,370.1,400,20.85,370.1508965,388.6706442,411.26
400,418.99,395.28,411.26,29.73,376.475374,390.3439298,400.31
411.26,411.26,385.48,400.31,11.23,380.1422395,391.0821572,389.14
400.31,400.31,374.61,389.14,16.08,381.5265103,390.9382937,381.01
389.14,389.14,376.73,381.01,0.05216,381.4470472,390.2028645,395.79
381.01,395.79,371,395.79,0.9598,383.6536553,390.6167264,395.79
395.79,395.79,395.79,395.79,0,385.5207853,390.9999319,391.24
395.79,395.79,391.24,391.24,0.05,386.4006645,391.0177147,391.58
391.24,391.58,371,391.58,9.92,387.1974853,391.0593655,388.71
391.58,393.49,371.38,388.71,2.66,387.4301799,390.8853384,368.64
388.71,388.71,365,368.64,11.95,384.539383,389.2375356,373.35
368.64,373.69,355,373.35,7.6,382.8179394,388.0606811,359.51
373.35,373.35,355,359.51,7.81,379.2321026,385.9458158,362.5
359.51,384.72,359.51,362.5,6.12,376.657933,384.2090887,364.3
362.5,368.15,362.5,364.3,0.04324,374.7567125,382.7343414,365.13
364.3,365.13,352.01,365.13,0.5898,373.2756798,381.4303161,335.07
365.13,365.13,335.01,335.07,8.87,367.3978829,377.9962186,346.02
335.07,350,335,346.02,7.56,364.1089779,375.6276098,347.95
346.02,347.95,344.29,347.95,0.03559,361.6229813,373.5774165,320
347.95,347.95,320,320,5.66,355.2194457,369.608719,323.94
320,325.19,320,323.94,0.1154,350.4072233,366.2258509,325
323.94,325.19,323.94,325,4.97,346.4984197,363.1720842,325
325,330,325,325,16.87,343.1909705,360.3445224,328.2
325,348.2,325,328.2,9.73,340.8846674,357.9634467,348
328.2,349.17,328.2,348,0.04009,341.9793339,357.2254136,347.08
348,348,333,347.08,6.6,342.7640518,356.4739015,350
347.08,350,330.16,350,4.81,343.8772746,355.9943532,350
350,350,338.66,350,19.36,344.8192323,355.550327,355
350,370,350,355,3.57,346.3855043,355.5095621,371.7
355,372.63,355,371.7,5.42,350.2800421,356.7088538,423.48
371.7,430.36,371.7,423.48,219.46,361.5415741,361.6548646,415
423.48,450,380,415,65.88,369.7659473,365.6063561,395
415,417.77,395,395,23.16,373.6481092,367.7836631,379.99
395,395,378.97,379.99,10.68,374.6237847,368.6878362,380
379.99,395,379.56,380,1.56,375.4508948,369.5257742,400
380,414.26,376,400,25.27,379.2276802,371.7831243,375.02
400,400,370.39,375.02,13.23,378.5803448,372.0228929,390
375.02,392.96,375.02,390,0.9256,380.3372148,373.3545304,354.38
390,390,354.33,354.38,67.07,376.3437972,371.9490097,360
354.38,360,342.66,360,1.64,373.8293668,371.0638978,370
360,370,360,370,4.05,373.2402335,370.9850906,370
370,370,360,370,4.76,372.741736,370.9121209,372
370,385,370,372,11.24,372.6276228,370.9927045,376
372,390,372,376,10.13,373.14645,371.3636153,372.87
376,389.94,366.42,372.87,19.24,373.1039193,371.4751994,376.9
372.87,385.69,365.01,376.9,2.38,373.6879317,371.8770365,387
376.9,387,360.52,387,23.27,375.7359422,372.997256,379.09
387,387,379.09,379.09,4.2,376.2519511,373.4485703,386.32
379.09,386.32,379.09,386.32,0.001595,377.8008817,374.4020096,374.03
386.32,386.74,370.13,374.03,4.18,377.220746,374.3744533,386.15
374.03,386.15,372.91,386.15,3.81,378.5944774,375.246716,380
386.15,386.15,371.46,380,23.49,378.8107117,375.5988111,379.75
380,380,364.72,379.75,3.76,378.9552176,375.9063066,375.19
379.75,380,375.19,375.19,4.68,378.3759533,375.8532469,374
375.19,394.59,367,374,34.17,377.7027297,375.7159693,373.07
374,389.98,370.43,373.07,0.3818,376.9900021,375.5199716,362.58
373.07,376.06,360.29,362.58,4.53,374.7730787,374.5614552,345.49
362.58,376,342.46,345.49,6.64,370.2679897,372.4080141,345.56
345.49,357.5,345.49,345.56,0.1607,366.4667605,370.4192723,372.12
345.56,372.12,342.5,372.12,0.7364,367.3364896,370.5452521,360
372.12,372.12,346.77,360,0.9118,366.2077989,369.7641223,352
360,360,350,352,33.15,364.0219837,368.4482614,350
352,358.98,350,350,0.6043,361.8647554,367.0817235,343.07
350,358.98,342.04,343.07,22.78,358.9732546,365.3030773,330.09
342.04,358.92,330.09,330.09,4.45,354.529677,362.6947012,329.99
330.09,355.33,315.02,329.99,30.11,350.7543421,360.2721308,320
329.99,332.17,310,320,5.86,346.0229048,357.28901,349.98
320,368.12,310.03,349.98,23.07,346.6316887,356.7476018,348.99
349.98,349.98,348.99,348.99,1.87,346.9945058,356.1729647,325.01
348.99,348.99,319.67,325.01,39.87,343.6122742,353.8645969,327.06
325.01,327.06,325.01,327.06,1.08,341.0657704,351.8790712,338.75
327.06,342.08,327.06,338.75,0.5716,340.7094981,350.9065474,320.38
338.75,338.75,320.38,320.38,4.11,337.581883,348.6453217,320.38
320.38,320.38,320.38,320.38,0,334.9354394,346.5515941,320.48
320.38,320.48,320.38,320.48,0.01,332.7115257,344.620365,313.37
320.48,320.48,313.37,313.37,3.74,329.7359063,342.3055231,313.01
313.37,320.04,313.01,313.01,1.9,327.16269,340.1354844,314.76
313.01,325,313.01,314.76,29.97,325.2545838,338.2558188,313
314.76,338.95,313,313,4.55,323.3692632,336.3850175,319.14
313,319.14,313,319.14,9.61,322.7186074,335.1076088,325
319.14,325,314.03,325,0.435,323.0695908,334.358897,315.3
325,325,313.18,315.3,8.92,321.8742692,332.9471268,295
315.3,319.93,295,295,52.48,317.7397662,330.1362286,265.87
295,297.48,265.87,265.87,25.49,309.7598022,325.3757672,277.4
265.87,280,252.32,277.4,61.92,304.7813711,321.8220067,281.15
277.4,293.66,260,281.15,8.48,301.1457755,318.8092654,300
281.15,300,269,300,7.71,300.9695024,317.4159865,283.53
300,300,283.53,283.53,8.34,298.286502,314.9059134,283.5
283.53,295.72,283,283.5,3.5,296.0116555,312.5795495,277.78
283.5,300,274.73,277.78,53.89,293.2067855,310.0018051,265
277.78,277.78,265,265,1.77,288.86728,306.668338,265.06
265,300,263.02,265.06,59.03,285.2046215,303.5862389,216
265.06,268,215.09,216,200.71,274.5577567,297.0983694,175
216,230.99,175,175,204.92,259.2411787,288.0540457,219
175,236.47,175,219,133.32,253.0502282,282.9389312,213.36
219,219,195.2,213.36,44.71,246.9440392,277.7849363,200
213.36,213.36,196,200,9.22,239.7218793,272.0230892,219.98
200,220,199.5,219.98,31.12,236.6846671,268.1680455,211.01
219.98,219.98,206,211.01,7.54,232.7347183,263.9341162,219.82
211.01,219.84,208.4,219.82,5.22,230.7478386,260.6664039,224.49
219.82,225.91,206.1,224.49,47.35,229.7850942,257.9866703,227.02
224.49,241.02,224.49,227.02,26.41,229.3596951,255.6928429,228.04
227.02,231.24,222.68,228.04,10.24,229.1566651,253.6444841,250.87
228.04,251.36,228.02,250.87,108.7,232.4971781,253.4389668,257.06
250.87,257.06,241.28,257.06,46.71,236.2760738,253.7071915,270
257.06,307.05,250.04,270,86.66,241.4643701,254.9140662,250.85
270,270,205,250.85,59.44,242.9083132,254.6130242,248
250.85,280,248,248,66.57,243.6916496,254.1231706,231.83
248,248,222.28,231.83,36.22,241.8667805,252.4718246,220
231.83,239.36,220,220,55.19,238.5026604,250.0665043,216.69
220,239.98,216.69,216.69,13.39,235.1468665,247.5941706,239.98
216.69,239.98,210.01,239.98,5.1,235.8904255,247.030158,228
239.98,239.98,223.94,228,5.23,234.6765139,245.6205167,235.45
228,246.93,228,235.45,18.47,234.7955117,244.8671451,228.9
235.45,235.45,221.85,228.9,15.17,233.8885099,243.6843936,217
228.9,228.9,215.25,217,17.34,231.2902776,241.7077718,221.92
217,225,215,221.92,12.4,229.8486965,240.2420109,229.66
221.92,231.58,218.44,229.66,1.81,229.8196662,239.4581583,229.23
229.66,229.66,218.81,229.23,14.25,229.7289484,238.7005169,220.5
229.23,229.23,215,220.5,16.66,228.3091101,237.3523305,215.01
220.5,221.92,215,215.01,3.39,226.2630932,235.697343,207.2
215.01,215.01,205,207.2,5.63,223.3303096,233.5864287,224
207.2,224,207.2,224,2.52,223.4333389,232.8763229,232.8
224,240,207,232.8,58.79,224.8743637,232.8706694,250
232.8,250,228,250,44.01,228.7398462,234.1395087,233.94
250,264.8,228,233.94,48.46,229.5398699,234.1247303,250.66
233.94,250.66,227.67,250.66,27.26,232.7891207,235.349565,249.98
250.66,250.66,230.3,249.98,7.42,235.4338713,236.433301,236
249.98,249.98,230.3,236,14.94,235.520968,236.4012046,240.1
236,244.06,236,240.1,6.17,236.2254345,236.6751894,241.03
240.1,248.5,240.1,241.03,40.23,236.9645984,236.997768,240.12
241.03,244.09,240.09,240.12,0.2377,237.4500448,237.2290444,235
240.12,247.44,235,235,21.4,237.0731148,237.06393,236.12
235,239.9,234.08,236.12,28.05,236.9264818,236.9940093,238
236.12,238,236.12,238,0.88,237.0916384,237.0685271,237.02
238,240.18,237.02,237.02,6.48,237.0806171,237.0649325,239.64
237.02,239.64,235,239.64,22.71,237.4743684,237.2556783,256
239.64,259.42,238,256,122.77,240.3244655,238.6441465,250.13
256,256,244,250.13,43.61,241.8330093,239.4949505,250.36
250.13,261.5,240.01,250.36,24.21,243.144854,240.299769,271.37
250.36,280,249.89,271.37,53.78,247.4871842,242.6012676,277
271.37,280.09,264.69,277,24.73,252.0276174,245.1493218,269.4
277,285.73,267.32,269.4,36.32,254.7002916,246.9456684,274.49
269.4,278.61,265.17,274.49,16.6,257.7448621,248.9859892,260
274.49,275.46,260,260,10.93,258.0918064,249.8018419,269.93
260,270,260,269.93,0.1874,259.913067,251.2928166,270.08
269.93,280,269.93,270.08,3.76,261.4772105,252.6844598,297
270.08,297.51,270.08,297,18.78,266.9422551,255.9670924,295
297,300,287.21,295,26.6,271.2588312,258.8584189,295.68
295,299.94,289,295.68,37.08,275.0159341,261.5859434,290.28
295.68,296.94,289.37,290.28,10.73,277.3642519,263.7114291,285
290.28,293,272,285,77.95,278.5389824,265.2883603,282.33
285,288.63,272.64,282.33,54.76,279.1222159,266.5507039,288
282.33,288,281.51,288,0.1454,280.4880288,268.1395407,294.44
288,294.44,288,294.44,32.99,282.6344859,270.0877229,284
294.44,294.96,284,284,17.76,282.844565,271.1182619,257.48
284,288.2,250,257.48,37.81,278.9423242,270.1080203,255
257.48,280.87,253.45,255,6.26,275.2588897,268.9889077,261.65
255,271,255,261.65,1.21,273.1652144,268.4452849,259.68
261.65,272.49,259.68,259.68,0.1201,271.090566,267.7960045,271.34
259.68,271.34,258.06,271.34,18.18,271.1289405,268.0585227,266.58
271.34,272,263,266.58,9.08,270.4291035,267.9490025,255.33
266.58,266.58,245,255.33,28.13,268.1061645,267.0142616,250.98
255.33,255.33,237.69,250.98,10.57,265.47137,265.8265385,251.9
250.98,269,250.05,251.9,14.12,263.3834669,264.794943,252
251.9,252,242.88,252,0.6849,261.6321643,263.8471695,252.5
252,255.7,247.81,252.5,2.12,260.2272159,263.0066384,243.59
252.5,252.5,240.44,243.59,4.38,257.6676443,261.5683689,269
243.59,269,240.19,269,4.65,259.4110836,262.1188601,244.42
269,269,244.42,244.42,1.03,257.104763,260.8078334,242.98
244.42,249.24,241.06,242.98,17.81,254.9317226,259.4872532,251.2
242.98,255.93,240,251.2,16.16,254.3576114,258.8733826,252.9
251.2,256,249.37,252.9,6.6,254.1333635,258.4309098,249.56
252.9,255,249.52,249.56,9.16,253.4297691,257.7738054,259.99
249.56,259.99,249.56,259.99,1.45,254.4390354,257.9379679,254.38
259.99,262.42,253.01,254.38,8.99,254.429953,257.6744147,248.84
254.42,256.88,246.51,248.84,25.79,253.5699603,257.0200136,249.46
248.84,258.24,244.39,249.46,13.77,252.9376587,256.4600126,249.27
249.46,249.46,239.96,249.27,7.55,252.3734035,255.9274191,242.5
249.27,249.27,232.85,242.5,37.67,250.8544183,254.9327955,232.58
242.5,242.5,230.76,232.58,23.62,248.0429694,253.2770328,240
232.58,240,232.58,240,18.94,246.8055895,252.2935489,227.94
240,254.38,223.54,227.94,21.32,243.9031911,250.4895823,221.98
227.94,231.85,216.5,221.98,41.27,240.5303925,248.3777614,220.11
221.98,224,219.66,220.11,12.48,237.3887936,246.2838532,233.6
220.11,234.7,220.11,233.6,9.11,236.8059023,245.3443085,223.01
233.6,233.6,223.01,223.01,2.31,234.6834558,243.6899153,222.02
223.01,227.49,222,222.02,4.91,232.7352318,242.0847364,226.79
222.02,229,222.02,226.79,10.28,231.8205808,240.9517929,223.6
226.79,228,223.26,223.6,39.33,230.555876,239.6664749,234.74
223.6,235.23,223.6,234.74,93.12,231.1995874,239.3015509,233.27
234.74,238.89,232.09,233.27,41.04,231.5181124,238.8547693,234.99
233.27,235.69,231,234.99,23.61,232.052249,238.5684901,230.96
234.99,237.58,227.96,230.96,42.22,231.8842107,238.0048983,227.49
230.96,232.14,226.03,227.49,5.8,231.2081783,237.2260169,220.15
227.49,227.49,216.34,220.15,35.01,229.5069201,235.9611268,228.26
220.15,238.56,217.34,228.26,28.26,229.3150862,235.3906729,224.84
228.26,233.25,224,224.84,42.78,228.6266114,234.6091416,226
224.84,232,224,226,24.59,228.2225173,233.9714274,237.31
226,239.65,225.69,237.31,49.81,229.6205916,234.2187291,232.1
237.31,238.97,231.7,232.1,30.42,230.002039,234.0617862,234.15
232.1,239.09,231.21,234.15,31.21,230.6401869,234.0683205,240.36
234.15,242.5,234.15,240.36,24.95,232.1355427,234.5343709,236.19
240.36,242.11,236.19,236.19,12.16,232.7593054,234.6570101,235.59
236.19,239.11,231.42,235.59,14.64,233.1947969,234.7261204,228
234.88,239.35,228,228,50.49,232.3955974,234.2278893,235.71
228,242.44,227,235.71,25.63,232.9055055,234.3376753,240.51
235.71,243,234.8,240.51,14.68,234.0754277,234.7948845,241.74
240.51,243,234.13,241.74,14.44,235.2545927,235.3093375,239.24
241.74,242.62,236.13,239.24,8.45,235.8677323,235.6004977,241.86
239.24,243.15,238.8,241.86,35.81,236.7896196,236.0641645,242.99
241.86,242.99,237.55,242.99,32.16,237.7435243,236.5771894,235.09
242.99,244,235.08,235.09,63.85,237.3352898,236.4670272,236.47
235.09,237.99,235,236.47,7.28,237.2021683,236.4672474,238.98
238.51,240.05,237.49,238.98,1.22,237.4756808,236.6533772,237.35
238.98,239.39,235.14,237.35,3.67,237.4563453,236.7049789,235.86
237.35,237.57,235.6,235.86,1.39,237.2107537,236.6423879,233.34
235.86,236.62,231.91,233.34,13.18,236.6152532,236.3977666,232.78
233.34,233.91,231.43,232.78,24.91,236.0252142,236.1297839,234.8
232.78,235.06,231.1,234.8,23.32,235.8367197,236.0312813,236.09
234.55,238.18,233.97,236.09,11.64,235.8756859,236.0356309,237.59
236.09,244,233.91,237.59,63.87,236.1394265,236.1507693,237.39
237.59,240.84,237.39,237.39,28.22,236.3318225,236.2425642,240.68
237.39,241.13,237.39,240.68,10.83,237.0007729,236.5712631,235.92
240.68,240.68,234.83,235.92,31.94,236.8345001,236.5230214,236.03
236.19,237.11,235.17,236.03,6.32,236.7107309,236.4865013,235.3
236.03,238,234.77,235.3,8.24,236.4936953,236.3986123,235.83
235.3,237.9,234.03,235.83,1.62,236.3915884,236.3564929,234.91
235.83,235.92,234.91,234.91,8.44,236.1636517,236.2493453,232.81
234.91,235.24,230.55,232.81,13.47,235.6477053,235.994579,227.59
232.81,235.86,227.59,227.59,12.77,234.4080583,235.3720176,224.23
227.59,232.4,222.03,224.23,33.59,232.8422032,234.5466829,229.5
224.23,229.5,222.29,229.5,4.71,232.3280181,234.1728546,227
229.5,229.5,226,227,23.8,231.508323,233.641532,223.12
227,228.79,223.04,223.12,48.91,230.2178118,232.8621593,225
223.12,228.3,220.34,225,35.25,229.4150715,232.2797771,223.7
225,225.65,223.7,223.7,5.36,228.5358297,231.644238,224.35
223.7,225.33,223.7,224.35,0.3,227.8918559,231.1039241,224.35
224.35,224.35,224.35,224.35,0,227.346955,230.6036334,230.92
226.79,230.92,226.79,230.92,2.41,227.8966542,230.627068,227.26
230.92,230.92,226.57,227.26,8.95,227.7987074,230.3776556,228.92
227.26,231.59,227.26,228.92,33.69,227.971214,230.2696811,229.44
228.92,233.15,228.86,229.44,62.23,228.1971811,230.2082232,231.04
229.44,231.06,226.14,231.04,25.31,228.6345378,230.2698363,232.15
232,233.29,231.19,232.15,18.23,229.1753782,230.4091077,235.54
232.15,235.54,231.34,235.54,20.07,230.1545507,230.7891738,247.14
235.54,251,233.82,247.14,140.78,232.7676968,232.0003461,245.03
247.14,256.38,245.03,245.03,67.31,234.654205,232.9655057,247.5
245.03,252.66,244,247.5,29.81,236.6304811,234.0421349,245.5
247.69,249.63,227,245.5,116.85,237.9950225,234.8908656,243.85
245.5,245.5,241.5,243.85,19.41,238.8957883,235.5545052,241
243.85,244.96,238.05,241,41.9,239.2195131,235.9578752,248.08
241,248.08,241,248.08,39.37,240.582665,236.8558104,243.72
248.08,248.08,243.72,243.72,49.66,241.0653319,237.3642688,241.67
243.72,243.72,240.17,241.67,1.31,241.1583578,237.6832119,242.04
241.67,244,239.53,242.04,16.47,241.293995,238.0059369,242
242.04,244,242,242,1.76,241.4026112,238.3017935,251.93
242,251.93,242,251.93,33.66,243.0222095,239.3112902,248.5
251.93,260,247.45,248.5,55.48,243.8649465,239.9919354,268.47
248.5,268.5,248.5,268.47,95.24,247.6503393,242.1014217,262.63
268.47,273,258.49,262.63,67.94,249.9549025,243.6220571,258.1
262.63,265.02,255.5,258.1,71.06,251.2079944,244.6944973,254.74
258.1,259.76,253.43,254.74,15.94,251.7513799,245.4386086,254.01
254.74,273,252.88,254.01,19.88,252.0988599,246.0735265,262
254.01,263,254.01,262,17.28,253.6221122,247.2532653,269.62
262,274.68,257.12,269.62,69.67,256.0833257,248.9100605,274.59
269.62,278,268.14,274.59,96.76,258.9305064,250.8122782,265.36
274.59,274.59,265,265.36,29.65,259.9196593,251.8898872,270.01
265.36,276.32,265.36,270.01,35.2,261.4720194,253.2321178,269.67
270.01,275.67,267.39,269.67,34.26,262.7332472,254.4497387,284.54
269.67,297,268.96,284.54,167.87,266.0881322,256.6786469,293.6
284.54,298.99,283.06,293.6,71.96,270.3207273,259.413562,308.14
293.6,316.01,291.69,308.14,138.95,276.1390769,263.0229278,290.18
308.14,312.3,269,290.18,337.1,278.2992189,265.0345627,288.75
290.18,295.97,286.79,288.75,36.2,279.9070314,266.7912618,287.5
288.75,293.79,287.5,287.5,9.26,281.0751804,268.3252424,276.74
287.5,292,273.4,276.74,54.21,280.4082296,268.9485578,280.38
276.74,281.31,275.52,280.38,4.76,280.4038866,269.7953313,278.01
280.38,281.69,274.92,278.01,14.07,280.0355963,270.4038253,275.54
278.01,279.57,274.32,275.54,0.4725,279.3439661,270.7842826,277.56
275.54,280.4,275.54,277.56,83.54,279.0695098,271.2861876,276.45
277.56,281.41,276.45,276.45,20.68,278.6665083,271.6686923,276.98
276.45,279.38,275.31,276.98,60.14,278.4070455,272.0621225,276.89
276.98,278.4,276.03,276.89,24.71,278.1736539,272.419743,290
276.89,290,276.18,290,41.53,279.9930917,273.7219843,288.92
290,291.81,286.67,288.92,27.57,281.3664622,274.8477632,291.28
288.92,293.85,287.83,291.28,8.72,282.8916219,276.0649659,296.1
291.28,296.1,286.55,296.1,11.07,284.9236801,277.5490425,293.56
296.1,296.8,287,293.56,57.37,286.2523447,278.7350394,291.61
293.56,293.56,280,291.61,29.31,287.0765993,279.6887402,288.96
291.61,291.61,280,288.96,30.74,287.3663533,280.3755002,293.48
288.96,293.48,280,293.48,41.34,288.3069143,281.3462039,283.27
293.48,293.48,277.12,283.27,63.84,287.5320044,281.4887073,283.84
283.27,289.89,277.91,283.84,0.8988,286.9640037,281.6628771,283.87
283.84,285.51,280.57,283.87,18.34,286.4880032,281.8263677,287.68
283.87,287.68,280.53,287.68,21.61,286.6713873,282.2599701,284.83
287.68,287.77,281.02,284.83,30.98,286.3880969,282.4503427,278.67
284.83,286.96,278.6,278.67,19.72,285.2006974,282.1703173,281.04
278.67,290,274.15,281.04,62.78,284.5605901,282.0865901,263.83
281.04,283.78,263.83,263.83,20.31,281.3712686,280.7342501,269.77
263.83,269.77,258,269.77,23.82,279.586458,279.9220834,266.85
269.77,273.88,262.49,266.85,19.33,277.6270029,278.9537809,270
266.85,270,260,270,99.5,276.4536179,278.2905379,270
270,270,265.49,270,61.28,275.4607536,277.676424,264.03
270,270,261.64,264.03,138.89,273.7021761,276.6655778,268.33
264.03,270,262.01,268.33,368.75,272.8756875,276.0481276,265.55
268.33,269.22,265.22,265.55,164.32,271.7486586,275.2704885,260.35
265.55,270,257.01,260.35,263.6,269.9950188,274.1652671,258.64
260.35,263.12,257.57,258.64,88.91,268.2480929,273.0152473,247.99
258.64,259.93,247.99,247.99,480.9,265.1314632,271.1615253,230.12
247.99,247.99,188.11,230.12,422.39,259.7450842,268.1214123,236.87
230.12,238.71,228.91,236.87,527.39,256.2258405,265.8064929,234.39
236.87,238.71,232.62,234.39,137.94,252.8664804,263.4793453,231.99
234.39,235.32,223.1,231.99,171.18,249.6547142,261.1468012,228.13
231.99,232.38,226.07,228.13,52.24,246.3432197,258.7011122,212.48
228.13,228.13,209.79,212.48,288.68,241.1334936,255.2773261,224.7
212.48,235.99,204.01,224.7,535.65,238.6052638,253.012339,227.87
224.7,243.38,223.11,227.87,153.24,236.9536848,251.1499435,226.01
227.87,233,225.31,226.01,176.15,235.270041,249.2877255,233.15
226.01,237.98,222.57,233.15,263.59,234.9438808,248.0923384,229
233.15,234.97,228.95,229,99.35,234.0294376,246.6780911,228.5
229,233.1,226.68,228.5,61.66,233.1787549,245.3315658,230.92
228.5,233.51,226,230.92,98.64,232.8312541,244.2640424,229.24
230.92,231.12,226.87,229.24,100.04,232.2787535,243.1511504,226.82
229.24,232.99,226.82,226.82,191.81,231.4389453,241.9414356,226.94
226.82,231.13,226.17,226.94,292.34,230.7467999,240.8302181,231.01
226.94,231.79,226.55,231.01,151.63,230.7872922,240.1027946,236.32
231.01,237,230.25,236.32,173.97,231.638478,239.8225875,241.99
236.32,243.38,236.32,241.99,112.16,233.2310198,239.9831366,241.07
241.99,242.78,239.13,241.07,148.82,234.4370168,240.063645,243.27
241.07,246.51,240.35,243.27,253.52,235.7959373,240.3011528,239.03
243.27,244.97,238.18,239.03,194.48,236.2934854,240.2069933,238.16
239.03,240.46,236.99,238.16,43.19,236.5806415,240.0553642,239.43
238.16,241.65,238.16,239.43,69.18,237.0190043,240.0090409,236.21
239.43,242.12,233.67,236.21,111.08,236.8945421,239.7276305,232.43
236.21,237.45,228.68,232.43,88.56,236.2076895,239.1870653,230.65
232.43,232.64,226.32,230.65,468.96,235.3526603,238.5546901,229.12
230.65,232.32,228.6,229.12,122.06,234.3937895,237.8558241,229.08
229.12,232.2,226.91,229.08,65.86,233.5762834,237.2057631,233.37
229.08,236,227.88,233.37,43.24,233.5445475,236.9216325,232.83
233.37,235.5,231.92,232.83,62.93,233.4346171,236.6185486,232.01
232.83,233.29,230,232.01,70.59,233.2154453,236.2771746,230.17
232.01,232.01,230.17,230.17,1.97,232.7469152,235.8247913,227.17
230.17,231.49,226.95,227.17,32.07,231.8889283,235.1836957,228.6
227.17,233.86,223.1,228.6,155.16,231.3829393,234.6960145,230.24
228.6,231.08,228.23,230.24,101.29,231.2071025,234.3659394,231.78
230.24,235,229.71,231.78,41.49,231.2952406,234.1743883,236
231.78,237.2,231.78,236,142.01,232.0190497,234.3096188,233.49
236,236,233.46,233.49,52.56,232.2453498,234.2489063,230.62
233.49,235,230.62,230.62,29.87,231.9952959,233.9800984,239.42
230.62,239.97,230.62,239.42,120.69,233.1375581,234.3830541,238.02
239.42,240,235,238.02,95.55,233.888703,234.6524575,236
238.02,238.02,235,236,40.02,234.2135179,234.7522755,237.8
236,238,234.59,237.8,37.17,234.7652844,234.9780328,236.98
237.8,239.86,236.46,236.98,71,235.1060099,235.1263267,238.8
236.98,238.8,236.43,238.8,18.77,235.6743161,235.3984506,238.97
238.8,239.95,237.6,238.97,12.85,236.1813444,235.6630099,240
238.97,240.44,237.16,240,81.09,236.7688298,235.9842684,244.53
240,248.39,239.45,244.53,90.91,237.962856,236.6172855,243.69
244.53,247.2,234.55,243.69,131.5,238.8439551,237.1411903,242.7
243.69,244.73,233,242.7,113,239.4371928,237.552954,244.76
242.7,244.87,241.95,244.76,86.38,240.2560862,238.0868093,245.64
244.76,245.64,241.75,245.64,30.59,241.0843806,238.6463049,245.11
245.7,247.12,245.06,245.11,43.18,241.7037067,239.1250971,245.93
245.11,247.11,244,245.93,27.4,242.3539057,239.629164,249
245.93,249.51,244.01,249,106.55,243.3763817,240.3233,253.64
249,253.66,241,253.64,113.09,244.9553999,241.3097222,253.73
253.64,255,251.86,253.73,103.35,246.3053384,242.2297428,258
253.73,268.51,253,258,274.76,248.1045171,243.39791,268.54
258,271,258,268.54,94.7,251.2484375,245.260287,257
268.54,270,252,257,56.32,252.1332933,246.1298954,264.06
257,265.73,251,264.06,32.4,253.9681713,247.4580513,270
264.06,270,264,270,114.12,256.4346064,249.1278253,266.59
270,270.74,264.57,266.59,208.93,257.9969747,250.4213197,274.2
266.59,278,263.73,274.2,70.23,260.4897478,252.1827034,276.16
274.2,279.31,270,276.16,100.13,262.9005558,253.9587995,283.38
276.16,283.38,276.16,283.38,75.76,266.0512396,256.1381476,289.37
283.38,294.48,283.38,289.37,115.46,269.6387412,258.5997663,285.21
289.37,289.37,280.64,285.21,64.43,272.0343194,260.5708948,292.51
285.21,296.31,285.21,292.51,254.57,275.1844241,262.9367544,290.16
292.51,305,290,290.16,141.9,277.4883589,264.9532911,313.04
290.16,317.84,290.16,313.04,125.82,282.9578421,268.5152696,325
313.04,333,311.77,325,330.76,289.4258664,272.6993237,306.13
325,331,306.13,306.13,56.65,291.9957331,275.1756701,307.44
306.13,320,304.69,307.44,54.31,294.3717742,277.5656204,358.17
307.44,360,307.44,358.17,193.56,304.1868859,283.5363152,398.01
358.17,418.97,307.23,398.01,386.28,318.6212111,292.0158474,391.93
398.01,489.99,368.49,391.93,416.24,329.8994863,299.4168958,380
391.93,438.72,341,380,193.96,337.6072577,305.3860146,362.06
380,390,346.34,362.06,96.24,341.369218,309.5840876,383.89
362.06,389.81,362.06,383.89,53.7,347.9108768,315.0882292,357
383.89,385,352,357,76.41,349.3092034,318.1928049,371.69
357,378.66,350,371.69,52.39,352.7524029,322.15556,337.83
371.69,379,327.93,337.83,123.53,350.4566486,323.3166297,309.3
337.83,341,300,309.3,140.81,344.1248565,322.2783608,330.95
309.3,341,301.56,330.95,178.07,342.0979555,322.9207045,336.95
330.95,340.18,326.5,336.95,121.27,341.3059624,323.9599115,329.74
336.95,339.47,326.03,329.74,51.79,339.5265835,324.3880662,315
329.74,333.74,315,315,73.53,335.753263,323.6926539,321.91
315,330,315,321.91,83.01,333.6235302,323.5606055,330
321.91,336.89,321.91,330,86.16,333.066064,324.0375977,326.5
330,334.75,326,326.5,60.88,332.0559003,324.2199978,326.26
326.5,332.71,323.07,326.26,46.11,331.1642234,324.3711091,317.21
326.26,326.26,310,317.21,78.94,329.0174198,323.8406566,321.48
317.21,324.37,317.21,321.48,4.55,327.8578167,323.6657931,322.85
321.48,325,319.03,322.85,36.68,327.0873834,323.605364,322.68
320,323.5,319,322.68,68.89,326.4093244,323.5368185,320.42
322.68,325,316.01,320.42,344.3,325.4878899,323.3059431,329.69
320.42,330,317.57,329.69,180.61,326.1343684,323.7788362,356.2
329.69,370,329.69,356.2,133.6,330.7598501,326.1804039,360.59
356.2,364,350.53,360.59,86.19,335.349104,328.7292629,356.5
360.59,360.59,350.28,356.5,54.91,338.603088,330.7863545,370.39
356.5,373.77,353.03,370.39,87.7,343.4933821,333.7199579,378.5
370.39,380.68,370.39,378.5,79.73,348.8790157,337.036998,361.58
378.5,378.5,355,361.58,442.02,350.8330132,338.8549982,362.02
361.58,362.41,349.2,362.02,220.97,352.5540881,340.5709242,361.3
362.02,370,356.99,361.3,1152,353.899613,342.1064113,364.93
361.3,365.08,357.48,364.93,50.81,355.5965956,343.7970475,389.64
364.93,390.58,363.93,389.64,205.27,360.8340425,347.1928218,392.39
389.64,404.21,386.01,392.39,167.32,365.6888052,350.5407609,395.3
392.39,398,384.07,395.3,244.4,370.2443736,353.8562601,400
395.3,400,388.52,400,230.13,374.8221623,357.2743149,416.33
400,420,400,416.33,295.14,381.2079835,361.6488101,417.3
416.33,420,410.01,417.3,231.12,386.7606014,365.7711205,443.12
417.3,445,416,443.12,462.82,395.4312781,371.5006671,431
443.12,464,407.14,431,239.52,400.9033892,375.9080251,432
431,438,418.37,432,39.9,405.6874831,380.0629862,440.19
432,445,426.21,440.19,300.24,410.9955627,384.5168391,460.49
440.19,464,430.01,460.49,187.03,418.6100915,390.1444806,453.65
460.49,464.98,441,453.65,185.26,424.0008466,394.8485932,451.03
453.65,459.15,445,451.03,67.71,428.1591779,399.0101789,464.97
451.03,467.69,451.03,464.97,92.7,433.8223813,403.8960915,458.01
464.97,464.97,455,458.01,52.99,437.5435534,407.9045292,441.22
458.01,460.49,436,441.22,166.61,438.1091606,410.3723418,441.75
441.22,446.96,426.7,441.75,193.74,438.6692897,412.6966128,437.69
441.75,444.25,434.29,437.69,40.92,438.5186298,414.5479748,444.83
437.69,445.99,435.47,444.83,65.77,439.4896098,416.7910878,452.71
444.83,458,443.99,452.71,60.26,441.523516,419.451748,457.84
452.71,457.95,451.12,457.84,4.07,444.0337443,422.2953222,417.47
457.84,457.84,409,417.47,216.29,439.9470144,421.9378909,426.04
417.47,429.72,409.41,426.04,26.46,437.8074737,422.2417509,418.78
426.04,429.36,418.78,418.78,108.99,434.8801701,421.9853249,430.95
418.78,432.5,418.78,430.95,148.55,434.2755285,422.6493749,424.31
430.95,435,420,424.31,48.79,432.7423703,422.7723841,431.31
424.31,431.31,416.61,431.31,80.65,432.5220056,423.4048001,431.51
431.31,434.97,430.74,431.51,14.32,432.3663125,424.0051853,433.07
431.51,434.99,430.32,433.07,25.38,432.4745721,424.6766531,427.63
433.07,434.99,422.98,427.63,14.39,431.7292533,424.8954195,431.08
427.63,433.96,426.56,431.08,51.5,431.6293682,425.3535366,431.32
431.08,434.73,429,431.32,33.76,431.5817731,425.7954968,429.99
431.32,431.33,427.58,429.99,20.05,431.3368849,426.1062008,457.88
429.99,457.88,427.78,457.88,132.76,435.4204411,428.4598155,455.22
457.88,460,447.64,455.22,110.94,438.4665271,430.4420514,451.38
455.22,459.87,450,451.38,84.78,440.4532152,431.9930106,447.38
451.38,451.38,442.05,447.38,41.49,441.5188744,433.1327876,450
447.38,454.53,443.81,450,106.93,442.823663,434.3822107,449.81
450,452.23,445.03,449.81,151.13,443.898484,435.5250099,433.98
449.81,455,427.17,433.98,191.65,442.3725634,435.4105647,430
433.98,437.15,430,430,42.29,440.4690921,435.0097822,374.41
430,430.91,372.66,374.41,590.29,430.3061549,430.5209094,388.16
374.41,390.58,351.76,388.16,552.55,423.822131,427.3830643,385
388.16,395,381.6,385,135.81,417.8494955,424.243578,390.1
385,391.82,376.58,390.1,246.35,413.5803423,421.7144241,381.08
390.1,390.97,379.02,381.08,68.55,408.5802897,418.7044668,419.46
381.08,425.13,375.93,419.46,792.43,410.2540913,418.7604322,412.31
419.46,425.78,406.05,412.31,730.53,410.5703849,418.2826224,382.82
412.31,412.31,375.52,382.82,510.72,406.3010949,415.6557615,389.11
382.82,395,381.36,389.11,372.76,403.6563111,413.6894088,400.68
389.11,406.71,385.81,400.68,609.63,403.1984171,412.7257489,394.01
400.68,401.25,387.17,394.01,462.68,401.7848145,411.3393971,395.95
394.01,406.7,390.45,395.95,719.82,400.8871507,410.1994418,396
395.95,401.48,393.11,396,200.09,400.1352814,409.1476313,379.27
396,398.03,376.97,379.27,316.78,396.9252381,406.9344734,379.92
379.27,385.63,365,379.92,606.53,394.3090476,404.9334013,378
379.92,383.18,376.12,378,216.06,391.7999634,402.9383345,369.84
378,381,369.82,369.84,199.96,388.4215075,400.486606,372
369.84,380,366.16,372,533.92,385.8951217,398.3764871,373.71
372,376.68,372,373.71,362.3,384.0204876,396.5493399,368
373.71,373.71,365.78,368,214.2,381.5557972,394.434574,392
368,392,368,392,369.21,383.1625976,394.2542352,387.22
392,392,382.48,387.22,492.86,383.7868134,393.7331807,375.69
387.22,387.22,367.71,375.69,412.74,382.5411498,392.3966488,372.82
375.69,381.23,371.55,372.82,185.05,381.0455883,390.9465267,372
372.82,377.78,371.66,372,443.23,379.6539593,389.5430802,378.48
372,381.4,371.26,378.48,733.23,379.4733502,388.7235928,379.3
378.48,384.76,371.71,379.3,1257.01,379.4466809,388.0255489,377.21
379.3,383.95,373.67,377.21,1274.38,379.1025762,387.2243971,380.3
377.21,383.49,375.76,380.3,1037.16,379.2867952,386.7114788,389.15
380.3,391.14,380.3,389.15,765.66,380.8042113,386.89211,403.25
389.15,404.26,386.82,403.25,653.35,384.2574096,388.1038056,396
403.25,409.31,392,396,736.74,386.063962,388.6887089,405.5
396,408.6,390.1,405.5,1021.74,389.0541217,389.9339897,416.16
405.5,421.8,403.01,416.16,1183.09,393.2242568,391.8766571,422
416.16,424.79,411.46,422,823.83,397.6512942,394.1080159,417.05
422,422,413.13,417.05,446.29,400.6357105,395.8074221,440.3
417.05,442,417.05,440.3,1124.57,406.7379089,399.1031686,437.04
440.3,444,422.5,437.04,879.59,411.399769,401.9133043,433.35
437.04,437.04,422,433.35,819.77,414.7767277,404.2419484,420.99
433.35,437.15,414.29,420.99,1304.29,415.7326157,405.4825448,423.2
420.99,427.1,408.14,423.2,770.74,416.8814441,406.7949489,421.85
423.2,426,416.7,421.85,739.44,417.6458373,407.9101379,427.2
421.85,427.2,417.65,427.2,447.57,419.1157085,409.3390165,433.04
427.2,436,427.2,433.04,626.68,421.2579072,411.0946449,430.14
433.04,434.98,421.07,430.14,177.5,422.624383,412.505412,435.92
430.14,442,429.29,435.92,544.69,424.6698625,414.2398259,429.88
435.92,439.41,422.79,429.88,1697.67,425.4714221,415.3983573,424.39
429.88,432.48,412,424.39,1264.09,425.3050495,416.0644049,419.62
424.39,431.11,417,419.62,3882.56,424.4304265,416.3277823,406.71
419.62,424.46,404.87,406.71,2392.2,421.704207,415.615354,394.52
406.71,408.99,388.4,394.52,4809.95,417.5220213,414.0527352,403.86
394.52,410.06,387.27,403.86,1897.16,415.4201719,413.2977178,413.75
403.86,414.12,397.4,413.75,1302.37,415.1632224,413.3312202,410.29
413.75,414.36,407.5,410.29,1318.45,414.4134959,413.1059446,410.55
410.29,414.74,406.45,410.55,1526.59,413.8191119,412.9166154,415.81
410.55,429.7,409.42,415.81,2769.06,414.1254024,413.1309402,419.92
415.81,423.65,415,419.92,1562.08,415.0168789,413.6338335,407.22
419.92,420.59,406.15,407.22,4268.69,413.8173591,413.1587347,408.87
407.22,413.62,406.65,408.87,1999.17,413.0562269,412.8410507,415.42
408.87,416.5,407.74,415.42,3410.81,413.4198843,413.0320839,415.59
415.42,417.04,412.17,415.59,1855.24,413.7537483,413.2215592,416.78
415.59,419.04,412.87,416.78,1497,414.2193255,413.4851474,420.75
416.78,422.69,416.78,420.75,1963.65,415.2240446,414.0232846,409.43
420.75,421,405.03,409.43,3199.64,414.3326531,413.6830413,410.09
409.43,411.44,405.53,410.09,1860.96,413.6799373,413.4168901,412.14
410.09,414.82,409.39,412.14,806.37,413.4430238,413.3223057,411.76
412.14,414.36,407.68,411.76,1327.09,413.1840971,413.2065793,414.82
411.76,417.9,411.17,414.82,1669.12,413.4357745,413.326092,415.53
414.82,417.98,411.89,415.53,1267.5,413.757963,413.4893444,415.96
415.53,417.78,413.12,415.96,1197.63,414.0967379,413.6723559,416.11
415.96,419.76,413.61,416.11,920.85,414.4064706,413.8529222,417.31
416.11,418.4,415.28,417.31,975.38,414.8531674,414.109002,424.97
417.31,430,415.9,424.97,1313.9,416.4096032,414.9135204,423
424.97,426.39,421.13,423,1142.24,417.4235104,415.5125189,415.71
423,428.11,405,415.71,1227.79,417.1598934,415.5271471,413.38
415.71,416.7,409.12,413.38,1050.18,416.5783713,415.3680992,417.56
413.38,419.99,412.42,417.56,2066.84,416.7293911,415.5304622,417.9
417.56,419.04,415.5,417.9,633.93,416.9094848,415.7059835,420.57
417.9,423.17,417.9,420.57,564.79,417.472641,416.066281,421.5
420.57,421.66,417.96,421.5,481.01,418.0922347,416.4687787,420.14
421.5,421.6,417.54,420.14,560.66,418.4072755,416.740721,423.39
420.14,424.97,419.5,423.39,998.65,419.1738485,417.2332602,422.78
423.39,424.61,421.56,422.78,847.16,419.728641,417.6441298,422.61
422.78,424.39,420.06,422.61,1096.07,420.171927,418.0119721,418.31
422.61,425.96,418,418.31,861.04,419.8854767,418.0340482,419.29
418.31,420.75,415,419.29,846.56,419.7938649,418.1270817,420.95
419.29,422.92,416.96,420.95,1655.44,419.9717319,418.3361867,422.58
420.95,424.5,420.23,422.58,1258.4,420.3730039,418.6505433,427.08
422.58,430.36,422.58,427.08,1151.1,421.4048494,419.2749475,423.54
427.08,427.71,422,423.54,1159.6,421.7333341,419.5908773,424.52
423.54,425.77,422.39,424.52,532.25,422.162052,419.9559975,429.25
424.52,431.02,424.52,429.25,632.81,423.2525055,420.6444421,429.12
429.25,434.23,427.97,429.12,690.59,424.155197,421.2722612,427.87
429.12,431.37,424.58,427.87,648.34,424.7267051,421.7609826,428.02
427.87,429.8,426.28,428.02,1030.36,425.2333659,422.2246135,436.92
428.02,438,426.8,436.92,1179.9,427.0313096,423.3131607,441.77
436.92,444,434.27,441.77,1580.25,429.2988004,424.680334,451.01
441.77,451.34,440.11,451.01,930.69,432.638985,426.6306796,446
451.01,451.01,442.7,446,641.31,434.6945257,428.0654441,450.71
446,450.71,443.22,450.71,698.02,437.1584449,429.7428186,460
450.71,460,445.4,460,1112.4,440.6725303,431.9840913,464
460,469.69,452.5,464,1447.44,444.2613718,434.3556401,469.3
464,470,461.88,469.3,899.83,448.1134684,436.9441112,448.35
469.3,469.3,445.48,448.35,1475.35,448.1498579,437.7889918,450.86
448.35,451.48,435.43,450.86,1919.74,448.5668028,438.7572147,456.22
450.86,457.22,447.39,456.22,953.38,449.7442178,440.0507543,446.44
456.22,458.12,446.44,446.44,1176.69,449.2358766,440.5240318,452.07
446.44,454.47,446.44,452.07,293.27,449.6718956,441.3792887,444
452.07,453.58,440,444,1306.69,448.7992963,441.5734154,451.92
444,452.52,442.52,451.92,1262.5,449.2794045,442.3398291,448
451.92,451.92,444.86,448,729,449.0825731,442.759101,448.74
448,450,447.22,448.74,642.47,449.0298695,443.2021306,460.7
448.74,462.37,447.17,460.7,1842.71,450.8252742,444.4982691,459.1
460.7,462.34,457.92,459.1,277.86,452.0983089,445.5798788,459.1
459.1,461.79,455.95,459.1,634.19,453.1754922,446.5813692,461.75
459.1,464.99,455.99,461.75,1279.65,454.4946472,447.7049715,452.13
461.75,463.49,450,452.13,1013.32,454.1308553,448.0327514,453.97
452.13,455,450.99,453.97,1766.78,454.1061084,448.4725476,454.95
453.97,455,449.39,454.95,869.91,454.2359379,448.9523589,456.05
454.95,457.5,452.61,456.05,1274.72,454.5150243,449.4781101,455.4
456.05,458.06,453.79,455.4,972.97,454.6511744,449.9167686,457.65
455.4,459.79,454.14,457.65,274.15,455.1125322,450.4896005,454.39
457.65,458,450.17,454.39,1237.42,455.0013734,450.778519,454.16
454.39,455,451,454.16,1000.13,454.8719314,451.0289991,453.24
454.16,455.88,452.35,453.24,1429.97,454.620865,451.1927769,432
453.24,453.85,431.88,432,1254.84,451.1407319,449.7710898,439.65
432,442.63,427.06,439.65,1114.34,449.372927,449.0213794,441
439.65,441,431.01,441,680.49,448.0847844,448.4272032,437.89
441,442,433.34,437.89,2785.85,446.516356,447.6466696,442.5
437.89,444.01,435.55,442.5,2887.46,445.8984551,447.2654348,444.6
442.5,445.79,441.48,444.6,1284.15,445.6986928,447.0679952,448.3
444.6,449.21,442.94,448.3,722.13,446.0988939,447.1592548,452.41
448.3,452.45,445.19,452.41,915.01,447.0698333,447.5481989,471.36
452.41,477,451.22,471.36,1764.3,450.806782,449.312036,523.99
471.36,545,450.55,523.99,5187.17,462.0657386,454.843737,518.98
523.99,549,470,518.98,2673.43,470.8217788,459.5945713,531.43
518.98,540,518.98,531.43,916.05,480.1461206,464.9157142,530
531.43,544.53,510.97,530,2715.14,487.8159482,469.7367724,536.12
530,541.77,485.9,536.12,1996.79,495.2473408,474.6540485,539.2
536.12,539.67,531.52,539.2,1793.27,502.0092883,479.4352301,567.43
539.2,576.03,536.06,567.43,2726.68,512.0740132,485.9533612,573.18
567.43,588.71,562,573.18,2453.02,521.4749342,492.4145937,574.11
573.18,583.67,568.07,574.11,1186.64,529.5726367,498.4661053,583
574.11,586.3,573.35,583,1014.48,537.792231,504.7278753,577.38
583,589.91,565.38,577.38,3420.29,543.882657,510.1095141,581.98
577.38,582.13,571.71,581.98,1370.72,549.7437867,515.4332538,575.01
581.98,581.98,571.6,575.01,1374.98,553.6308964,519.8463461,579.26
575.01,581.8,573,579.26,1378.66,557.5738355,524.2473575,595.99
579.26,595.99,579,595.99,1276.7,563.4840146,529.5616274,665.8
595.99,683.06,595.99,665.8,5399.75,579.2249354,539.6533587,703.27
665.8,717.79,659,703.27,4015.14,598.3087915,551.7731099,687.34
703.27,703.95,647.26,687.34,4406.38,612.0059005,561.8151017,692.07
687.34,697.59,671.58,692.07,1900.47,624.3234543,571.4636127,767.05
692.07,776.71,692.07,767.05,5696.94,646.2813844,585.9514933,747.08
767.05,776,702,747.08,5794.92,661.7888637,597.8869382,761.02
747.08,781.15,728.87,761.02,6019.57,677.0551924,609.9708687,765.87
761.02,769.99,745.03,765.87,2487.23,690.7190089,621.5189525,737
765.87,768.83,725.02,737,3884.15,697.8391614,630.0731042,673.41
737,738.36,630.2,673.41,8315.46,694.0808289,633.2832446,594.46
673.41,679.85,590,594.46,6714.94,678.7545475,630.4074487,623.54
594.46,635,551.49,623.54,5206.35,670.2600017,629.8987488,669.26
623.54,762.24,618.51,669.26,5940.81,670.1061553,632.814397,674.15
669.26,703.34,641.41,674.15,2243.09,670.7282853,635.8762936,633.04
674.15,680.91,615.26,633.04,1350.42,664.9300875,635.6661977,648.49
633.04,664.08,627,648.49,1230.6,662.4008433,636.616109,647.01
648.49,664.86,640,647.01,2494.16,660.0330213,637.3860269,639.5
647.01,650.53,615.85,639.5,2053.6,656.8740949,637.5426175,669.7
639.5,675,635,669.7,1688.09,658.8473111,639.9246458,677.74
669.7,691.2,665.85,677.74,2111.15,661.7538786,642.7257832,700
677.74,703.94,674,700,1228.66,667.6378973,646.9683177,664.82
700,703.96,644.65,664.82,1540.96,667.2043746,648.2906646,679.26
664.82,684.73,645,679.26,1654.77,669.0590862,650.5846894,666.5
679.26,683.11,659.57,666.5,970.34,668.6653806,651.7636013,677.59
666.5,681.23,665.85,677.59,906.68,670.038399,653.6766679,640
677.59,681.99,610.7,640,2909.92,665.4171069,652.6635814,670
640,670.07,634.04,670,1772.69,666.1221673,653.9477605,657.95
670,671.93,622,657.95,1923.47,664.8649108,654.2442227,651.2
657.95,657.95,642.42,651.2,495.79,662.7626169,654.0187247,652.98
651.2,663.32,645.32,652.98,815.62,661.2575989,653.9417822,674.21
652.98,675.98,647.14,674.21,974.64,663.250276,655.4431316,662.88
674.21,674.21,657.96,662.88,928.63,663.1933104,655.9940108,662.78
662.88,665.92,650,662.78,1157.1,663.1297242,656.4966766,663.87
662.78,669,660,663.87,1157.88,663.2436128,657.0428487,665
663.87,669.1,661,665,432.23,663.5138262,657.6322673,677.88
665,685,661.52,677.88,927.5,665.7240068,659.1320994,675.28
677.88,686,667.58,675.28,1296.12,667.1941596,660.3282402,673.51
675.28,676.55,666.02,673.51,991.27,668.1658274,661.3046668,667
673.51,676.15,660,667,1552.88,667.9864693,661.7265434,664.5
667,669.46,658.89,664.5,554.76,667.4500894,661.9319846,648.97
664.5,668.97,644.54,648.97,1532.52,664.6069987,660.9718376,657.71
648.97,660,645.94,657.71,715.12,663.545922,660.73022,662.9
657.71,668.44,651.98,662.9,873.13,663.4465494,660.8909444,654.28
662.9,664.68,652.01,654.28,847.7,662.036311,660.4012448,655.03
654.28,659.1,642.5,655.03,1130.07,660.958417,660.0033749,654.03
655.03,663.94,648,654.03,1755.59,659.8925067,659.5609026,653.87
654.03,661.1,651.7,653.87,889.65,658.9659672,659.1393543,653
653.87,659.57,651.7,653,1002.86,658.0481261,658.6845873,654.93
653,658.18,651.9,654.93,453.11,657.5684144,658.4064697,623.68
654.93,656.67,623.68,623.68,1301.11,652.3548122,655.8341386,605
623.68,627.05,601.01,605,2577.04,645.0694565,652.0686469,506
605,611.44,479,506,7142.29,623.6741555,641.2487471,564.94
506,572,502.75,564.94,5302.46,614.6381315,635.5962473,582.92
564.94,589,564.94,582.92,2819.75,609.758419,631.6943031,575.65
582.92,584.41,567.41,575.65,1017.31,604.5109699,627.5428732,591.6
575.65,598,569.88,591.6,1036.92,602.5246669,624.8804382,593
591.6,607.51,570.11,593,1356.87,601.0593335,622.5189242,590.31
593,597.35,585,590.31,915.87,599.4055899,620.133078,586.3
590.31,593.37,583.2,586.3,1082.41,597.3893453,617.6269241,588.95
586.3,603.14,582,588.95,1855.27,596.0909845,615.5027075,588.23
588.95,599.98,588,588.23,1600.83,594.8816022,613.4825069,588.36
588.23,592.19,582.51,588.36,945.09,593.8782788,611.6215805,585.1
588.36,590.79,583.31,585.1,449.04,592.5277744,609.657019,569.67
585.1,585.51,561.4,569.67,1081.67,589.0111937,606.6950176,570.74
569.67,575,561.48,570.74,795.16,586.2002408,604.0316829,581
570.74,587.8,565.34,581,1200.53,585.4002038,602.3256323,574.43
581,581.06,569.54,574.43,751.15,583.7124801,600.2592892,572
574.43,579.36,570.81,572,616.91,581.9105601,598.1660085,572.95
572,577.99,572,572.95,601.61,580.5320124,596.298156,580
572.95,584,572.03,580,469.89,580.4501643,595.0908852,580.53
580,586.12,577.52,580.53,393.36,580.4624467,594.0123011,586
580.53,592.13,579.85,586,794.09,581.314378,593.4187973,584.9
586,588.99,580.1,584.9,764,581.8660122,592.7877753,580.47
584.9,587.71,579.36,580.47,524.66,581.6512411,591.8753475,576.85
580.47,582.25,569.89,576.85,1358.06,580.9125886,590.7623588,579.36
576.85,580.51,572.99,579.36,349.58,580.6737288,589.9177396,569.02
579.36,579.71,564.27,569.02,612.63,578.8808475,588.3697589,574.73
569.02,580.97,567.06,574.73,561.73,578.2422555,587.3594064,574.69
574.73,582.01,570.47,574.69,898.12,577.6957547,586.4209319,579.21
574.69,581.7,573.42,579.21,717.82,577.9287155,585.8867888,573.36
579.21,579.21,569.42,573.36,454.42,577.2258362,584.9588785,571.1
573.36,575,568.24,571.1,1002.1,576.2833999,583.9322949,577
571.1,577,565.56,577,1091.61,576.393646,583.4187916,599.97
577,605.33,572.13,599.97,1286.89,580.0207774,584.644807,608.91
599.97,616.68,598.3,608.91,963.41,584.4652732,586.4422287,610.02
608.91,612.3,602,610.02,730.44,588.3967696,588.1887303,613.35
610.02,614,605,613.35,481.48,592.2357281,590.052528,615.71
613.35,617.38,606.35,615.71,973.59,595.8471546,591.9530815,629.6
615.71,635.62,615,629.6,990.93,601.0399,594.7417421,625.26
629.6,631.12,621.25,625.26,603.62,604.7660693,597.0023538,625.26
625.26,629.24,622.77,625.26,434.38,607.9189817,599.0955128,611.33
625.26,634.77,595.16,611.33,806.13,608.4437537,600.0017711,611.1
611.33,613.54,607.15,611.1,504.68,608.852407,600.8238622,615.16
611.1,617,607.76,615.16,735.51,609.8228059,601.8857983,612.24
615.16,616.85,610.75,612.24,651.11,610.1946819,602.6527762,612.92
612.24,615.8,609.05,612.92,522.92,610.6139616,603.4133113,610
612.92,613,606.67,610,455.79,610.519506,603.9012142,606.59
610,610.08,604.58,606.59,330.61,609.9149666,604.1003835,612.02
606.59,614.51,606.59,612.02,323.12,610.2388179,604.6870217,610.99
612.02,614.59,605.06,610.99,586.68,610.3543844,605.153909,610.01
610.99,612,605.56,610.01,777.46,610.3014022,605.5136195,599
610.01,610.98,592,599,1117.73,608.5627249,605.0311291,598.35
599,600.76,595.37,598.35,483.58,606.9915365,604.5362307,604.17
598.35,604.56,595.05,604.17,519.05,606.5574539,604.5091025,604
604.17,607.63,601.5,604,310,606.1639995,604.4713912,601.03
604,604,598,601.03,453.02,605.3741534,604.2164733,608.04
601.03,608.57,599,608.04,764.48,605.7842837,604.4996975,606.52
608.04,609.11,600.69,606.52,721.26,605.8974708,604.6493496,604.99
606.52,607.59,601.85,604.99,415.79,605.7578599,604.6745829,605.5
604.99,609.3,604.25,605.5,496.8,605.7181891,604.7357249,611.28
605.5,612.5,604.03,611.28,535.28,606.5738523,605.220486,614.27
611.28,617.3,610.4,614.27,450.35,607.7578751,605.8908204,610
614.27,615.98,607.15,610,323.24,608.1028174,606.1952041,612.25
610,613.66,609.02,612.25,592.68,608.7408455,606.6437075,612
612.25,613.6,608,612,435.17,609.2422539,607.0404699,612.51
612,616.09,608.94,612.51,828.39,609.744984,607.4456203,614.91
612.51,615.97,611.26,614.91,385.16,610.5396019,607.9985373,617.98
614.91,623,611.34,617.98,1667.51,611.6842785,608.7379049,620.79
617.98,623.1,616.15,620.79,528.82,613.0851587,609.6306527,616.52
620.79,620.79,615.01,616.52,362.01,613.6135959,610.1409747,618.12
616.52,619.9,614.83,618.12,724.84,614.3068888,610.7320136,644.23
618.12,645.42,616.32,644.23,1468.11,618.9104444,613.2133459,637.46
644.23,645,633.28,637.46,767.33,621.7642222,615.0093944,630.15
637.46,639.98,630.15,630.15,763.62,623.0543418,616.1309207,640.61
630.15,643,630.15,640.61,939.07,625.7552123,617.9441859,640.75
640.61,647,636.4,640.75,539.61,628.0621027,619.6335054,643.25
640.75,645.06,638.75,643.25,183.94,630.3987023,621.3828754,640
643.25,643.55,637.8,640,618.75,631.875825,622.7619217,636.97
640,641.1,634.1,636.97,606.01,632.6595443,623.8143719,631.5
636.97,639.64,623.73,631.5,1047.9,632.4811528,624.3836777,632.84
631.5,633.42,627.01,632.84,453.28,632.5363601,625.0100719,633.4
632.84,638,630.02,633.4,717.39,632.6692278,625.6315481,663.73
633.4,669.86,627,663.73,1495.79,637.4478081,628.4536556,653.93
663.73,669,652.79,653.93,770.33,639.9835299,630.3407923,652.63
653.93,657.88,645.81,652.63,1384.76,641.9291407,631.9918447,651.99
652.63,664,651.99,651.99,1611.78,643.4769652,633.4731895,675.13
651.99,679,651.99,675.13,1619.77,648.3466629,636.5588792,681.97
675.13,687.84,674.63,681.97,1501.28,653.519484,639.9226659,690
681.97,691.78,681.97,690,1231.3,659.1318711,643.6320981,717.87
690,722.01,687.93,717.87,1651.6,668.1685063,649.1312019,698.7
717.87,717.88,688,698.7,1734.56,672.8656592,652.8029647,700.8
698.7,708.9,685.7,700.8,996.14,677.1632501,656.3583007,733.75
700.8,739.49,697.91,733.75,2354.66,685.8689039,662.0910192,737.5
733.75,739,722.89,737.5,1847.17,693.8121494,667.6768696,691.13
737.5,750.5,673.41,691.13,4099.75,693.3995111,669.4141385,707.41
691.13,710,682.31,707.41,2007.08,695.5549709,672.2286468,706.48
707.41,714.47,698.48,706.48,663.19,697.2357446,674.765784,715.5
706.48,721.46,702.88,715.5,625.78,700.0456301,677.7831334,708.86
715.5,715.5,700.16,708.86,900.21,701.401687,680.0851235,712.71
708.86,718.3,704.14,712.71,987.5,703.1414274,682.501781,722.4
712.71,745.49,708.68,722.4,2750.68,706.1042848,685.4572046,713.5
722.4,724.7,706,713.5,1219.55,707.2420871,687.5344487,715.25
713.5,718.99,712,715.25,746.9,708.4740737,689.5874525,704.46
715.25,719.1,701.35,704.46,713.45,707.8565239,690.6891227,702.78
704.46,706.79,685.33,702.78,1087.75,707.0755202,691.5847433,705.82
702.78,709,697.79,705.82,785.16,706.8823633,692.6392067,711.3
705.82,717,704.83,711.3,818.88,707.5619997,694.0214877,742.75
711.3,744.8,709,742.75,2462.28,712.9755382,697.6310071,739
742.75,760.81,733.3,739,3435.49,716.9793016,700.695377,750.55
739,754,733.01,750.55,1742.41,722.1440244,704.388312,752
750.55,763.11,735,752,1445.44,726.7372514,707.9151037,730.98
752,757,713,730.98,1420.69,727.389982,709.6236146,737.69
730.98,741,728.33,737.69,550.29,728.9746001,711.7026061,748.01
737.69,752.61,733.83,748.01,1803.67,731.9031232,714.3920427,740.34
748.01,750,731.06,740.34,1287.25,733.2011042,716.3141136,738.61
740.34,745.11,730,738.61,867.25,734.033242,717.9656607,740.92
738.61,743,730.35,740.92,979.35,735.0927433,719.6659821,734.78
740.92,743.3,726,734.78,684.93,735.0446289,720.785539,728.3
734.78,739,727.2,728.3,616.82,734.0069937,721.3421658,735.78
728.3,736.07,728,735.78,837.69,734.2797639,722.411635,732.2
735.78,735.78,728.5,732.2,1064.68,733.9598002,723.136699,742.72
732.2,743.56,731.02,742.72,1163.42,735.3075233,724.5873139,754
742.72,754.5,740.89,754,1290.26,738.1832889,726.7660314,773.87
754,781.98,752.42,773.87,2429.07,743.6735522,730.2552143,765.28
773.87,774.58,757.12,765.28,712.88,746.9976211,732.8496428,769.6
765.28,772.57,762.43,769.6,542.78,750.4749101,735.5718915,754.47
769.6,771.6,745.93,754.47,1667.32,751.0895393,736.9717514,757.86
754.47,760.03,748.09,757.86,1232.12,752.1311487,738.5190291,767.12
757.86,770,753.78,767.12,816.03,754.4371258,740.6376195,770.71
767.12,779.5,762,770.71,765.67,756.9406449,742.8652033,772.42
770.71,775,767,772.42,849.54,759.3220842,745.0544475,775
772.42,778.56,771.24,775,693.55,761.7340712,747.2726365,768.05
775,775.42,762.02,768.05,618.55,762.7057526,748.8117005,778.37
768.05,783.26,768.05,778.37,1025,765.1156368,751.0012042,780.5
778.37,789,770,780.5,1074.56,767.4824619,753.1863002,777.52
780.5,783.09,774,777.52,908.92,769.0266985,754.9887964,778.1
777.52,781.5,776.53,778.1,736.26,770.4225911,756.7007374,785.33
778.1,785.75,776,785.33,1094.3,772.7160386,758.8214236,792.47
785.33,795,785.33,792.47,610.61,775.7551096,761.3139107,792.69
792.47,794.44,786.5,792.69,339.1,778.3604773,763.6380655,791.18
792.69,794.44,789.19,791.18,680.79,780.3327116,765.6782088,803.42
791.18,806.1,790,803.42,1163.66,783.8846021,768.473897,827.86
803.42,830,796.47,827.86,1872.1,790.6500479,772.8728676,860.1
827.86,877.99,826.02,860.1,2597.1,801.334656,779.3341367,920
860.1,922.93,859.01,920,4040.55,819.5908627,789.7538302,894.93
920,923.87,884.33,894.93,1641.66,831.1814992,797.5446576,899.98
894.93,900.34,853.37,899.98,1661.59,841.765884,805.1324608,904.88
899.98,917.53,888.96,904.88,1835.09,851.475748,812.5211674,929.16
904.88,939,900,929.16,1760.31,863.4271714,821.1610809,978.74
929.16,979.99,929.03,978.74,3197.6,881.1676065,832.8335934,977.01
978.74,982,950,977.01,2612.43,895.9125901,843.5133273,960.7
977.01,977.01,920.02,960.7,2202.46,905.879884,852.1938215,968.21
960.7,971.73,940.01,968.21,791.88,915.4691326,860.7876125,998.07
968.21,1010,961.37,998.07,1457.01,928.1769583,870.9566783,1020
998.07,1034.93,996.07,1020,2297.35,942.3035801,881.9969243,1037.99
1020,1039.84,1010,1037.99,1655.8,957.0245678,893.551967,1139.52
1037.99,1150,997.23,1139.52,5422.72,985.1007881,911.7718213,996.4
1139.52,1156.9,879.01,996.4,8491.62,986.8391284,918.0405752,896.37
996.4,1059.2,868.38,896.37,5800.95,972.920801,916.4353474,899.43
896.37,909,815.01,899.43,4967.69,961.6145239,915.1756921,911.5
899.43,940,890,911.5,2054.51,953.9045972,914.9034186,909.99
911.5,917.74,878,909.99,1317.51,947.1485053,914.5394617,911
909.99,916.69,898.1,911,1201.29,941.5871968,914.2772793,793.99
911,924.59,765.43,793.99,9743.46,918.8799357,905.3671105,816.02
793.99,838,756,816.02,4110.61,903.0553302,898.748806,835.01
816.02,839,776.81,835.01,3153.2,892.5868179,894.027413,821.15
835.01,846.95,811,821.15,1652,881.5965382,888.6290861,824.53
821.15,833,811.93,824.53,1197.24,872.8170708,883.8810056,832.91
824.53,840.6,822.15,832.91,1329.08,866.6775214,880.1053756,909.17
832.91,920,830,909.17,4530.69,873.2148258,882.2583107,883.69
909.17,917,852.11,883.69,3303.69,874.8263911,882.3643618,900.9
883.69,909,880.02,900.9,2401.27,878.8377155,883.737372,896.21
900.9,907.1,885,896.21,1719,881.5103747,884.6612704,924.93
896.21,928.08,896.08,924.93,2079.01,888.190317,887.6441392,919.68
924.93,939.91,888,919.68,1982.22,893.0348837,890.017166,924.99
919.68,929.92,912.62,924.99,1161.72,897.9510554,892.6077463,890.9
924.99,930,886,890.9,3402.04,896.8662776,892.4812465,895
890.9,903.33,882.58,895,1392.55,896.579158,892.6678209,916.53
895,921.78,894.99,916.53,1065.83,899.6485183,894.4353897,921.45
916.53,925,910,921.45,1551.87,903.0025924,896.4364719,920.25
921.45,923.63,917.01,920.25,724.99,905.6560397,898.200437,918.11
920.25,923.76,915.7,918.11,601.2,907.5720336,899.6752194,922.73
918.11,925,915,922.73,1230.51,909.9040285,901.382981,973.84
922.73,974.97,919,973.84,3314.31,919.7403318,906.7501675,985.11
973.84,989,964.99,985.11,2361.7,929.7972038,912.5545996,1007
985.11,1013.99,975.98,1007,2555.86,941.6745571,919.5505552,1015
1007,1037.52,981.76,1015,3204.23,952.9553944,926.6208844,1035
1015,1046.5,1001.8,1035,1851.51,965.5776414,934.6489671,1017.84
1035,1036,1005.4,1017.84,1161.56,973.6180043,940.8112658,1027.02
1017.84,1029.91,1013.75,1027.02,796.6,981.8336959,947.197098,1053.16
1027.02,1055,1023.82,1053.16,1965.14,992.8069735,955.0462018,1060.6
1053.16,1069.91,1025.4,1060.6,2884.59,1003.23667,962.8650017,983.86
1060.6,1079.91,940.01,983.86,6699.92,1000.255644,964.4201867,1002.99
983.86,1010,948.21,1002.99,2840.15,1000.676314,967.2772099,1010.2
1002.99,1018.49,993,1010.2,1292.05,1002.141496,970.4566759,1001.1
1010.2,1013.7,999,1001.1,826.21,1001.981266,972.7265517,998.8
1001.1,1010,982.01,998.8,1294.66,1001.491841,974.6579183,1014.97
998.8,1025,992.09,1014.97,1855.4,1003.565404,977.6439984,1015.75
1014.97,1020,1001.3,1015.75,1211.24,1005.439957,980.4666652,1039.87
1015.75,1047.43,1015.75,1039.87,1918.3,1010.736887,984.8669122,1052.07
1039.87,1063.92,1036,1052.07,2165.2,1017.095827,989.8449187,1058.91
1052.07,1069.79,1051,1058.91,1467.39,1023.528777,994.9608507,1055.61
1058.91,1063,1042.95,1055.61,520.15,1028.46435,999.4533802,1088.68
1055.61,1093.33,1045.47,1088.68,1440.67,1037.728296,1006.062759,1128.46
1088.68,1132.74,1080,1128.46,2575.04,1051.68702,1015.129222,1125.67
1128.46,1140,1102.56,1125.67,2192.87,1063.069017,1023.317428,1182
1125.67,1193.43,1122.09,1182,3010.37,1081.366091,1035.071692,1185
1182,1214.97,1056.66,1185,4998.65,1097.309769,1046.177493,1146.83
1185,1185,1120.4,1146.83,2223.09,1104.928266,1053.633234,1167
1146.83,1184.44,1130,1167,1722.75,1114.477764,1062.030772,1190.21
1167,1196.99,1161.98,1190.21,1837.69,1126.128877,1071.52553,1180
1190.21,1208.5,1175.81,1180,2027.03,1134.416742,1079.560676,1225
1180,1230,1177.18,1225,2248.94,1148.352628,1090.333959,1254
1225,1282.39,1212.42,1254,2886.48,1164.60607,1102.45737,1277
1254,1288,1235.28,1277,2729.15,1181.897444,1115.386453,1261.27
1277,1280.23,1232.5,1261.27,1414.87,1194.108606,1126.192642,1267.98
1261.27,1277.72,1237.78,1267.98,1199.65,1205.473436,1136.695409,1275
1267.98,1279.91,1257.38,1275,1003.89,1216.16983,1146.940194,1224.92
1275,1279.9,1158.45,1224.92,4081.78,1217.51601,1152.716476,1143.39
1224.92,1238.11,1131.34,1143.39,3161.96,1206.112009,1152.025626,1187.19
1143.39,1205.4,1105,1187.19,2289.18,1203.200931,1154.630394,1111
1187.19,1310.98,968,1111,8293.93,1189.016172,1151.398513,1174.97
1111,1191.09,1105,1174.97,3740.32,1186.855222,1153.144549,1224.37
1174.97,1231.94,1138,1224.37,1955,1192.626727,1158.420508,1230
1224.37,1241.06,1180,1230,4085.31,1198.376461,1163.722693,1243.99
1230,1259.72,1218,1243.99,2522.93,1205.393929,1169.668419,1252.92
1243.99,1259,1238.5,1252.92,2407.06,1212.705632,1175.835203,1165.1
1252.92,1255.92,1025,1165.1,6820.64,1205.381689,1175.040003,1021.16
1165.1,1165.1,983.9,1021.16,8377.84,1177.03989,1163.641484,954.99
1021.16,1080,923.6,954.99,6805.58,1142.878369,1148.185819,1017.94
954.99,1040,943.9,1017.94,4297.88,1123.657081,1138.53798,1030
1017.94,1040,902,1030,3223.25,1109.248299,1130.49813,1110.37
1030,1115,1030,1110.37,3491.84,1109.420869,1129.007157,1032.01
1110.37,1113,975.63,1032.01,3833.96,1097.511504,1121.822183,1024.03
1032.01,1052.63,1006.4,1024.03,2442.73,1086.206658,1114.578317,921.3
1024.03,1033,911.23,921.3,4796.6,1060.836403,1100.261405,951.08
921.3,960,881.89,951.08,4831.51,1043.950802,1089.21093,961.88
951.08,994.57,923.01,961.88,2850.31,1031.324525,1079.77901,1039.85
961.88,1044.44,948.32,1039.85,3333.18,1032.636136,1076.821305,1043.28
1039.85,1067.8,1016.13,1043.28,4577.26,1034.273654,1074.336764,1043.43
1043.28,1060.06,1006.9,1043.43,3859.62,1035.682323,1072.047374,1040
1043.43,1057.51,1022.79,1040,3219.29,1036.346581,1069.673495,1079.78
1040,1088.96,1040,1079.78,3655.38,1043.028645,1070.422125,1091.73
1079.78,1108.22,1070,1091.73,2543.25,1050.521161,1072.000486,1107.46
