"rsi","sma_plus_3"
"57.86605001","3942.37"
"48.12971971","3955.92"
"54.28732038","3944.49"
"53.0436538","3952.396667"
"53.07170568","3969.033333"
"49.39815025","3991.503333"
"55.74552683","3985.593333"
"58.75297642","3949.463333"
"57.48963651","3904.796667"
"51.9921046","3886.38"
"43.95943993","3916.596667"
"40.44644736","3950.353333"
"46.30728336","3984.123333"
"55.3832556","3984.02"
"52.69075794","3985.616667"
"56.88436176","3964.833333"
"54.44671817","3959.09"
"52.29325566","3967.243333"
"49.39363021","3982.186667"
"52.30984347","3995.843333"
"54.96253727","4016.773333"
"54.39062592","4034.316667"
"56.8476677","4040.95"
"61.62550427","4031.083333"
"59.40098541","4025.146667"
"57.61543044","4027.71"
"57.00089787","4033.32"
"56.56433334","4036.5"
"58.44669204","4050.883333"
"59.16908186","4067.22"
"57.19036971","4091.706667"
"63.54435469","4105.763333"
"64.86273959","4130.93"
"66.56187057","4167.686667"
"68.40767737","4171.85"
"72.80213275","4171.95"
"76.67656958","4151.493333"
"61.1972575","4156.746667"
"64.28149778","4144.626667"
"62.25410513","4139.783333"
"61.52860681","4142.943333"
"58.14644646","4148.466667"
"59.30648939","4154.41"
"61.67596315","4156.73"
"59.28425931","4162.443333"
"60.67938758","4170.443333"
"61.83704654","4166.86"
"61.28499941","4169.07"
"63.72749515","4163.16"
"57.95395888","4171.433333"
"60.18448157","4169.31"
"58.67094468","4175.006667"
"61.2763907","4180.23"
"57.45526189","4198.666667"
"60.19700974","4213.09"
"62.56253611","4219.99"
"65.89864937","4199.846667"
"66.54732639","4185.536667"
"64.49403154","4156.33"
"51.08577325","4147.92"
"54.95935394","4125.61"
"45.81052228","4100.28"
"46.65088212","4070.95"
"43.54910971","4026.403333"
"35.5687955","3988.75"
"34.73482366","3980.57"
"28.43914697","3980.93"
"25.36879642","3995.85"
"39.47864281","3956.32"
"35.91086405","3935.48"
"36.42594944","3913.163333"
"29.93904034","3889.933333"
"32.53888149","3850.17"
"32.4495569","3762.39"
"26.58301644","3724.076667"
"24.71428082","3737.93"
"18.54621693","3799.936667"
"27.0898144","3835.753333"
"40.25192421","3844.046667"
"40.20570299","3848.04"
"39.19190368","3859.75"
"43.31292544","3834.886667"
"42.28398771","3823.396667"
"43.1252017","3823.296667"
"37.92484313","3853.03"
"40.8792342","3894.96"
"45.32747238","3908.836667"
"47.42067834","3911.736667"
"53.29974172","3882.966667"
"49.33405657","3876.17"
"48.20851666","3891.286667"
"45.3114338","3901.28"
"47.82916906","3926.006667"
"53.05589859","3944.896667"
"48.43334089","3999.003333"
"54.56322771","4037.09"
"57.44379451","4058.31"
"61.68812985","4036.693333"
"63.04520625","4016.64"
"61.32842248","4004.616667"
"53.77144047","4004.31"
"55.82993827","4007.64"
"56.627619","4017.086667"
"52.8217089","4049.27"
"56.05172187","4069.926667"
"58.44751302","4086.17"
"61.16992175","4086.346667"
"61.24980368","4062.396667"
"62.49696052","4027.7"
"60.3422773","4000.913333"
"51.27844542","3999.243333"
"49.30384666","4029.943333"
"50.32110808","4062.703333"
"50.80093114","4108.556667"
"59.32926606","4123.973333"
"60.70618791","4121.97"
"64.46206423","4107.793333"
"62.68832351","4099.473333"
"57.34580056","4096.963333"
"58.03667404","4093.93"
"58.64922543","4102.486667"
"55.58986936","4121.146667"
"56.22319133","4125.086667"
"60.95280381","4121.883333"
"62.08562082","4122.026667"
"55.56432855","4141.353333"
"57.8869795","4155.053333"
"60.28691771","4156.19"
"62.37987881","4151.313333"
"62.62612969","4144.71"
"59.2718951","4127.3"
"59.33712115","4087.2"
"58.69806827","4059.693333"
"49.31920815","4063.72"
"39.96352367","4080.31"
"45.66985972","4094.486667"
"52.01856289","4107.296667"
"47.99802903","4135.733333"
"51.69717913","4153.233333"
"56.62738292","4163.373333"
"58.52382859","4166.7"
"57.67612559","4200.58"
"59.88849841","4227.64"
"59.27244701","4245.39"
"68.09435101","4241.293333"
"67.77945109","4228.706667"
"62.13233523","4235.616667"
"64.25932543","4221.016667"
"59.55468875","4224.14"
"62.50147654","4202.653333"
"55.48021696","4210.69"
"58.4667267","4222.58"
"51.7430854","4241.29"
"56.87071015","4251.896667"
"60.6397776","4248.213333"
"56.89289469","4259.936667"
"59.02574336","4278.093333"
"58.22112152","4283.666667"
"60.3972098","4286.596667"
"64.38739937","4276.163333"
"57.62764843","4281.743333"
"58.92344632","4292.123333"
"58.88472512","4303.293333"
"59.47739538","4317.996667"
"62.57224492","4326.71"
"62.81879048","4341.193333"
"64.65067941","4341.916667"
"65.64071663","4343.2"
"67.87019267","4334.26"
"62.12645409","4335.636667"
"63.4388317","4334.893333"
"60.91867087","4335.3"
"61.68212184","4345.04"
"62.25452375","4348.753333"
"60.25415725","4350.083333"
"65.37214945","4341.513333"
"61.68827747","4325.73"
"58.01497468","4318.7"
"58.64203999","4322.543333"
"50.38819955","4330.853333"
"52.65014114","4337.31"
"59.06330391","4326.7"
"54.13752516","4328.103333"
"55.16781872","4333.983333"
"51.89321008","4332.266667"
"54.50022191","4325.696667"
"57.98974373","4314.363333"
"49.87179633","4326.153333"
"49.66009678","4347.086667"
"50.69438996","4353.83"
"56.82854975","4339.166667"
"61.17717516","4320.473333"
"52.96817991","4300.016667"
"47.06461451","4299.223333"
"49.70009744","4282.743333"
"42.79416174","4286.31"
"47.59599458","4283.03"
"42.77509567","4290.08"
"45.87045544","4295.336667"
"46.90678146","4303.776667"
"46.6064899","4319.353333"
"48.91719391","4325.213333"
"51.82766645","4322.193333"
"55.33774244","4314.97"
"51.74718603","4308.72"
"49.4877327","4297.72"
"50.91376439","4277.373333"
"47.91296304","4260.296667"
"43.06412548","4260.04"
"39.52133035","4269.053333"
"38.76875136","4291.213333"
"44.87030283","4315.01"
"46.43444333","4354.143333"
"53.71087733","4385.253333"
"58.85858533","4400.553333"
"66.06017154","4399.98"
"67.31622667","4384.283333"
"63.18763304","4359.28"
"63.88538516","4328.736667"
"56.19198412","4335.26"
"47.9978118","4363.076667"
"46.1738635","4398.093333"
"57.73382043","4403.386667"
"59.94951006","4424.94"
"61.16306122","4426.803333"
"58.78330944","4433.586667"
"66.31235124","4424.293333"
"57.99316611","4424.423333"
"58.24450861","4431.19"
"60.4504194","4436.316667"
"56.90576643","4448.57"
"59.63140414","4462.77"
"61.29621751","4475.296667"
"61.38473395","4483.876667"
"64.75235866","4489.66"
"65.77992718","4493.856667"
"63.30503109","4497.8"
"65.74399173","4499.223333"
"66.25939517","4514.253333"
"63.33575078","4541.02"
"65.01230452","4569.493333"
"70.4728929","4590.01"
"72.84009721","4600.173333"
"74.45654099","4615.433333"
"76.33027562","4622.97"
"74.18532815","4639.323333"
"77.09037979","4659.876667"
"76.50357108","4670.086667"
"78.13995108","4691.853333"
"81.47847099","4725.08"
"72.68822379","4774.606667"
"77.00091095","4789.62"
"81.64186879","4774.923333"
"82.40402687","4779.28"
"72.17462442","4808.226667"
"70.3444387","4849.16"
"75.37316458","4859.036667"
"76.74746847","4854.75"
"78.2006623","4825.373333"
"74.3447823","4813.71"
"70.82959785","4802.84"
"62.54756627","4814.926667"
"65.46750729","4818.986667"
"62.82756646","4818.933333"
"64.66979604","4785.776667"
"65.49478958","4775.163333"
"60.54603603","4788.446667"
"49.44897106","4856.76"
"57.51691427","4903.87"
"61.2485262","4935.556667"
"67.40504968","4945.273333"
"68.223916","4958.766667"
"67.73908747","4953.776667"
"69.10304808","4943.383333"
"70.74328008","4915.4"
"62.11338279","4907.726667"
"62.40372208","4891.53"
"58.42508754","4900.443333"
"58.63103061","4912.983333"
"55.47035548","4918.686667"
"60.34163743","4925.683333"
"61.59415995","4946.163333"
"55.3934998","4985.513333"
"60.48553007","5003.25"
"65.01858474","5002.673333"
"66.11531394","4990.236667"
"63.92758493","4994.62"
"63.68113345","4993.82"
"60.17845127","4994.88"
"63.78338378","4990.926667"
"60.98281695","5004.11"
"58.39605851","5031.58"
"60.77332441","5029.68"
"64.32092204","4993.483333"
"66.84705745","4970.466667"
"56.17893023","4986.713333"
"47.76163456","5041.33"
"54.81992138","5079.353333"
"59.35596244","5083.3"
"63.01125589","5080.836667"
"64.24710253","5075.483333"
"57.82033399","5083.5"
"60.10768453","5104.746667"
"60.77370921","5146.446667"
"59.27049175","5183.14"
"64.86861883","5203.913333"
"69.53311514","5172.72"
"65.96446705","5161.496667"
"67.29105379","5150.906667"
"56.59800128","5177.336667"
"59.30713499","5168.856667"
"60.95410157","5132.99"
"62.82870892","5056.543333"
"54.62586567","5020.53"
"48.73957204","4998.06"
"41.13032368","4962.716667"
"45.83532545","4881.303333"
"44.28885364","4750.88"
"35.65428999","4695.066667"
"31.389208","4638.496667"
"25.20757935","4688.76"
"32.70356943","4714.3"
"29.44292934","4791.896667"
"40.31629083","4807.203333"
"41.19355994","4759.033333"
"45.34046431","4650.673333"
"43.64235597","4524.94"
"36.04180229","4454.566667"
"32.13198168","4478.686667"
"29.54495086","4560.783333"
"29.23251049","4694.126667"
"40.10841051","4757.366667"
"44.86502406","4775.016667"
"51.5977679","4694.433333"
"49.70506094","4636.22"
"47.4982514","4537.863333"
"41.35179736","4480.08"
"42.70374128","4438.69"
"36.69732498","4495.553333"
"35.74271503","4571.99"
"39.96240048","4624.353333"
"46.33111345","4637.626667"
"47.70546059","4652.923333"
"47.83592253","4681.16"
"48.2766786","4707.95"
"50.18369051","4707.943333"
"52.42291599","4723.516667"
"52.64253512","4721.413333"
"49.80907111","4719.793333"
"54.88498297","4683.696667"
"51.74927751","4637.82"
"49.04418799","4615.943333"
"48.10518168","4599.78"
"43.49468171","4614.403333"
"45.50493192","4625.166667"
"45.64539929","4620.966667"
"46.73746405","4630.32"
"48.06091383","4649.97"
"44.9171552","4679.086667"
"49.44115176","4651.17"
"53.04030751","4522.433333"
"51.81495891","4352.383333"
"43.23356452","4235.65"
"31.08855036","4188.28"
"26.70203477","4186.563333"
"30.03769975","4153.97"
"28.52491472","4086.113333"
"28.4730444","4038.33"
"26.83780616","4032.636667"
"22.50969703","4108.386667"
"27.35088088","4154.23"
"33.2558652","4144.186667"
"39.53614907","4096.11"
"38.22059645","4065.556667"
"34.60752515","4104.823333"
"33.74997949","4207.25"
"35.38944705","4299.606667"
"43.69269819","4354.72"
"52.85052053","4360.52"
"52.37120999","4418.126667"
"52.75118173","4471.8"
"53.79826273","4501.036667"
"61.00632203","4550.533333"
"60.68522259","4572.603333"
"56.8902833","4605.806667"
"65.70412686","4535.7"
"60.15657359","4476.68"
"58.86497043","4424.356667"
"52.89022212","4412.126667"
"50.02716466","4381.93"
"49.97936508","4361.933333"
"51.00091463","4349.893333"
"45.02787911","4384.046667"
"46.87946157","4398.53"
"49.45208231","4394.316667"
"51.34114146","4398.94"
"49.46268007","4421.636667"
"48.52335974","4458.876667"
"52.41535356","4488.01"
"54.03655202","4499.616667"
"55.93292322","4510.366667"
"58.05113149","4519.253333"
"55.65395544","4547.893333"
"57.47791963","4545.83"
"59.34422773","4545.806667"
"61.42919244","4551.363333"
"55.12631406","4574.066667"
"57.54635618","4588.746667"
"60.80641123","4578.053333"
"59.38441423","4576.063333"
"60.080267","4549.426667"
"57.06298494","4506.033333"
"58.05232345","4455.503333"
"51.29875147","4435.213333"
"44.52341041","4453.053333"
"43.78130863","4470.863333"
"46.51388185","4468.183333"
"50.10078729","4433.026667"
"49.18321223","4374.75"
"45.81505473","4349.966667"
"40.59085929","4334.903333"
"35.04274342","4365.47"
"42.12615396","4375.793333"
"39.84513479","4380.906667"
"45.62085717","4358.446667"
"46.07638802","4331.653333"
"42.25996777","4326.323333"
"40.39725595","4296.006667"
"39.76373579","4273.85"
"41.77107233","4247.73"
"34.46088064","4276.636667"
"36.41483541","4289.06"
"37.03144321","4284.013333"
"44.68064684","4248.983333"
"41.90216946","4212.993333"
"38.24323349","4204.006667"
"36.47888417","4223.603333"
"33.98197528","4253.92"
"38.21466617","4253.213333"
"45.14007147","4219.596667"
"44.79277141","4171.003333"
"39.80984479","4161.046667"
"37.02352149","4168.196667"
"33.70317507","4203.536667"
"40.35063786","4207.94"
"41.90041733","4205.716667"
"45.78784694","4196"
"42.65246758","4201.806667"
"42.14472359","4229.996667"
"43.74702888","4271.476667"
"45.00634327","4286.37"
"51.98589597","4262.58"
"57.0753138","4212.093333"
"49.64483288","4193.07"
"44.70600226","4192.54"
"42.46641741","4218.926667"
"45.18071388","4282.32"
"45.2514323","4362.443333"
"51.05302981","4414.95"
"62.00725162","4422.103333"
"65.15045446","4425.74"
"61.98801349","4447.406667"
"61.95907506","4475.343333"
"64.70725774","4470.29"
"66.33270208","4418.72"
"67.52821746","4367.256667"
"60.23866126","4361.063333"
"49.09908254","4382.223333"
"50.71576618","4385.76"
"56.75960131","4374.276667"
"53.76681146","4387.093333"
"50.75193362","4425.23"
"53.40430903","4447.376667"
"56.57887868","4462.536667"
"59.65344825","4472.41"
"57.97609506","4486.046667"
"59.47458661","4498.663333"
"61.46151172","4518.63"
"60.8911721","4552.293333"
"62.22664018","4582.353333"
"65.91159732","4612.34"
"68.42356999","4622.646667"
"68.80180433","4615.67"
"71.9188924","4577.86"
"68.44921377","4559.65"
"61.86169079","4573.96"
"56.24745647","4591.123333"
"59.46681932","4601.903333"
"63.55549728","4614.886667"
"59.05087533","4649.436667"
"60.48078506","4677.64"
"64.95068903","4683.666667"
"66.94606499","4689.116667"
"66.66541425","4688.613333"
"65.3710433","4704.92"
"67.49203416","4763.063333"
"64.36908966","4827"
"67.75523296","4853.48"
"76.52195236","4834.42"
"76.16361526","4775.346667"
"66.50217561","4740.213333"
"67.4992331","4706.533333"
"54.09809651","4707.906667"
"54.19723453","4717.25"
"55.87013998","4733.203333"
"54.04721032","4790.15"
"56.27680613","4837.473333"
"59.63467316","4878.486667"
"66.86555728","4873.156667"
"66.41442545","4890.1"
"67.74437875","4900.126667"
"63.46481585","4869.39"
"67.62798106","4834.57"
"67.65062938","4815.73"
"51.02620556","4850.556667"
"54.92294206","4869.366667"
"58.31568395","4880.09"
"58.6852273","4887.45"
"58.8914046","4895.85"
"60.70457488","4894.55"
"60.13896231","4894.146667"
"60.63027664","4893.956667"
"59.95011157","4869.16"
"59.65527717","4845.36"
"60.32126177","4826.196667"
"49.69787452","4832.863333"
"49.80890058","4840.47"
"52.33004661","4838.576667"
"52.13852769","4846.346667"
"52.64076244","4852.476667"
"51.39378124","4873.7"
"55.31215093","4890.676667"
"55.10760881","4910.843333"
"60.12103916","4942.01"
"61.94674689","4981.533333"
"62.97732993","5012.736667"
"70.2439914","4980.843333"
"73.43556877","4940.416667"
"70.07655837","4925.376667"
"51.75967689","4951.076667"
"53.3407589","4945.616667"
"59.31269309","4926.353333"
"59.60978574","4916.053333"
"49.85251178","4928.936667"
"51.80392936","4936.76"
"54.92807565","4935.1"
"53.73060751","4919.273333"
"54.06760247","4922.783333"
"54.2613301","4934.373333"
"47.345302","4950.816667"
"54.63681766","4944.34"
"57.33379257","4915.51"
"52.45809932","4907.213333"
"51.48468907","4894.28"
"46.54050477","4887.216667"
"49.5852917","4866.61"
"46.99057286","4851.366667"
"44.27329855","4850.69"
"42.41784291","4847.783333"
"41.78392173","4857.88"
"44.9809142","4852.176667"
"42.10103815","4865.376667"
"47.32271666","4869.513333"
"43.84732017","4890.56"
"48.80980032","4893.943333"
"49.70419385","4928.676667"
"53.01948641","4967.49"
"50.05732089","5037.25"
"61.84205607","5051.773333"
"65.00547488","5050.556667"
"70.42920995","5041.493333"
"61.299076","5068.603333"
"59.82555142","5085.316667"
"63.85972146","5090.713333"
"66.95560369","5095.11"
"61.34615906","5099.216667"
"62.59483062","5103.093333"
"65.62844402","5090.32"
"59.93796157","5102.23"
"61.19456859","5105.713333"
"59.87824255","5095.523333"
"62.56198187","5078.1"
"61.09357299","5059.656667"
"54.23149836","5077.993333"
"55.16453346","5099.8"
"53.39349606","5137.97"
"59.66752911","5152.073333"
"61.46699011","5157.593333"
"64.64704008","5153.753333"
"62.67182774","5156.96"
"61.62136787","5170.696667"
"62.42316416","5187.16"
"63.31527563","5198.403333"
"65.90360744","5196.666667"
"67.48197603","5176.803333"
"65.99055551","5165.586667"
"63.09892262","5165.426667"
"55.83850841","5162.196667"
"58.35111676","5174.31"
"60.81982515","5187.526667"
"52.51806899","5210.346667"
"60.42558696","5215.593333"
"62.75180306","5223.043333"
"59.60315313","5202.266667"
"60.95041941","5177.726667"
"64.08156731","5143.866667"
"49.04558942","5139.703333"
"49.13500976","5154.526667"
"49.29339627","5175.606667"
"47.37113149","5207.966667"
"54.94943734","5218.506667"
"57.24382556","5211.83"
"59.41195509","5193.973333"
"58.14126718","5187.833333"
"53.15436014","5169.316667"
"51.05602276","5158.65"
"54.78713901","5137.383333"
"45.41276956","5140.166667"
"46.7598833","5093.1"
"46.18448848","5030.356667"
"46.71527568","4983.433333"
"32.28688947","4994.11"
"28.771758","4997.166667"
"36.15939387","4995.08"
"40.44236293","4971.786667"
"34.7381328","4956.63"
"39.1366624","4932.863333"
"36.80095202","4932.856667"
"33.34189118","4945.71"
"34.60583611","4981.166667"
"39.81100911","5007.03"
"38.87552612","5032.94"
"47.87889885","5048.063333"
"49.08809979","5069.06"
"47.93090431","5083.636667"
"52.75242544","5066.96"
"55.62511915","5032.886667"
"52.0697521","5028.146667"
"46.89832933","5049.9"
"44.64769256","5077.97"
"50.98840315","5082"
"54.01461782","5074.426667"
"53.54606762","5057.333333"
"51.80086945","5029.493333"
"51.29301143","4995.68"
"47.32935238","4995.03"
"42.27747441","5015.503333"
"40.10771893","5043.263333"
"48.71427901","5049"
"50.60667002","5050.7"
"50.58603436","5068.633333"
"50.69048016","5094.78"
"51.29216751","5107.99"
"57.39751029","5111.18"
"60.21500645","5115.79"
"54.9347508","5124.246667"
"57.11188688","5131.246667"
"60.42496517","5133.956667"
"56.79693275","5149.073333"
"58.4566879","5163.323333"
"60.4138989","5168.706667"
"62.05899993","5172.996667"
"63.36826438","5177.063333"
"61.43269118","5169.72"
"62.82728249","5151.436667"
"64.18557695","5143.91"
"55.34186022","5146.803333"
"51.56653381","5159.51"
"57.73384316","5140.516667"
"55.48817716","5098.296667"
"56.59454003","5056.703333"
"47.96826519","5058.343333"
"38.06672377","5097.873333"
"39.63339579","5127.913333"
"50.52045036","5136.486667"
"54.107573","5143.94"
"51.67551752","5161.473333"
"53.27147909","5190.766667"
"56.51688306","5216.03"
"57.8048302","5229.906667"
"62.85797168","5210.61"
"64.35500322","5198.726667"
"60.5708375","5196.003333"
"53.05473682","5211.873333"
"57.31644868","5205.476667"
"57.82667975","5206.32"
"58.37729195","5187.32"
"53.87894255","5187.58"
"57.14906928","5165.586667"
"49.35147077","5167.726667"
"53.01722813","5176.58"
"47.83884848","5211.513333"
"50.14181871","5264.11"
"55.95711161","5279.026667"
"59.84508934","5287.016667"
"65.89224825","5268.673333"
"57.47304306","5269.573333"
"58.98685852","5273.656667"
"57.91119469","5276.12"
"57.08325802","5285.786667"
"59.77852982","5294.413333"
"57.84867781","5295.633333"
"59.50476227","5312.566667"
"61.95473317","5323.63"
"56.43320937","5337.486667"
"62.75938469","5335.486667"
"63.30462205","5333.8"
"59.07770381","5351.366667"
"60.65472815","5351.693333"
"61.38833659","5367.373333"
"64.56489795","5376.016667"
"58.39698258","5397.943333"
"63.77788892","5406.896667"
"64.67462253","5421.9"
"64.9822762","5437.946667"
"66.37373128","5448.94"
"69.00209483","5459.846667"
"69.58324567","5467.58"
"69.33256114","5466.836667"
"71.98186768","5457.876667"
"71.2096859","5471.266667"
"64.99676392","5470.123333"
"65.35100742","5474.116667"
"72.07424356","5442.376667"
"58.61355689","5440.776667"
"60.676492","5428.623333"
"53.8299076","5433.856667"
"56.31055415","5433.63"
"54.24096906","5429.19"
"55.40363212","5435.383333"
"55.93525305","5436.686667"
"51.50453271","5444.67"
"57.21748721","5442.603333"
"55.3556849","5430.08"
"54.30456889","5407.313333"
"55.90085053","5390.38"
"48.59514083","5401.436667"
"43.29254087","5451.393333"
"47.9671319","5474.733333"
"54.04768164","5480.646667"
"62.96652161","5467.766667"
"55.4613359","5486.573333"
"54.05878186","5496.633333"
"56.71906368","5503.59"
"61.15392241","5492.94"
"55.91773406","5479.883333"
"57.44829704","5452.62"
"56.0491735","5427.023333"
"50.02058469","5418.13"
"46.54722201","5415.306667"
"45.99303477","5410.723333"
"46.91547662","5424.003333"
"45.54761477","5432.83"
"44.19435394","5444.633333"
"53.27537243","5436.226667"
"49.84809501","5372.336667"
"49.71443898","5307.653333"
"49.5791443","5197.723333"
"30.09983621","5144.713333"
"29.88079678","5111.04"
"22.54499248","5129.29"
"21.73964388","5162.133333"
"29.49404801","5165.25"
"32.03475288","5172.55"
"35.2638321","5168.393333"
"32.9089707","5186.766667"
"37.07445427","5208.073333"
"36.32934009","5226.28"
"40.69952216","5237.013333"
"45.61610304","5244.76"
"43.78025262","5266.643333"
"45.11893338","5291.776667"
"48.9746601","5307.036667"
"51.68283874","5316.42"
"53.98449972","5296.48"
"54.20724959","5270.563333"
"54.90403933","5235.723333"
"46.04524265","5222.533333"
"44.22510453","5186.9"
"41.88136504","5146.713333"
"41.59226709","5108.963333"
"33.48959825","5070.46"
"30.80003811","5005.146667"
"31.61018165","4949.476667"
"25.75894625","4920.75"
"20.31253767","4932.73"
"25.28996338","4900.806667"
"25.05229657","4882.07"
"26.15522969","4885.38"
"21.41021513","4921.283333"
"26.50873853","4958.753333"
"35.91712777","4963.253333"
"35.90021219","4960.636667"
"40.65692674","4950.14"
"38.64343552","4937.07"
"36.98925335","4932.186667"
"39.05351216","4908.54"
"36.34815216","4905.413333"
"36.76522499","4899.1"
"33.53394356","4919.833333"
"37.63471838","4921.86"
"37.05601471","4922.523333"
"42.89076684","4898.12"
"40.13200651","4871.966667"
"39.09947002","4856.293333"
"35.89183847","4863.743333"
"33.07091659","4884.92"
"36.42497692","4888.526667"
"41.71413772","4892.783333"
"42.87161613","4893.13"
"39.45376909","4888.713333"
"44.90611842","4843.58"
"44.45672131","4780.883333"
"39.34903682","4735.723333"
"32.03737023","4716.123333"
"28.28655204","4745.38"
"29.28958534","4771.733333"
"28.70293488","4794.6"
"41.80060472","4810.6"
"41.58587838","4812.726667"
"39.79741374","4809.13"
"48.47742874","4775.27"
"44.13784668","4713.946667"
"40.88732515","4617.01"
"39.06316046","4562.11"
"30.41444417","4549.71"
"23.94796846","4560.04"
"34.86582154","4526.703333"
"34.97521702","4478.876667"
"31.2598864","4420.7"
"30.05548965","4313.863333"
"28.16994306","4242.726667"
"24.09502237","4209.986667"
"19.2268348","4298.953333"
"25.33657669","4371.52"
"26.19334574","4462.146667"
"41.34267302","4456.09"
"42.37088079","4441.12"
"46.48509759","4415.62"
"41.58654507","4416.58"
"41.05090653","4389.013333"
"43.29167749","4360.403333"
"42.32411253","4336.376667"
"37.4203264","4350.336667"
"39.65319021","4364.7"
"39.44083874","4366"
"40.90000272","4356.68"
"43.44939409","4352.683333"
"40.71594298","4363.736667"
"39.80168845","4378.26"
"44.0387596","4366.813333"
"44.21758796","4321.516667"
"43.88749318","4265.97"
"41.3739741","4191.456667"
"34.71697623","4169.45"
"32.72511946","4174.273333"
"28.28309441","4219.066667"
"34.51581047","4228.863333"
"39.00138705","4268.793333"
"41.9177383","4332.426667"
"38.87496359","4425.536667"
"50.12856452","4474.78"
"56.59309631","4522.633333"
"58.9162342","4570.493333"
"59.16101017","4567.71"
"64.36690484","4540.326667"
"66.32047706","4504.05"
"54.77894705","4532.97"
"56.1219301","4559.18"
"56.96062706","4586.963333"
"59.67092991","4591.87"
"60.56207461","4614.313333"
"61.6699796","4643.14"
"59.74515666","4672.973333"
"63.78454775","4658.17"
"65.8586914","4584.94"
"64.0504376","4511.98"
"57.7327954","4464.053333"
"47.23165143","4484.41"
"46.1189262","4536.87"
"46.90131038","4574.293333"
"52.11740772","4585.446667"
"57.37703586","4547.763333"
"54.51034147","4505.703333"
"53.63791769","4467.383333"
"48.4012762","4454.956667"
"44.98258825","4462.22"
"45.02918224","4459.083333"
"45.99960113","4471.99"
"47.00427776","4480.346667"
"44.43172687","4505.933333"
"50.07245334","4526.06"
"49.7909","4540.446667"
"51.8096042","4549.26"
"55.6778978","4557.333333"
"53.4687749","4563.83"
"53.88792945","4530.856667"
"57.71143633","4521.563333"
"54.6741986","4516.663333"
"43.43447665","4546.97"
"53.47397421","4530.563333"
"52.41015854","4522.406667"
"51.61612301","4498.006667"
"48.89453697","4483.926667"
"50.16038592","4441.303333"
"44.86884889","4411.306667"
"45.09019893","4392.293333"
"39.04499158","4422.27"
"37.60130207","4482.86"
"41.79539861","4502.686667"
"49.55002106","4505.096667"
"55.74796044","4492.3"
"48.0872805","4510.3"
"49.95592295","4532.523333"
"52.21685818","4549.786667"
"52.6520634","4573.24"
"55.62514468","4562.763333"
"56.63997507","4558.916667"
"58.6456059","4564.24"
"51.38446823","4565.75"
"54.28291482","4561.906667"
"58.55096235","4514.073333"
"50.7230521","4508.1"
"52.11373162","4505.063333"
"45.11807572","4520.963333"
"49.37884051","4524.78"
"51.50313102","4509.633333"
"49.33246198","4481.233333"
"50.34662084","4444.616667"
"47.30280059","4432.95"
"41.90680943","4458.886667"
"40.81758388","4491"
"45.50999955","4533.296667"
"50.38657712","4565.643333"
"50.83865536","4600.54"
"57.37704105","4614.206667"
"58.92114772","4609.076667"
"59.92518934","4602.726667"
"60.71930572","4616.456667"
"56.02416164","4686.96"
"56.86162064","4744.466667"
"62.96804202","4766.686667"
"71.31820281","4758.99"
"67.58072227","4740.91"
"63.31999983","4745.083333"
"66.08336984","4741.633333"
"59.26942275","4763.1"
"61.4036358","4747.286667"
"62.8097897","4728.323333"
"63.73116623","4686.743333"
"54.78966891","4673.463333"
"55.70099893","4656.696667"
"50.31216832","4683.063333"
"50.65790537","4720.81"
"50.7182796","4761.363333"
"57.6741144","4795.713333"
"60.69301458","4820.073333"
"61.40032633","4843.706667"
"65.5601197","4842.166667"
"66.10863294","4831.166667"
"66.60830908","4811.94"
"63.75216345","4806.006667"
"60.76582418","4828.17"
"58.21512553","4847.03"
"60.28611249","4862.916667"
"65.92077015","4865.636667"
"61.80975003","4877.613333"
"62.85787794","4885.52"
"65.0087712","4875.66"
"65.01057087","4865.15"
"64.91169892","4845.793333"
"59.74340483","4818.3"
"59.40499493","4794.006667"
"54.71973732","4790.526667"
"46.86450276","4814.44"
"48.01748738","4835.07"
"53.07168757","4846.246667"
"56.75087723","4850.48"
"56.38949054","4858.826667"
"57.3278082","4864.53"
"58.41542402","4860.74"
"59.83506656","4833.653333"
"59.63222983","4821.08"
"55.21677881","4823.18"
"44.84353249","4832.473333"
"51.79865169","4830.473333"
"55.14855266","4834.65"
"49.15791351","4857.01"
"50.48197746","4874.686667"
"56.37005999","4887.206667"
"58.44965279","4898.143333"
"57.49056511","4898.896667"
"60.92252571","4869.23"
"62.36170709","4846.203333"
"55.57332027","4836.046667"
"45.86699169","4844.21"
"50.41311143","4831.763333"
"50.79791137","4819.72"
"49.3169114","4814.393333"
"44.96236483","4794.723333"
"45.63545739","4778.343333"
"47.45173571","4770.796667"
"37.80952267","4788.8"
"40.27234849","4788.33"
"46.37334963","4765.53"
"46.90604034","4740.81"
"41.41901083","4731.693333"
"37.9544696","4722.58"
"37.68425145","4716.82"
"38.70253998","4719.92"
"35.1202913","4722.11"
"36.72327988","4742.476667"
"43.01398896","4756.11"
"38.72568781","4790.756667"
"49.07105229","4798.72"
"50.7388545","4817.09"
"54.88419304","4823.256667"
"52.08972962","4842.273333"
"57.65402618","4861.056667"
"56.58904774","4894.643333"
"59.19679082","4915.356667"
"63.94313996","4908.946667"
"67.60337","4880.303333"
"64.28478425","4844.026667"
"57.61398451","4825.626667"
"53.25959773","4814.546667"
"47.73769247","4816.933333"
"49.71243911","4821.45"
"48.77670138","4837.686667"
"48.71398122","4859.126667"
"51.92642465","4879.696667"
"55.98838588","4883.29"
"58.03038432","4868.576667"
"60.39514261","4848.31"
"56.16079666","4850.93"
"49.56297829","4899.44"
"49.79951229","4959.64"
"56.62584468","4989.443333"
"66.9139528","5019.083333"
"69.79372401","5046.71"
"62.56249642","5100.826667"
"69.83836626","5105.666667"
"71.69341423","5109.216667"
"73.6604386","5107.073333"
"66.38343528","5136.836667"
"68.1735506","5181.05"
"69.31752528","5210.873333"
"72.14001056","5219.013333"
"75.83610602","5211.673333"
"72.03495805","5214.15"
"69.18598761","5239.853333"
"70.67745898","5265.99"
"70.90926125","5263.186667"
"73.98306942","5292.26"
"75.37672808","5316.963333"
"63.1724032","5362.26"
"71.78060888","5366.353333"
"72.34201992","5381.996667"
"69.61808486","5417.696667"
"70.83069123","5439.84"
"73.25674455","5441.073333"
"75.11744708","5427.776667"
"72.4961042","5406.746667"
"70.18996523","5372.283333"
"69.48199986","5356.536667"
"63.53361163","5384.62"
"56.49143129","5416.446667"
"60.73563583","5434.886667"
"66.82405808","5420.116667"
"61.60989246","5416.1"
"62.38461437","5425.083333"
"61.18629895","5432.313333"
"59.57069168","5421.236667"
"63.52469625","5390.636667"
"61.54751783","5373.053333"
"53.55575863","5360.983333"
"52.64302498","5358.03"
"54.96967796","5353.37"
"49.31129359","5368.97"
"51.29272549","5374.843333"
"53.23335753","5344.783333"
"54.20838277","5289.523333"
"52.88992563","5214.51"
"43.09114748","5209.143333"
"37.52030499","5226.543333"
"32.74315066","5292.06"
"45.59435043","5330.206667"
"45.77599972","5358.33"
"52.34987574","5384"
"55.28893009","5401.233333"
"52.67695734","5405.453333"
"57.82456808","5420.226667"
"58.71075792","5433.68"
"52.28240536","5452.296667"
"59.35563326","5434.103333"
"59.89814143","5402.38"
"55.03220227","5382.44"
"53.9981534","5373.326667"
"51.05760927","5369.146667"
"49.58336763","5362.336667"
"51.53812907","5368.296667"
"49.82903558","5383.526667"
"47.46895552","5413.41"
"53.31883351","5416.546667"
"54.27939286","5414.343333"
"56.12232838","5411.326667"
"53.6732592","5407.503333"
"53.00136974","5406.166667"
"54.88150124","5404.78"
"51.888055","5408.93"
"52.11375961","5416.55"
"54.24632571","5416.273333"
"53.26820469","5414.67"
"54.90361913","5383.656667"
"53.82406321","5365.873333"
"52.04359025","5359.456667"
"41.41971061","5406.516667"
"46.5493101","5423.736667"
"49.90431629","5445.103333"
"59.68017498","5365.533333"
"52.34096215","5266.006667"
"56.0571934","5142.07"
"37.13772585","5126.566667"
"31.11704597","5152.326667"
"29.46863187","5182.863333"
"39.39858365","5189.266667"
"40.04112839","5195.593333"
"38.7019411","5179.59"
"41.86084941","5149.556667"
"42.53723099","5124.446667"
"36.87151871","5133.383333"
"36.43378543","5161.443333"
"38.7327328","5197.873333"
"40.02644099","5237.673333"
"45.10908389","5262.41"
"49.47686363","5268.88"
"51.44660001","5280.686667"
"51.86705581","5292.41"
"51.08936899","5301.826667"
"54.77972172","5288.19"
"55.19729015","5270.266667"
"53.44462919","5249.61"
"49.82786321","5225.973333"
"48.84998426","5195.346667"
"46.22731825","5155.26"
"41.97998576","5105.58"
"39.11385953","5060.653333"
"34.68650867","5057.84"
"29.81258197","5113.363333"
"28.84617609","5204.986667"
"39.3489477","5269.573333"
"50.48705593","5291.75"
"57.78793494","5291.286667"
"57.21623471","5300.883333"
"55.13715394","5324.566667"
"57.17422462","5329.626667"
"59.10344318","5324.433333"
"60.78678393","5309.173333"
"57.17590516","5301.303333"
"56.41781923","5288.99"
"55.35254475","5277.556667"
"54.27309492","5278.233333"
"51.74264827","5286.89"
"50.96090406","5282.68"
"54.3820292","5268.076667"
"54.8896671","5265.79"
"48.64856955","5278.946667"
"48.206911","5301.166667"
"53.77132387","5308.083333"
"53.99010861","5311.043333"
"57.07740217","5303.2"
"56.26088543","5307.973333"
"54.47722243","5324.99"
"52.95688721","5347.213333"
"57.84950054","5370.16"
"61.32796985","5379.416667"
"62.22078839","5379.523333"
"66.39062715","5371.55"
"63.29006412","5368.28"
"59.11496741","5384.436667"
"60.62275941","5387.3"
"60.53307011","5389.41"
"65.59841293","5369.866667"
"59.34434674","5356.64"
"58.78652514","5350.2"
"53.31478664","5357.473333"
"51.42209392","5372.446667"
"54.51673443","5380.51"
"56.87015869","5385.156667"
"59.00668432","5377.54"
"58.28836998","5386"
"58.96437335","5387.51"
"53.21869919","5403.096667"
"61.03781901","5401.216667"
"57.16044106","5402.063333"
"60.13877091","5399.586667"
"58.44262002","5395.61"
"56.34205883","5400.813333"
"57.92998581","5410.546667"
"55.00642917","5424.446667"
"58.59786352","5460.736667"
"62.43670828","5497.016667"
"62.56959149","5530.886667"
"73.52968086","5539.17"
"75.52436697","5537.056667"
"73.78654294","5546.98"
"74.67336483","5554.993333"
"72.07625614","5557.363333"
"75.14523431","5566.946667"
"75.47494062","5575.553333"
"68.00037137","5584.523333"
"73.57676644","5589.283333"
"73.6192217","5608.906667"
"67.06769438","5645.196667"
"71.34415187","5669.68"
"75.35622962","5670.236667"
"77.27105316","5659.343333"
"77.51483944","5641.906667"
"70.80397533","5638.793333"
"68.6064448","5629.543333"
"64.75127552","5612.73"
"66.74524776","5600.186667"
"60.47617993","5593.106667"
"52.90311464","5622.103333"
"57.19350223","5646.863333"
"55.1059095","5690.603333"
"63.86930231","5704.786667"
"65.57665497","5706.286667"
"69.87273465","5689.38"
"66.08532417","5669.493333"
"62.0490595","5664.206667"
