"open","high","low","close","volume","trend"
739.73,759.11,737.15,753.99,10.13,1
753.99,817.56,750,799.04,18.64,1
799.04,819.9,771.18,808.52,76.87,1
808.52,840,783.02,827.65,33.23,1
827.65,980,827.41,913.93,54.92,1
898.73,1019,886.44,936.27,75.02,0
936.27,945,810,837.02,49.39,0
837.02,899.84,788,824.98,19.31,1
824.98,870,807.42,850.29,8,1
850.29,857.34,817,857.33,8.19,1
857.33,918.05,857.17,899.84,18.75,0
899.84,900.94,833,860,25.43,0
860,860,815,850,25.81,0
850,877.29,805,831,31.72,1
831,864,828,850,6.71,0
850,865,824,826.97,27.71,0
826.97,835.06,788,804.35,26.35,1
804.35,844.14,804,819.51,18.78,1
819.51,848.9,819.51,835,11.94,1
835,855,830.1,843.77,4.45,0
843.77,845.99,820.1,829.01,6.9,1
829.01,834.53,821,830.89,1.71,1
830.89,830.89,821,830.89,11.58,0
830.89,836.35,783,794.93,24.52,1
794.93,830,794.93,812.02,9.93,1
812.02,840,812.02,826.72,6.57,0
826.72,840,790,790,23.97,1
790,830,775,815.99,27.48,0
815.99,826.23,795,795,18.92,1
795,815.23,787.01,808,27.02,1
808,812.63,801,812.19,12.87,1
812.19,835,803.41,825,6.47,0
825,835,814.86,814.86,7.25,1
814.86,819.8,803.65,819.78,7.27,0
819.78,819.78,799.58,802.4,11.43,1
802.4,815.9,802.4,802.69,10.42,0
802.69,803.73,767.61,767.61,39.76,0
767.61,775.21,666.35,723,63.49,0
723,730,682.61,693.65,30.6,1
693.65,756.1,680.01,696.49,36.77,0
696.49,748,550,690.2,31.78,0
690.2,720,660,672.6,32.13,0
672.6,714.56,651.31,670.67,18.85,0
670.67,680,595.63,623.95,44.68,1
623.95,710,586.43,670.34,42.45,0
670.34,682.78,646.88,656.28,11.81,0
656.28,668.82,600,635.79,18.52,1
635.79,679.06,593.68,638.1,39.7,0
638.1,652.51,623,636.52,20.84,0
636.52,640,602.91,630.16,13,0
630.16,641.36,565.57,575.72,49.97,0
575.72,597.05,547.72,572.27,28.37,1
572.27,620.9,567.55,605.43,13.24,1
605.43,650.28,600.91,616.88,21.05,0
616.88,616.9,540.64,572,29.7,0
572,572,450,522.84,60.12,1
522.84,650,522.84,593.14,105.88,1
593.14,629.9,580.5,596.49,45.84,0
596.49,599,570,573.94,29.32,1
573.94,605,550,575,8.04,1
575,588.08,572.41,578,2.16,1
578,700,578,669.75,67.58,1
669.75,720,661.48,680.6,27.98,1
680.6,690.17,660.01,680.99,5.23,0
680.99,693,660.1,665.66,4.39,0
665.66,680.46,628.73,641.48,13.85,0
641.48,667.99,623,636.01,4.22,1
636.01,658,629.05,641.57,1.82,1
641.57,684.5,630,642.08,6.5,0
642.08,665.93,560,641.82,18.36,1
641.82,660,550.28,651.08,7.9,1
651.08,657.99,620,653.4,4.78,0
653.4,654.91,550,631.24,24.79,1
631.24,646,618.29,646,3.2,1
646,652,639,651.95,7.62,0
651.95,651.95,616,637.73,1.91,0
637.73,637.73,610.01,619.78,9.05,1
619.78,633.66,612.22,620,4.86,0
620,625.02,590,590,8.49,1
590,615.23,580,590,16.27,0
590,596,554.05,572.3,11.84,1
572.3,596,566.36,574.22,1.31,1
574.22,592.54,554.5,585.4,5.69,0
585.4,591.15,579,579.02,5.73,1
579.02,641.14,579,585.09,13.33,0
585.09,599.27,502.78,502.78,34.78,1
502.78,553,500,516.48,44.09,0
516.48,518,505,514.99,6.11,0
514.99,514.99,436.07,467.1,33.23,0
467.1,530,443.35,462.39,17.6,1
462.39,503.23,462.39,490.73,17.55,0
490.73,497.15,443.63,443.63,15.11,1
443.63,463.7,426.45,458.6,15.54,1
458.6,550,440,458.84,21.14,1
458.84,467.85,447.57,467.85,0.9441,0
467.85,469.44,450,461.82,5.12,1
461.82,475.32,450,462.08,7.09,0
462.08,465.82,454.38,454.39,3.32,1
454.39,462.09,450,461.09,1.27,0
461.09,461.09,383.08,383.08,17.11,1
383.08,583.75,353.76,430,16.22,1
430,450,429.01,448,10.71,0
448,448,407.07,429.79,9.32,1
429.79,480.07,411.34,459.38,42.64,1
459.38,573.67,450.5,523.74,30.52,0
523.74,550.8,490.56,523.52,51.73,0
523.52,530.36,495.53,504.29,16.15,0
504.29,515,477.19,485.56,31.51,1
485.56,525.28,479.96,504.5,10.97,1
504.49,510,500,504.73,1.54,0
504.73,517.31,485,496.42,17.33,0
496.42,510.49,484.62,489.72,7.49,1
489.72,504.5,489,495.62,7.02,1
495.62,501.95,490,501.95,3.58,0
501.95,503.48,449,471.02,27.38,0
471.02,476.18,456.75,463.7,3.39,0
463.7,463.7,438.72,438.72,2.91,1
438.72,455.09,429.09,446.18,6.12,0
446.18,454.62,435.65,445.68,7.31,1
445.68,452.82,441.23,448.34,9.06,1
448.34,464.42,448,459.32,14.51,0
459.32,459.32,446.49,455.16,7.08,0
455.16,455.16,432.43,441.04,8.5,1
441.04,445.4,431.17,442,1.77,0
442,442,429.18,429.18,5.66,1
429.18,439.69,422.19,431.87,5.75,1
431.87,452.74,431.61,441.89,20.36,1
441.89,452,441.81,448.26,5.79,1
448.26,459.22,441.81,450.63,4.04,1
450.63,458,446.1,454.99,5.53,0
454.99,454.99,432.88,441.5,11.53,0
441.5,445.22,432.21,440.82,7.19,0
440.82,444.76,436.45,440.78,4.51,1
440.78,445.52,440.78,445.52,0.8711,1
445.52,449.59,440.89,449.59,3.02,1
449.59,453.83,447.1,453.83,5.59,1
453.83,453.83,446.2,453.83,0.2061,0
453.83,453.83,445.56,445.56,2.58,1
445.56,445.56,445.56,445.56,0,1
445.56,498.84,445.56,493.43,25.28,1
493.43,497.67,490.85,494.77,4.24,1
494.77,530,494.77,530,32.85,0
530,548.05,515.31,521.47,14.82,1
521.47,530,515.21,530,2.62,1
530,589,530,574.05,15.83,1
574.05,589.11,563.68,583.2,10.95,0
583.2,594.64,538.84,570.92,26.92,1
570.92,589.16,565.22,575.83,4.52,0
575.83,576.26,564.9,570.49,2.18,1
570.49,628.61,566.15,616.08,18.38,1
616.08,628.13,603.87,628.13,15.4,0
628.13,673.37,621.79,627.54,37.05,1
627.54,672.64,621.79,665.58,10.32,1
665.58,677.91,652.26,671.43,16.68,0
671.43,671.43,525,650.48,59.16,1
650.48,669.75,650.45,657.01,15.16,0
657.01,660,653.4,653.4,5.27,1
653.4,659.8,636.68,659.8,4.75,0
659.8,659.8,646,646.54,0.888,0
646.54,656.44,636.5,643.44,4.65,1
643.44,657.72,643.44,646.89,7.13,0
646.89,649.93,617.99,617.99,19.6,0
617.99,637.06,552,565.56,75.97,1
565.56,617.31,565.56,589.68,19.43,0
589.68,600,542.96,575.6,15.89,1
575.6,589.55,534.28,589.55,34.51,1
589.55,612.91,574.18,597.14,10.67,1
597.14,608.98,586.25,608.97,2.8,0
608.97,625,603.41,605.89,10,0
605.89,627.05,594.12,595.93,8.41,0
595.93,602.79,578.51,593.9,5.81,0
593.9,598.5,581.09,590.59,0.7642,1
590.59,602.33,584.75,596.24,8.34,0
596.24,596.24,584.42,584.42,2.64,1
584.42,595.23,576.13,586.15,2.85,0
586.15,586.15,557.43,564.42,29.23,1
564.42,583.26,564.42,583.26,2.76,1
583.26,600,575.35,597.69,21.78,0
597.69,604.38,590.76,596.12,4.14,0
596.12,602.3,589.76,589.76,0.9983,1
589.76,645,587.72,637.07,18.67,1
637.07,657.83,634.16,650,12.04,0
650,658.87,638,645.77,25.77,1
645.77,655.08,638.89,647.55,6.04,0
647.55,655,622.6,635.25,10.3,0
635.25,635.25,618,628.99,3.74,1
628.99,652.78,628.99,629.1,2.25,0
629.1,638.97,614.74,625.99,6.47,0
625.99,626.87,614.74,617.04,1.44,1
617.04,627.9,615.35,627.9,1.63,0
627.9,632.11,614.47,614.47,0.6427,1
614.47,629.46,614.47,629.46,1.5,1
629.46,639.34,629.46,632,0.6899,0
632,653.49,625.29,626.5,1.05,0
626.5,632.67,618.14,626.23,1.34,0
626.23,626.23,620.03,620.03,0.18,1
620.03,626.16,612.9,625.22,7.41,0
625.22,630.01,610.35,624.98,0.9631,1
624.98,629,615.17,626,12.29,1
626,630,626,630,1.56,0
630,630,619,619,0.5068,1
619,629.77,619,629.77,0.0006352,0
629.77,629.77,618.69,618.69,8.44,0
618.69,623.98,610,618.62,7.5,0
618.62,623.43,593.86,605.64,17.72,0
605.64,623.22,593.8,596.08,8.67,1
596.08,607.96,593.8,600,5.06,1
600,600,600,600,0.1545,0
600,600,574.58,591.9,4.09,0
591.9,597.66,575.07,583.21,2.68,0
583.21,588.98,566.75,566.75,11.67,1
566.75,591.95,566.75,590.21,33.05,1
590.21,602.36,584.77,596.4,3.05,0
596.4,601.18,590.49,590.49,2.57,0
590.49,594.8,578.86,578.86,1.79,1
578.86,596.25,578.86,596.25,4.11,0
596.25,598.03,579,579,9.04,1
579,579,579,579,0,1
579,593,577.24,580.58,16.81,1
580.58,590,580.58,590,0.4273,1
590,590,578.14,590,7.8,0
590,595.36,583.24,583.24,1.66,0
583.24,595.36,572.77,572.77,0.4779,1
572.77,580,566.99,580,3.82,0
580,580,531.64,535.08,4.35,0
535.08,553.83,501,523.76,31.83,1
523.76,530,501,530,22.87,0
530,530,500,503.52,12.1,0
503.52,539.99,500,500,2.65,0
500,505,455,455,28.55,1
455,500.5,455,500.5,77.76,1
474.02,530,474.02,530,13.53,0
530,530,500.01,505,4.62,1
505,529.97,482.22,529.95,9.62,0
529.95,529.95,482.27,525,0.5639,0
525,525,524.88,524.88,0.7,0
524.88,524.88,490.1,516.12,26.86,1
516.12,516.12,516.12,516.12,0,1
516.12,524.85,516.12,524.85,1.31,0
524.85,524.85,495.08,495.08,0.02382,1
495.08,524.88,495.08,524.88,0.5178,0
524.88,524.88,495.26,524.27,0.4584,0
524.27,524.27,490.5,509.98,5.61,0
509.98,509.98,490.01,490.01,0.09953,1
490.01,524.77,490.01,524.77,3.81e-05,1
524.77,524.77,524.77,524.77,0,0
524.77,524.77,475,475.01,3.41,1
475.01,475.01,475.01,475.01,0,1
475.01,524.77,475.01,524.77,0.1769,0
524.77,524.77,480,480,1.24,1
480,524.77,465,488.77,41.14,0
488.77,488.77,465,475,0.5077,1
475,475,475,475,0.02,1
475,475,475,475,1.01,1
475,475,475,475,0,0
475,475,474.77,474.77,0.1492,1
474.77,490,474.77,490,0.212,0
490,490,465.01,465.01,3.08,0
465.01,528,465,465,2.76,0
465,465,445,445,5.14,1
445,503.18,400,503.18,18.12,0
503.18,503.18,375.94,375.94,1.5,1
375.94,466.67,375.94,385,0.1559,1
385,450,385,385.01,1.2,1
385.01,425,295,404.83,24.18,1
404.83,453,404.83,449.81,6.9,0
449.81,449.81,412.34,433.15,4.09,0
433.15,433.15,397,397,4.51,1
397,397,397,397,0,1
397,397,397,397,0,0
397,450,387.63,390,10.78,0
390,394,370.01,370.94,0.7155,1
370.94,393.22,370.12,380.02,6.68,1
380.02,390,380.02,390,2,0
390,390,370.1,370.11,0.275,0
370.11,389.98,355,355,20.27,0
355,369.63,322.11,322.11,38.11,1
322.11,330,273.33,330,18.72,1
330,349.85,300,349.85,53.41,0
349.85,349.85,315.06,335,0.12,1
335,359.98,335,359.98,8.1,1
359.98,400,335.16,370.19,30.22,0
370.19,378.99,355.59,355.59,7.78,1
355.59,379,355.59,357.18,0.4618,1
357.18,379,352.83,379,16.63,1
379,400,370.1,400,20.85,1
400,418.99,395.28,411.26,29.73,0
411.26,411.26,385.48,400.31,11.23,0
400.31,400.31,374.61,389.14,16.08,0
389.14,389.14,376.73,381.01,0.05216,1
381.01,395.79,371,395.79,0.9598,1
395.79,395.79,395.79,395.79,0,0
395.79,395.79,391.24,391.24,0.05,1
391.24,391.58,371,391.58,9.92,0
391.58,393.49,371.38,388.71,2.66,0
388.71,388.71,365,368.64,11.95,1
368.64,373.69,355,373.35,7.6,0
373.35,373.35,355,359.51,7.81,1
359.51,384.72,359.51,362.5,6.12,1
362.5,368.15,362.5,364.3,0.04324,1
364.3,365.13,352.01,365.13,0.5898,0
365.13,365.13,335.01,335.07,8.87,1
335.07,350,335,346.02,7.56,1
346.02,347.95,344.29,347.95,0.03559,0
347.95,347.95,320,320,5.66,1
320,325.19,320,323.94,0.1154,1
323.94,325.19,323.94,325,4.97,1
325,330,325,325,16.87,1
325,348.2,325,328.2,9.73,1
328.2,349.17,328.2,348,0.04009,0
348,348,333,347.08,6.6,1
347.08,350,330.16,350,4.81,1
350,350,338.66,350,19.36,1
350,370,350,355,3.57,1
355,372.63,355,371.7,5.42,1
371.7,430.36,371.7,423.48,219.46,0
423.48,450,380,415,65.88,0
415,417.77,395,395,23.16,0
395,395,378.97,379.99,10.68,1
379.99,395,379.56,380,1.56,1
380,414.26,376,400,25.27,0
400,400,370.39,375.02,13.23,1
375.02,392.96,375.02,390,0.9256,0
390,390,354.33,354.38,67.07,1
354.38,360,342.66,360,1.64,1
360,370,360,370,4.05,1
370,370,360,370,4.76,1
370,385,370,372,11.24,1
372,390,372,376,10.13,0
376,389.94,366.42,372.87,19.24,1
372.87,385.69,365.01,376.9,2.38,1
376.9,387,360.52,387,23.27,0
387,387,379.09,379.09,4.2,1
379.09,386.32,379.09,386.32,0.001595,0
386.32,386.74,370.13,374.03,4.18,1
374.03,386.15,372.91,386.15,3.81,0
386.15,386.15,371.46,380,23.49,0
380,380,364.72,379.75,3.76,0
379.75,380,375.19,375.19,4.68,0
375.19,394.59,367,374,34.17,0
374,389.98,370.43,373.07,0.3818,0
373.07,376.06,360.29,362.58,4.53,0
362.58,376,342.46,345.49,6.64,1
345.49,357.5,345.49,345.56,0.1607,1
345.56,372.12,342.5,372.12,0.7364,0
372.12,372.12,346.77,360,0.9118,0
360,360,350,352,33.15,0
352,358.98,350,350,0.6043,0
350,358.98,342.04,343.07,22.78,0
342.04,358.92,330.09,330.09,4.45,0
330.09,355.33,315.02,329.99,30.11,0
329.99,332.17,310,320,5.86,1
320,368.12,310.03,349.98,23.07,0
349.98,349.98,348.99,348.99,1.87,0
348.99,348.99,319.67,325.01,39.87,1
325.01,327.06,325.01,327.06,1.08,1
327.06,342.08,327.06,338.75,0.5716,0
338.75,338.75,320.38,320.38,4.11,1
320.38,320.38,320.38,320.38,0,1
320.38,320.48,320.38,320.48,0.01,0
320.48,320.48,313.37,313.37,3.74,0
313.37,320.04,313.01,313.01,1.9,1
313.01,325,313.01,314.76,29.97,0
314.76,338.95,313,313,4.55,1
313,319.14,313,319.14,9.61,1
319.14,325,314.03,325,0.435,0
325,325,313.18,315.3,8.92,0
315.3,319.93,295,295,52.48,0
295,297.48,265.87,265.87,25.49,1
265.87,280,252.32,277.4,61.92,1
277.4,293.66,260,281.15,8.48,1
281.15,300,269,300,7.71,0
300,300,283.53,283.53,8.34,0
283.53,295.72,283,283.5,3.5,0
283.5,300,274.73,277.78,53.89,0
277.78,277.78,265,265,1.77,1
265,300,263.02,265.06,59.03,0
265.06,268,215.09,216,200.71,0
216,230.99,175,175,204.92,1
175,236.47,175,219,133.32,0
219,219,195.2,213.36,44.71,0
213.36,213.36,196,200,9.22,1
200,220,199.5,219.98,31.12,0
219.98,219.98,206,211.01,7.54,1
211.01,219.84,208.4,219.82,5.22,1
219.82,225.91,206.1,224.49,47.35,1
224.49,241.02,224.49,227.02,26.41,1
227.02,231.24,222.68,228.04,10.24,1
228.04,251.36,228.02,250.87,108.7,1
250.87,257.06,241.28,257.06,46.71,1
257.06,307.05,250.04,270,86.66,0
270,270,205,250.85,59.44,0
250.85,280,248,248,66.57,0
248,248,222.28,231.83,36.22,0
231.83,239.36,220,220,55.19,0
220,239.98,216.69,216.69,13.39,1
216.69,239.98,210.01,239.98,5.1,0
239.98,239.98,223.94,228,5.23,1
228,246.93,228,235.45,18.47,0
235.45,235.45,221.85,228.9,15.17,0
228.9,228.9,215.25,217,17.34,1
217,225,215,221.92,12.4,1
221.92,231.58,218.44,229.66,1.81,0
229.66,229.66,218.81,229.23,14.25,0
229.23,229.23,215,220.5,16.66,0
220.5,221.92,215,215.01,3.39,0
215.01,215.01,205,207.2,5.63,1
207.2,224,207.2,224,2.52,1
224,240,207,232.8,58.79,1
232.8,250,228,250,44.01,0
250,264.8,228,233.94,48.46,1
233.94,250.66,227.67,250.66,27.26,0
250.66,250.66,230.3,249.98,7.42,0
249.98,249.98,230.3,236,14.94,1
236,244.06,236,240.1,6.17,1
240.1,248.5,240.1,241.03,40.23,0
241.03,244.09,240.09,240.12,0.2377,0
240.12,247.44,235,235,21.4,1
235,239.9,234.08,236.12,28.05,1
236.12,238,236.12,238,0.88,0
238,240.18,237.02,237.02,6.48,1
237.02,239.64,235,239.64,22.71,1
239.64,259.42,238,256,122.77,0
256,256,244,250.13,43.61,1
250.13,261.5,240.01,250.36,24.21,1
250.36,280,249.89,271.37,53.78,1
271.37,280.09,264.69,277,24.73,0
277,285.73,267.32,269.4,36.32,1
269.4,278.61,265.17,274.49,16.6,0
274.49,275.46,260,260,10.93,1
260,270,260,269.93,0.1874,1
269.93,280,269.93,270.08,3.76,1
270.08,297.51,270.08,297,18.78,0
297,300,287.21,295,26.6,1
295,299.94,289,295.68,37.08,0
295.68,296.94,289.37,290.28,10.73,0
290.28,293,272,285,77.95,0
285,288.63,272.64,282.33,54.76,1
282.33,288,281.51,288,0.1454,1
288,294.44,288,294.44,32.99,0
294.44,294.96,284,284,17.76,0
284,288.2,250,257.48,37.81,0
257.48,280.87,253.45,255,6.26,1
255,271,255,261.65,1.21,0
261.65,272.49,259.68,259.68,0.1201,1
259.68,271.34,258.06,271.34,18.18,0
271.34,272,263,266.58,9.08,0
266.58,266.58,245,255.33,28.13,0
255.33,255.33,237.69,250.98,10.57,1
250.98,269,250.05,251.9,14.12,1
251.9,252,242.88,252,0.6849,1
252,255.7,247.81,252.5,2.12,0
252.5,252.5,240.44,243.59,4.38,1
243.59,269,240.19,269,4.65,0
269,269,244.42,244.42,1.03,0
244.42,249.24,241.06,242.98,17.81,1
242.98,255.93,240,251.2,16.16,1
251.2,256,249.37,252.9,6.6,0
252.9,255,249.52,249.56,9.16,1
249.56,259.99,249.56,259.99,1.45,0
259.99,262.42,253.01,254.38,8.99,0
254.42,256.88,246.51,248.84,25.79,1
248.84,258.24,244.39,249.46,13.77,0
249.46,249.46,239.96,249.27,7.55,0
249.27,249.27,232.85,242.5,37.67,0
242.5,242.5,230.76,232.58,23.62,1
232.58,240,232.58,240,18.94,0
240,254.38,223.54,227.94,21.32,0
227.94,231.85,216.5,221.98,41.27,0
221.98,224,219.66,220.11,12.48,1
220.11,234.7,220.11,233.6,9.11,0
233.6,233.6,223.01,223.01,2.31,0
223.01,227.49,222,222.02,4.91,1
222.02,229,222.02,226.79,10.28,0
226.79,228,223.26,223.6,39.33,1
223.6,235.23,223.6,234.74,93.12,0
234.74,238.89,232.09,233.27,41.04,1
233.27,235.69,231,234.99,23.61,0
234.99,237.58,227.96,230.96,42.22,0
230.96,232.14,226.03,227.49,5.8,0
227.49,227.49,216.34,220.15,35.01,1
220.15,238.56,217.34,228.26,28.26,0
228.26,233.25,224,224.84,42.78,1
224.84,232,224,226,24.59,1
226,239.65,225.69,237.31,49.81,0
237.31,238.97,231.7,232.1,30.42,1
232.1,239.09,231.21,234.15,31.21,1
234.15,242.5,234.15,240.36,24.95,0
240.36,242.11,236.19,236.19,12.16,0
236.19,239.11,231.42,235.59,14.64,0
234.88,239.35,228,228,50.49,1
228,242.44,227,235.71,25.63,1
235.71,243,234.8,240.51,14.68,1
240.51,243,234.13,241.74,14.44,0
241.74,242.62,236.13,239.24,8.45,1
239.24,243.15,238.8,241.86,35.81,1
241.86,242.99,237.55,242.99,32.16,0
242.99,244,235.08,235.09,63.85,1
235.09,237.99,235,236.47,7.28,1
238.51,240.05,237.49,238.98,1.22,0
238.98,239.39,235.14,237.35,3.67,0
237.35,237.57,235.6,235.86,1.39,0
235.86,236.62,231.91,233.34,13.18,0
233.34,233.91,231.43,232.78,24.91,1
232.78,235.06,231.1,234.8,23.32,1
234.55,238.18,233.97,236.09,11.64,1
236.09,244,233.91,237.59,63.87,0
237.59,240.84,237.39,237.39,28.22,1
237.39,241.13,237.39,240.68,10.83,0
240.68,240.68,234.83,235.92,31.94,1
236.19,237.11,235.17,236.03,6.32,0
236.03,238,234.77,235.3,8.24,1
235.3,237.9,234.03,235.83,1.62,0
235.83,235.92,234.91,234.91,8.44,0
234.91,235.24,230.55,232.81,13.47,0
232.81,235.86,227.59,227.59,12.77,0
227.59,232.4,222.03,224.23,33.59,1
224.23,229.5,222.29,229.5,4.71,0
229.5,229.5,226,227,23.8,0
227,228.79,223.04,223.12,48.91,1
223.12,228.3,220.34,225,35.25,0
225,225.65,223.7,223.7,5.36,1
223.7,225.33,223.7,224.35,0.3,1
224.35,224.35,224.35,224.35,0,1
226.79,230.92,226.79,230.92,2.41,0
230.92,230.92,226.57,227.26,8.95,1
227.26,231.59,227.26,228.92,33.69,1
228.92,233.15,228.86,229.44,62.23,1
229.44,231.06,226.14,231.04,25.31,1
232,233.29,231.19,232.15,18.23,1
232.15,235.54,231.34,235.54,20.07,1
235.54,251,233.82,247.14,140.78,0
247.14,256.38,245.03,245.03,67.31,1
245.03,252.66,244,247.5,29.81,0
247.69,249.63,227,245.5,116.85,0
245.5,245.5,241.5,243.85,19.41,0
243.85,244.96,238.05,241,41.9,1
241,248.08,241,248.08,39.37,0
248.08,248.08,243.72,243.72,49.66,0
243.72,243.72,240.17,241.67,1.31,1
241.67,244,239.53,242.04,16.47,0
242.04,244,242,242,1.76,1
242,251.93,242,251.93,33.66,0
251.93,260,247.45,248.5,55.48,1
248.5,268.5,248.5,268.47,95.24,0
268.47,273,258.49,262.63,67.94,0
262.63,265.02,255.5,258.1,71.06,0
258.1,259.76,253.43,254.74,15.94,0
254.74,273,252.88,254.01,19.88,1
254.01,263,254.01,262,17.28,1
262,274.68,257.12,269.62,69.67,1
269.62,278,268.14,274.59,96.76,0
274.59,274.59,265,265.36,29.65,1
265.36,276.32,265.36,270.01,35.2,0
270.01,275.67,267.39,269.67,34.26,1
269.67,297,268.96,284.54,167.87,1
284.54,298.99,283.06,293.6,71.96,1
293.6,316.01,291.69,308.14,138.95,0
308.14,312.3,269,290.18,337.1,0
290.18,295.97,286.79,288.75,36.2,0
288.75,293.79,287.5,287.5,9.26,0
287.5,292,273.4,276.74,54.21,1
276.74,281.31,275.52,280.38,4.76,0
280.38,281.69,274.92,278.01,14.07,0
278.01,279.57,274.32,275.54,0.4725,1
275.54,280.4,275.54,277.56,83.54,0
277.56,281.41,276.45,276.45,20.68,1
276.45,279.38,275.31,276.98,60.14,0
276.98,278.4,276.03,276.89,24.71,1
276.89,290,276.18,290,41.53,0
290,291.81,286.67,288.92,27.57,1
288.92,293.85,287.83,291.28,8.72,1
291.28,296.1,286.55,296.1,11.07,0
296.1,296.8,287,293.56,57.37,0
293.56,293.56,280,291.61,29.31,0
291.61,291.61,280,288.96,30.74,1
288.96,293.48,280,293.48,41.34,0
293.48,293.48,277.12,283.27,63.84,1
283.27,289.89,277.91,283.84,0.8988,1
283.84,285.51,280.57,283.87,18.34,1
283.87,287.68,280.53,287.68,21.61,0
287.68,287.77,281.02,284.83,30.98,0
284.83,286.96,278.6,278.67,19.72,1
278.67,290,274.15,281.04,62.78,0
281.04,283.78,263.83,263.83,20.31,1
263.83,269.77,258,269.77,23.82,0
269.77,273.88,262.49,266.85,19.33,1
266.85,270,260,270,99.5,1
270,270,265.49,270,61.28,0
270,270,261.64,264.03,138.89,1
264.03,270,262.01,268.33,368.75,0
268.33,269.22,265.22,265.55,164.32,0
265.55,270,257.01,260.35,263.6,0
260.35,263.12,257.57,258.64,88.91,0
258.64,259.93,247.99,247.99,480.9,0
247.99,247.99,188.11,230.12,422.39,1
230.12,238.71,228.91,236.87,527.39,0
236.87,238.71,232.62,234.39,137.94,0
234.39,235.32,223.1,231.99,171.18,0
231.99,232.38,226.07,228.13,52.24,0
228.13,228.13,209.79,212.48,288.68,1
212.48,235.99,204.01,224.7,535.65,1
224.7,243.38,223.11,227.87,153.24,0
227.87,233,225.31,226.01,176.15,1
226.01,237.98,222.57,233.15,263.59,0
233.15,234.97,228.95,229,99.35,0
229,233.1,226.68,228.5,61.66,1
228.5,233.51,226,230.92,98.64,0
230.92,231.12,226.87,229.24,100.04,0
229.24,232.99,226.82,226.82,191.81,1
226.82,231.13,226.17,226.94,292.34,1
226.94,231.79,226.55,231.01,151.63,1
231.01,237,230.25,236.32,173.97,1
236.32,243.38,236.32,241.99,112.16,0
241.99,242.78,239.13,241.07,148.82,1
241.07,246.51,240.35,243.27,253.52,0
243.27,244.97,238.18,239.03,194.48,0
239.03,240.46,236.99,238.16,43.19,1
238.16,241.65,238.16,239.43,69.18,0
239.43,242.12,233.67,236.21,111.08,0
236.21,237.45,228.68,232.43,88.56,0
232.43,232.64,226.32,230.65,468.96,0
230.65,232.32,228.6,229.12,122.06,0
229.12,232.2,226.91,229.08,65.86,1
229.08,236,227.88,233.37,43.24,0
233.37,235.5,231.92,232.83,62.93,0
232.83,233.29,230,232.01,70.59,0
232.01,232.01,230.17,230.17,1.97,0
230.17,231.49,226.95,227.17,32.07,1
227.17,233.86,223.1,228.6,155.16,1
228.6,231.08,228.23,230.24,101.29,1
230.24,235,229.71,231.78,41.49,1
231.78,237.2,231.78,236,142.01,0
236,236,233.46,233.49,52.56,0
233.49,235,230.62,230.62,29.87,1
230.62,239.97,230.62,239.42,120.69,0
239.42,240,235,238.02,95.55,0
238.02,238.02,235,236,40.02,1
236,238,234.59,237.8,37.17,0
237.8,239.86,236.46,236.98,71,1
236.98,238.8,236.43,238.8,18.77,1
238.8,239.95,237.6,238.97,12.85,1
238.97,240.44,237.16,240,81.09,1
240,248.39,239.45,244.53,90.91,0
244.53,247.2,234.55,243.69,131.5,0
243.69,244.73,233,242.7,113,1
242.7,244.87,241.95,244.76,86.38,1
244.76,245.64,241.75,245.64,30.59,0
245.7,247.12,245.06,245.11,43.18,1
245.11,247.11,244,245.93,27.4,1
245.93,249.51,244.01,249,106.55,1
249,253.66,241,253.64,113.09,1
253.64,255,251.86,253.73,103.35,1
253.73,268.51,253,258,274.76,1
258,271,258,268.54,94.7,0
268.54,270,252,257,56.32,1
257,265.73,251,264.06,32.4,1
264.06,270,264,270,114.12,0
270,270.74,264.57,266.59,208.93,1
266.59,278,263.73,274.2,70.23,1
274.2,279.31,270,276.16,100.13,1
276.16,283.38,276.16,283.38,75.76,1
283.38,294.48,283.38,289.37,115.46,0
289.37,289.37,280.64,285.21,64.43,1
285.21,296.31,285.21,292.51,254.57,0
292.51,305,290,290.16,141.9,1
290.16,317.84,290.16,313.04,125.82,1
313.04,333,311.77,325,330.76,0
325,331,306.13,306.13,56.65,1
306.13,320,304.69,307.44,54.31,1
307.44,360,307.44,358.17,193.56,1
358.17,418.97,307.23,398.01,386.28,0
398.01,489.99,368.49,391.93,416.24,0
391.93,438.72,341,380,193.96,0
380,390,346.34,362.06,96.24,1
362.06,389.81,362.06,383.89,53.7,0
383.89,385,352,357,76.41,1
357,378.66,350,371.69,52.39,0
371.69,379,327.93,337.83,123.53,0
337.83,341,300,309.3,140.81,1
309.3,341,301.56,330.95,178.07,1
330.95,340.18,326.5,336.95,121.27,0
336.95,339.47,326.03,329.74,51.79,0
329.74,333.74,315,315,73.53,1
315,330,315,321.91,83.01,1
321.91,336.89,321.91,330,86.16,0
330,334.75,326,326.5,60.88,0
326.5,332.71,323.07,326.26,46.11,0
326.26,326.26,310,317.21,78.94,1
317.21,324.37,317.21,321.48,4.55,1
321.48,325,319.03,322.85,36.68,0
320,323.5,319,322.68,68.89,0
322.68,325,316.01,320.42,344.3,1
320.42,330,317.57,329.69,180.61,1
329.69,370,329.69,356.2,133.6,1
356.2,364,350.53,360.59,86.19,0
360.59,360.59,350.28,356.5,54.91,1
356.5,373.77,353.03,370.39,87.7,1
370.39,380.68,370.39,378.5,79.73,0
378.5,378.5,355,361.58,442.02,1
361.58,362.41,349.2,362.02,220.97,0
362.02,370,356.99,361.3,1152,1
361.3,365.08,357.48,364.93,50.81,1
364.93,390.58,363.93,389.64,205.27,1
389.64,404.21,386.01,392.39,167.32,1
392.39,398,384.07,395.3,244.4,1
395.3,400,388.52,400,230.13,1
400,420,400,416.33,295.14,1
416.33,420,410.01,417.3,231.12,1
417.3,445,416,443.12,462.82,0
443.12,464,407.14,431,239.52,1
431,438,418.37,432,39.9,1
432,445,426.21,440.19,300.24,1
440.19,464,430.01,460.49,187.03,0
460.49,464.98,441,453.65,185.26,0
453.65,459.15,445,451.03,67.71,1
451.03,467.69,451.03,464.97,92.7,0
464.97,464.97,455,458.01,52.99,0
458.01,460.49,436,441.22,166.61,1
441.22,446.96,426.7,441.75,193.74,0
441.75,444.25,434.29,437.69,40.92,1
437.69,445.99,435.47,444.83,65.77,1
444.83,458,443.99,452.71,60.26,1
452.71,457.95,451.12,457.84,4.07,0
457.84,457.84,409,417.47,216.29,1
417.47,429.72,409.41,426.04,26.46,0
426.04,429.36,418.78,418.78,108.99,1
418.78,432.5,418.78,430.95,148.55,0
430.95,435,420,424.31,48.79,1
424.31,431.31,416.61,431.31,80.65,1
431.31,434.97,430.74,431.51,14.32,1
431.51,434.99,430.32,433.07,25.38,0
433.07,434.99,422.98,427.63,14.39,1
427.63,433.96,426.56,431.08,51.5,1
431.08,434.73,429,431.32,33.76,0
431.32,431.33,427.58,429.99,20.05,1
429.99,457.88,427.78,457.88,132.76,0
457.88,460,447.64,455.22,110.94,0
455.22,459.87,450,451.38,84.78,0
451.38,451.38,442.05,447.38,41.49,1
447.38,454.53,443.81,450,106.93,0
450,452.23,445.03,449.81,151.13,0
449.81,455,427.17,433.98,191.65,0
433.98,437.15,430,430,42.29,0
430,430.91,372.66,374.41,590.29,1
374.41,390.58,351.76,388.16,552.55,0
388.16,395,381.6,385,135.81,1
385,391.82,376.58,390.1,246.35,0
390.1,390.97,379.02,381.08,68.55,1
381.08,425.13,375.93,419.46,792.43,0
419.46,425.78,406.05,412.31,730.53,0
412.31,412.31,375.52,382.82,510.72,1
382.82,395,381.36,389.11,372.76,1
389.11,406.71,385.81,400.68,609.63,0
400.68,401.25,387.17,394.01,462.68,1
394.01,406.7,390.45,395.95,719.82,1
395.95,401.48,393.11,396,200.09,0
396,398.03,376.97,379.27,316.78,1
379.27,385.63,365,379.92,606.53,0
379.92,383.18,376.12,378,216.06,0
378,381,369.82,369.84,199.96,1
369.84,380,366.16,372,533.92,1
372,376.68,372,373.71,362.3,0
373.71,373.71,365.78,368,214.2,1
368,392,368,392,369.21,0
392,392,382.48,387.22,492.86,0
387.22,387.22,367.71,375.69,412.74,0
375.69,381.23,371.55,372.82,185.05,0
372.82,377.78,371.66,372,443.23,1
372,381.4,371.26,378.48,733.23,1
378.48,384.76,371.71,379.3,1257.01,0
379.3,383.95,373.67,377.21,1274.38,1
377.21,383.49,375.76,380.3,1037.16,1
380.3,391.14,380.3,389.15,765.66,1
389.15,404.26,386.82,403.25,653.35,0
403.25,409.31,392,396,736.74,1
396,408.6,390.1,405.5,1021.74,1
405.5,421.8,403.01,416.16,1183.09,1
416.16,424.79,411.46,422,823.83,0
422,422,413.13,417.05,446.29,1
417.05,442,417.05,440.3,1124.57,0
440.3,444,422.5,437.04,879.59,0
437.04,437.04,422,433.35,819.77,0
433.35,437.15,414.29,420.99,1304.29,1
420.99,427.1,408.14,423.2,770.74,0
423.2,426,416.7,421.85,739.44,1
421.85,427.2,417.65,427.2,447.57,1
427.2,436,427.2,433.04,626.68,0
433.04,434.98,421.07,430.14,177.5,1
430.14,442,429.29,435.92,544.69,0
435.92,439.41,422.79,429.88,1697.67,0
429.88,432.48,412,424.39,1264.09,0
424.39,431.11,417,419.62,3882.56,0
419.62,424.46,404.87,406.71,2392.2,0
406.71,408.99,388.4,394.52,4809.95,1
394.52,410.06,387.27,403.86,1897.16,1
403.86,414.12,397.4,413.75,1302.37,0
413.75,414.36,407.5,410.29,1318.45,1
410.29,414.74,406.45,410.55,1526.59,1
410.55,429.7,409.42,415.81,2769.06,1
415.81,423.65,415,419.92,1562.08,0
419.92,420.59,406.15,407.22,4268.69,1
407.22,413.62,406.65,408.87,1999.17,1
408.87,416.5,407.74,415.42,3410.81,1
415.42,417.04,412.17,415.59,1855.24,1
415.59,419.04,412.87,416.78,1497,1
416.78,422.69,416.78,420.75,1963.65,0
420.75,421,405.03,409.43,3199.64,1
409.43,411.44,405.53,410.09,1860.96,1
410.09,414.82,409.39,412.14,806.37,0
412.14,414.36,407.68,411.76,1327.09,1
411.76,417.9,411.17,414.82,1669.12,1
414.82,417.98,411.89,415.53,1267.5,1
415.53,417.78,413.12,415.96,1197.63,1
415.96,419.76,413.61,416.11,920.85,1
416.11,418.4,415.28,417.31,975.38,1
417.31,430,415.9,424.97,1313.9,0
424.97,426.39,421.13,423,1142.24,0
423,428.11,405,415.71,1227.79,0
415.71,416.7,409.12,413.38,1050.18,1
413.38,419.99,412.42,417.56,2066.84,1
417.56,419.04,415.5,417.9,633.93,1
417.9,423.17,417.9,420.57,564.79,1
420.57,421.66,417.96,421.5,481.01,0
421.5,421.6,417.54,420.14,560.66,1
420.14,424.97,419.5,423.39,998.65,0
423.39,424.61,421.56,422.78,847.16,0
422.78,424.39,420.06,422.61,1096.07,0
422.61,425.96,418,418.31,861.04,1
418.31,420.75,415,419.29,846.56,1
419.29,422.92,416.96,420.95,1655.44,1
420.95,424.5,420.23,422.58,1258.4,1
422.58,430.36,422.58,427.08,1151.1,0
427.08,427.71,422,423.54,1159.6,1
423.54,425.77,422.39,424.52,532.25,1
424.52,431.02,424.52,429.25,632.81,0
429.25,434.23,427.97,429.12,690.59,0
429.12,431.37,424.58,427.87,648.34,1
427.87,429.8,426.28,428.02,1030.36,1
428.02,438,426.8,436.92,1179.9,1
436.92,444,434.27,441.77,1580.25,1
441.77,451.34,440.11,451.01,930.69,0
451.01,451.01,442.7,446,641.31,1
446,450.71,443.22,450.71,698.02,1
450.71,460,445.4,460,1112.4,1
460,469.69,452.5,464,1447.44,1
464,470,461.88,469.3,899.83,0
469.3,469.3,445.48,448.35,1475.35,1
448.35,451.48,435.43,450.86,1919.74,1
450.86,457.22,447.39,456.22,953.38,0
456.22,458.12,446.44,446.44,1176.69,1
446.44,454.47,446.44,452.07,293.27,0
452.07,453.58,440,444,1306.69,1
444,452.52,442.52,451.92,1262.5,0
451.92,451.92,444.86,448,729,1
448,450,447.22,448.74,642.47,1
448.74,462.37,447.17,460.7,1842.71,0
460.7,462.34,457.92,459.1,277.86,1
459.1,461.79,455.95,459.1,634.19,1
459.1,464.99,455.99,461.75,1279.65,0
461.75,463.49,450,452.13,1013.32,1
452.13,455,450.99,453.97,1766.78,1
453.97,455,449.39,454.95,869.91,1
454.95,457.5,452.61,456.05,1274.72,0
456.05,458.06,453.79,455.4,972.97,1
455.4,459.79,454.14,457.65,274.15,0
457.65,458,450.17,454.39,1237.42,0
454.39,455,451,454.16,1000.13,0
454.16,455.88,452.35,453.24,1429.97,0
453.24,453.85,431.88,432,1254.84,1
432,442.63,427.06,439.65,1114.34,1
439.65,441,431.01,441,680.49,0
441,442,433.34,437.89,2785.85,1
437.89,444.01,435.55,442.5,2887.46,1
442.5,445.79,441.48,444.6,1284.15,1
444.6,449.21,442.94,448.3,722.13,1
448.3,452.45,445.19,452.41,915.01,1
452.41,477,451.22,471.36,1764.3,1
471.36,545,450.55,523.99,5187.17,0
523.99,549,470,518.98,2673.43,1
518.98,540,518.98,531.43,916.05,0
531.43,544.53,510.97,530,2715.14,1
530,541.77,485.9,536.12,1996.79,1
536.12,539.67,531.52,539.2,1793.27,1
539.2,576.03,536.06,567.43,2726.68,1
567.43,588.71,562,573.18,2453.02,1
573.18,583.67,568.07,574.11,1186.64,1
574.11,586.3,573.35,583,1014.48,0
583,589.91,565.38,577.38,3420.29,1
577.38,582.13,571.71,581.98,1370.72,0
581.98,581.98,571.6,575.01,1374.98,1
575.01,581.8,573,579.26,1378.66,1
579.26,595.99,579,595.99,1276.7,1
595.99,683.06,595.99,665.8,5399.75,1
665.8,717.79,659,703.27,4015.14,0
703.27,703.95,647.26,687.34,4406.38,1
687.34,697.59,671.58,692.07,1900.47,1
692.07,776.71,692.07,767.05,5696.94,0
767.05,776,702,747.08,5794.92,1
747.08,781.15,728.87,761.02,6019.57,1
761.02,769.99,745.03,765.87,2487.23,0
765.87,768.83,725.02,737,3884.15,0
737,738.36,630.2,673.41,8315.46,0
673.41,679.85,590,594.46,6714.94,1
594.46,635,551.49,623.54,5206.35,1
623.54,762.24,618.51,669.26,5940.81,1
669.26,703.34,641.41,674.15,2243.09,0
674.15,680.91,615.26,633.04,1350.42,1
633.04,664.08,627,648.49,1230.6,0
648.49,664.86,640,647.01,2494.16,0
647.01,650.53,615.85,639.5,2053.6,1
639.5,675,635,669.7,1688.09,1
669.7,691.2,665.85,677.74,2111.15,1
677.74,703.94,674,700,1228.66,0
700,703.96,644.65,664.82,1540.96,1
664.82,684.73,645,679.26,1654.77,0
679.26,683.11,659.57,666.5,970.34,1
666.5,681.23,665.85,677.59,906.68,0
677.59,681.99,610.7,640,2909.92,1
640,670.07,634.04,670,1772.69,0
670,671.93,622,657.95,1923.47,0
657.95,657.95,642.42,651.2,495.79,1
651.2,663.32,645.32,652.98,815.62,1
652.98,675.98,647.14,674.21,974.64,0
674.21,674.21,657.96,662.88,928.63,0
662.88,665.92,650,662.78,1157.1,1
662.78,669,660,663.87,1157.88,1
663.87,669.1,661,665,432.23,1
665,685,661.52,677.88,927.5,0
677.88,686,667.58,675.28,1296.12,0
675.28,676.55,666.02,673.51,991.27,0
673.51,676.15,660,667,1552.88,0
667,669.46,658.89,664.5,554.76,0
664.5,668.97,644.54,648.97,1532.52,1
648.97,660,645.94,657.71,715.12,1
657.71,668.44,651.98,662.9,873.13,0
662.9,664.68,652.01,654.28,847.7,1
654.28,659.1,642.5,655.03,1130.07,0
655.03,663.94,648,654.03,1755.59,0
654.03,661.1,651.7,653.87,889.65,0
653.87,659.57,651.7,653,1002.86,1
653,658.18,651.9,654.93,453.11,0
654.93,656.67,623.68,623.68,1301.11,0
623.68,627.05,601.01,605,2577.04,0
605,611.44,479,506,7142.29,1
506,572,502.75,564.94,5302.46,1
564.94,589,564.94,582.92,2819.75,0
582.92,584.41,567.41,575.65,1017.31,1
575.65,598,569.88,591.6,1036.92,1
591.6,607.51,570.11,593,1356.87,0
