"open","high","low","close","volume","ema26","cny","ltc","next1"
739.73,759.11,737.15,753.99,10.13,782.8778127,6.065398,0.032,799.04
753.99,817.56,750,799.04,18.64,784.0750118,6.072566,0.0323,808.52
799.04,819.9,771.18,808.52,76.87,785.8857517,6.082374,0.0304,827.65
808.52,840,783.02,827.65,33.23,788.9793997,6.082661,0.0298,913.93
827.65,980,827.41,913.93,54.92,798.2349997,6.062066,0.0293,936.27
898.73,1019,886.44,936.27,75.02,808.4598146,6.073466,0.031,837.02
936.27,945,810,837.02,49.39,810.5753838,6.062194,0.02984,824.98
837.02,899.84,788,824.98,19.31,811.6423924,6.061795,0.02949,850.29
824.98,870,807.42,850.29,8,814.5051782,6.064921,0.02919,857.33
850.29,857.34,817,857.33,8.19,817.6773872,6.081475,0.0291,899.84
857.33,918.05,857.17,899.84,18.75,823.7635067,6.080307,0.0289,860
899.84,900.94,833,860,25.43,826.4476914,6.060744,0.02836,850
860,860,815,850,25.81,828.1923068,6.064084,0.0286,831
850,877.29,805,831,31.72,828.4002841,6.050878,0.0282,850
831,864,828,850,6.71,830.0002631,6.065668,0.02897,826.97
850,865,824,826.97,27.71,829.7757991,6.072698,0.029,804.35
826.97,835.06,788,804.35,26.35,827.8924066,6.079747,0.0295,819.51
804.35,844.14,804,819.51,18.78,827.2714876,6.079453,0.0295,835
819.51,848.9,819.51,835,11.94,827.84397,6.0589,0.0291,843.77
835,855,830.1,843.77,4.45,829.0236759,6.061,0.0295,829.01
843.77,845.99,820.1,829.01,6.9,829.0226629,6.058867,0.0286,830.89
829.01,834.53,821,830.89,1.71,829.1609842,6.071745,0.028,830.89
830.89,830.89,821,830.89,11.58,829.2890594,6.061628,0.02776,794.93
830.89,836.35,783,794.93,24.52,826.7439439,6.080919,0.02623,812.02
794.93,830,794.93,812.02,9.93,825.6532814,6.081038,0.0266,826.72
812.02,840,812.02,826.72,6.57,825.7322976,6.070572,0.02688,790
826.72,840,790,790,23.97,823.0854607,6.070072,0.02646,815.99
790,830,775,815.99,27.48,822.559871,6.072292,0.0266,795
815.99,826.23,795,795,18.92,820.5183991,6.07457,0.0269,808
795,815.23,787.01,808,27.02,819.5911103,6.068727,0.026,812.19
808,812.63,801,812.19,12.87,819.0428799,6.069863,0.0261,825
812.19,835,803.41,825,6.47,819.484148,6.070374,0.02701,814.86
825,835,814.86,814.86,7.25,819.1416186,6.070354,0.02747,819.78
814.86,819.8,803.65,819.78,7.27,819.1889061,6.079294,0.02681,802.4
819.78,819.78,799.58,802.4,11.43,817.9452834,6.070536,0.02683,802.69
802.4,815.9,802.4,802.69,10.42,816.8152624,6.069226,0.02648,767.61
802.69,803.73,767.61,767.61,39.76,813.1704282,6.070009,0.02634,723
767.61,775.21,666.35,723,63.49,806.4911372,6.071332,0.02607,693.65
723,730,682.61,693.65,30.6,798.1325344,6.071675,0.0265,696.49
693.65,756.1,680.01,696.49,36.77,790.6034578,6.071328,0.02644,690.2
696.49,748,550,690.2,31.78,783.1661646,6.068428,0.02619,672.6
690.2,720,660,672.6,32.13,774.9760784,6.068942,0.02628,670.67
672.6,714.56,651.31,670.67,18.85,767.2497022,6.07021,0.0263,623.95
670.67,680,595.63,623.95,44.68,756.6349094,6.071205,0.02573,670.34
623.95,710,586.43,670.34,42.45,750.2426939,6.072135,0.02502,656.28
670.34,682.78,646.88,656.28,11.81,743.2824944,6.071337,0.02523,635.79
656.28,668.82,600,635.79,18.52,735.3200874,6.073384,0.0254,638.1
635.79,679.06,593.68,638.1,39.7,728.1185994,6.071284,0.02453,636.52
638.1,652.51,623,636.52,20.84,721.333518,6.073941,0.02457,630.16
636.52,640,602.91,630.16,13,714.5799241,6.082018,0.02513,575.72
630.16,641.36,565.57,575.72,49.97,704.2940038,6.088151,0.02474,572.27
575.72,597.05,547.72,572.27,28.37,694.5144479,6.095793,0.02471,605.43
572.27,620.9,567.55,605.43,13.24,687.9155999,6.097194,0.02513,616.88
605.43,650.28,600.91,616.88,21.05,682.6537036,6.09798,0.02516,572
616.88,616.9,540.64,572,29.7,674.457133,6.10342,0.02595,522.84
572,572,450,522.84,60.12,663.2262343,6.123798,0.02585,593.14
522.84,650,522.84,593.14,105.88,658.0346614,6.125065,0.02466,596.49
593.14,629.9,580.5,596.49,45.84,653.4757975,6.12857,0.02468,573.94
596.49,599,570,573.94,29.32,647.584257,6.142058,0.0243,575
573.94,605,550,575,8.04,642.2076454,6.142454,0.02454,578
575,588.08,572.41,578,2.16,637.4515235,6.142316,0.02308,669.75
578,700,578,669.75,67.58,639.8440032,6.143096,0.02162,680.6
669.75,720,661.48,680.6,27.98,642.8629659,6.14023,0.02622,680.99
680.6,690.17,660.01,680.99,5.23,645.6871907,6.131409,0.02494,665.66
680.99,693,660.1,665.66,4.39,647.166658,6.121034,0.02546,641.48
665.66,680.46,628.73,641.48,13.85,646.7454241,6.127394,0.02577,636.01
641.48,667.99,623,636.01,4.22,645.9502075,6.126831,0.02496,641.57
636.01,658,629.05,641.57,1.82,645.6257477,6.126394,0.02523,642.08
641.57,684.5,630,642.08,6.5,645.3630997,6.136714,0.02545,641.82
642.08,665.93,560,641.82,18.36,645.1006479,6.139656,0.02551,651.08
641.82,660,550.28,651.08,7.9,645.5435629,6.144531,0.02711,653.4
651.08,657.99,620,653.4,4.78,646.1255212,6.137723,0.02714,631.24
653.4,654.91,550,631.24,24.79,645.02289,6.146784,0.02674,646
631.24,646,618.29,646,3.2,645.0952685,6.148358,0.02713,651.95
646,652,639,651.95,7.62,645.6030264,6.149422,0.02734,637.73
651.95,651.95,616,637.73,1.91,645.0198392,6.172312,0.02786,619.78
637.73,637.73,610.01,619.78,9.05,643.1502215,6.183765,0.03124,620
619.78,633.66,612.22,620,4.86,641.4353903,6.185053,0.02925,590
620,625.02,590,590,8.49,637.6253614,6.212434,0.02824,590
590,615.23,580,590,16.27,634.0975568,6.213566,0.02779,572.3
590,596,554.05,572.3,11.84,629.51996,6.212659,0.02792,574.22
572.3,596,566.36,574.22,1.31,625.4236667,6.211496,0.02722,585.4
574.22,592.54,554.5,585.4,5.69,622.4589506,6.187136,0.02756,579.02
585.4,591.15,579,579.02,5.73,619.2412506,6.191181,0.02781,585.09
579.02,641.14,579,585.09,13.33,616.7115283,6.196599,0.02841,502.78
585.09,599.27,502.78,502.78,34.78,608.2721559,6.201705,0.02754,516.48
502.78,553,500,516.48,44.09,601.4727369,6.203565,0.02791,514.99
516.48,518,505,514.99,6.11,595.0666083,6.204271,0.0277,467.1
514.99,514.99,436.07,467.1,33.23,585.5876002,6.208618,0.02808,462.39
467.1,530,443.35,462.39,17.6,576.4618521,6.202542,0.02769,490.73
462.39,503.23,462.39,490.73,17.55,570.1113445,6.206462,0.02729,443.63
490.73,497.15,443.63,443.63,15.11,560.742356,6.199854,0.02607,458.6
443.63,463.7,426.45,458.6,15.54,553.1762556,6.198914,0.02525,458.84
458.6,550,440,458.84,21.14,546.1883848,6.201888,0.02477,467.85
458.84,467.85,447.57,467.85,0.9441,540.3855415,6.202876,0.02425,461.82
467.85,469.44,450,461.82,5.12,534.5658717,6.203962,0.02519,462.08
461.82,475.32,450,462.08,7.09,529.1965479,6.204714,0.02568,454.39
462.08,465.82,454.38,454.39,3.32,523.6553221,6.205134,0.02519,461.09
454.39,462.09,450,461.09,1.27,519.0208538,6.192521,0.02562,383.08
461.09,461.09,383.08,383.08,17.11,508.951161,6.193762,0.02302,430
383.08,583.75,353.76,430,16.22,503.1029268,6.203268,0.02573,448
430,450,429.01,448,10.71,499.0212285,6.202182,0.02554,429.79
448,448,407.07,429.79,9.32,493.8929894,6.202763,0.0248,459.38
429.79,480.07,411.34,459.38,42.64,491.3364716,6.202542,0.02506,523.74
459.38,573.67,450.5,523.74,30.52,493.736733,6.210022,0.02528,523.52
523.74,550.8,490.56,523.52,51.73,495.9429009,6.212222,0.02542,504.29
523.52,530.36,495.53,504.29,16.15,496.5612046,6.212684,0.02553,485.56
504.29,515,477.19,485.56,31.51,495.7463005,6.210182,0.02537,504.5
485.56,525.28,479.96,504.5,10.97,496.3947227,6.218311,0.02582,504.73
504.49,510,500,504.73,1.54,497.0121507,6.218675,0.02557,496.42
504.73,517.31,485,496.42,17.33,496.9682876,6.212412,0.0253,489.72
496.42,510.49,484.62,489.72,7.49,496.4313774,6.214152,0.02512,495.62
489.72,504.5,489,495.62,7.02,496.3712754,6.225644,0.02495,501.95
495.62,501.95,490,501.95,3.58,496.7845143,6.226209,0.0254,471.02
501.95,503.48,449,471.02,27.38,494.8760317,6.235011,0.02394,463.7
471.02,476.18,456.75,463.7,3.39,492.566696,6.237934,0.02342,438.72
463.7,463.7,438.72,438.72,2.91,488.5780519,6.237486,0.02287,446.18
438.72,455.09,429.09,446.18,6.12,485.4374555,6.237024,0.02327,445.68
446.18,454.62,435.65,445.68,7.31,482.4924588,6.236624,0.02361,448.34
445.68,452.82,441.23,448.34,9.06,479.962647,6.239637,0.02466,459.32
448.34,464.42,448,459.32,14.51,478.433562,6.239936,0.02476,455.16
459.32,459.32,446.49,455.16,7.08,476.7095945,6.240598,0.02372,441.04
455.16,455.16,432.43,441.04,8.5,474.0674023,6.239966,0.02371,442
441.04,445.4,431.17,442,1.77,471.6920392,6.240278,0.02383,429.18
442,442,429.18,429.18,5.66,468.5429992,6.240046,0.02382,431.87
429.18,439.69,422.19,431.87,5.75,465.8264808,6.228726,0.02434,441.89
431.87,452.74,431.61,441.89,20.36,464.0534081,6.212273,0.02412,448.26
441.89,452,441.81,448.26,5.79,462.883526,6.219261,0.02411,450.63
448.26,459.22,441.81,450.63,4.04,461.9758574,6.21355,0.02407,454.99
450.63,458,446.1,454.99,5.53,461.4583865,6.212932,0.02394,441.5
454.99,454.99,432.88,441.5,11.53,459.9799875,6.213645,0.02384,440.82
441.5,445.22,432.21,440.82,7.19,458.5607292,6.213946,0.02385,440.78
440.82,444.76,436.45,440.78,4.51,457.2436381,6.221726,0.02389,445.52
440.78,445.52,440.78,445.52,0.8711,456.3752205,6.216065,0.02378,449.59
445.52,449.59,440.89,449.59,3.02,455.8726116,6.216698,0.02355,453.83
449.59,453.83,447.1,453.83,5.59,455.721307,6.217964,0.02341,453.83
453.83,453.83,446.2,453.83,0.2061,455.5812102,6.221279,0.02336,445.56
453.83,453.83,445.56,445.56,2.58,454.8388983,6.221159,0.02336,445.56
445.56,445.56,445.56,445.56,0,454.1515725,6.22023,0.02338,493.43
445.56,498.84,445.56,493.43,25.28,457.0610857,6.22341,0.02223,494.77
493.43,497.67,490.85,494.77,4.24,459.8543386,6.223823,0.02179,530
494.77,530,494.77,530,32.85,465.0503135,6.220633,0.0204,521.47
530,548.05,515.31,521.47,14.82,469.2295495,6.221798,0.02146,530
521.47,530,515.21,530,2.62,473.7310644,6.22142,0.0214,574.05
530,589,530,574.05,15.83,481.1620967,6.221981,0.02031,583.2
574.05,589.11,563.68,583.2,10.95,488.7204599,6.222864,0.01992,570.92
583.2,594.64,538.84,570.92,26.92,494.8093147,6.225774,0.01977,575.83
570.92,589.16,565.22,575.83,4.52,500.8108469,6.233545,0.01934,570.49
575.83,576.26,564.9,570.49,2.18,505.9722657,6.234399,0.01914,616.08
570.49,628.61,566.15,616.08,18.38,514.1283941,6.225683,0.01847,628.13
616.08,628.13,603.87,628.13,15.4,522.5729575,6.232125,0.01773,627.54
628.13,673.37,621.79,627.54,37.05,530.348294,6.231875,0.01749,665.58
627.54,672.64,621.79,665.58,10.32,540.3654574,6.232022,0.01736,671.43
665.58,677.91,652.26,671.43,16.68,550.0739421,6.232402,0.01729,650.48
671.43,671.43,525,650.48,59.16,557.5114278,6.238001,0.01733,657.01
650.48,669.75,650.45,657.01,15.16,564.8816924,6.234932,0.01726,653.4
657.01,660,653.4,653.4,5.27,571.4386041,6.239413,0.01715,659.8
653.4,659.8,636.68,659.8,4.75,577.9838927,6.235367,0.01717,646.54
659.8,659.8,646,646.54,0.888,583.0621229,6.233668,0.01723,643.44
646.54,656.44,636.5,643.44,4.65,587.5345582,6.232608,0.01739,646.89
643.44,657.72,643.44,646.89,7.13,591.9312576,6.224108,0.0171,617.99
646.89,649.93,617.99,617.99,19.6,593.8615348,6.212848,0.01724,565.56
617.99,637.06,552,565.56,75.97,591.7651248,6.211429,0.01737,589.68
565.56,617.31,565.56,589.68,19.43,591.6106711,6.204995,0.01703,575.6
589.68,600,542.96,575.6,15.89,590.4246955,6.201048,0.0172,589.55
575.6,589.55,534.28,589.55,34.51,590.3599032,6.201038,0.01687,597.14
589.55,612.91,574.18,597.14,10.67,590.8621326,6.199568,0.01635,608.97
597.14,608.98,586.25,608.97,2.8,592.2034561,6.210708,0.01594,605.89
608.97,625,603.41,605.89,10,593.2172742,6.210966,0.0159,595.93
605.89,627.05,594.12,595.93,8.41,593.4182169,6.217223,0.01676,593.9
595.93,602.79,578.51,593.9,5.81,593.4539045,6.216059,0.01665,590.59
593.9,598.5,581.09,590.59,0.7642,593.2417634,6.212698,0.0165,596.24
590.59,602.33,584.75,596.24,8.34,593.463855,6.21299,0.01628,584.42
596.24,596.24,584.42,584.42,2.64,592.7939398,6.2125,0.01633,586.15
584.42,595.23,576.13,586.15,2.85,592.3017961,6.21318,0.01651,564.42
586.15,586.15,557.43,564.42,29.23,590.2364779,6.217799,0.01623,583.26
564.42,583.26,564.42,583.26,2.76,589.7197018,6.220052,0.01563,597.69
583.26,600,575.35,597.69,21.78,590.3100942,6.213757,0.01547,596.12
597.69,604.38,590.76,596.12,4.14,590.7404576,6.207016,0.01537,589.76
596.12,602.3,589.76,589.76,0.9983,590.6678311,6.206219,0.0149,637.07
589.76,645,587.72,637.07,18.67,594.1050288,6.205803,0.01393,650
637.07,657.83,634.16,650,12.04,598.2453971,6.19543,0.01307,645.77
650,658.87,638,645.77,25.77,601.765738,6.191039,0.01261,647.55
645.77,655.08,638.89,647.55,6.04,605.1571648,6.199959,0.01259,635.25
647.55,655,622.6,635.25,10.3,607.3862637,6.201261,0.01161,628.99
635.25,635.25,618,628.99,3.74,608.9865405,6.198297,0.01155,629.1
628.99,652.78,628.99,629.1,2.25,610.4764264,6.200043,0.01127,625.99
629.1,638.97,614.74,625.99,6.47,611.62558,6.20586,0.01224,617.04
625.99,626.87,614.74,617.04,1.44,612.0266481,6.198928,0.01232,627.9
617.04,627.9,615.35,627.9,1.63,613.202452,6.19803,0.01257,614.47
627.9,632.11,614.47,614.47,0.6427,613.2963444,6.193982,0.01254,629.46
614.47,629.46,614.47,629.46,1.5,614.4936522,6.194739,0.01246,632
629.46,639.34,629.46,632,0.6899,615.7904187,6.195723,0.01365,626.5
632,653.49,625.29,626.5,1.05,616.5837211,6.194826,0.01438,626.23
626.5,632.67,618.14,626.23,1.34,617.2982602,6.19446,0.0142,620.03
626.23,626.23,620.03,620.03,0.18,617.5006113,6.197868,0.01393,625.22
620.03,626.16,612.9,625.22,7.41,618.0724179,6.200212,0.01353,624.98
625.22,630.01,610.35,624.98,0.9631,618.5840906,6.19765,0.01421,626
624.98,629,615.17,626,12.29,619.1334173,6.196868,0.01411,630
626,630,626,630,1.56,619.9383493,6.199752,0.01411,619
630,630,619,619,0.5068,619.868842,6.198592,0.01379,629.77
619,629.77,619,629.77,0.0006352,620.6022611,6.2067,0.01392,618.69
629.77,629.77,618.69,618.69,8.44,620.4606121,6.20127,0.0138,618.62
618.69,623.98,610,618.62,7.5,620.3242705,6.195547,0.01376,605.64
618.62,623.43,593.86,605.64,17.72,619.2365467,6.191859,0.01304,596.08
605.64,623.22,593.8,596.08,8.67,617.521247,6.188057,0.01258,600
596.08,607.96,593.8,600,5.06,616.2233768,6.185641,0.01281,600
600,600,600,600,0.1545,615.0216452,6.186159,0.01319,591.9
600,600,574.58,591.9,4.09,613.3089308,6.186246,0.01305,583.21
591.9,597.66,575.07,583.21,2.68,611.0793803,6.182646,0.01314,566.75
583.21,588.98,566.75,566.75,11.67,607.7957225,6.177176,0.01298,590.21
566.75,591.95,566.75,590.21,33.05,606.4930764,6.170139,0.01301,596.4
590.21,602.36,584.77,596.4,3.05,605.7454411,6.172315,0.01291,590.49
596.4,601.18,590.49,590.49,2.57,604.6154084,6.178579,0.01294,578.86
590.49,594.8,578.86,578.86,1.79,602.7076004,6.178215,0.01281,596.25
578.86,596.25,578.86,596.25,4.11,602.2292596,6.1774,0.0127,579
596.25,598.03,579,579,9.04,600.5085737,6.17638,0.01232,579
579,579,579,579,0,598.9153461,6.169614,0.01234,580.58
579,593,577.24,580.58,16.81,597.5571723,6.162975,0.01215,590
580.58,590,580.58,590,0.4273,596.9973817,6.162273,0.01198,590
590,590,578.14,590,7.8,596.4790572,6.157515,0.01188,583.24
590,595.36,583.24,583.24,1.66,595.4983863,6.156337,0.01179,572.77
583.24,595.36,572.77,572.77,0.4779,593.8148021,6.15592,0.01056,580
572.77,580,566.99,580,3.82,592.7914834,6.15474,0.009931,535.08
580,580,531.64,535.08,4.35,588.5165587,6.157496,0.009162,523.76
535.08,553.83,501,523.76,31.83,583.7197766,6.155415,0.009946,530
523.76,530,501,530,22.87,579.7405339,6.153421,0.01017,503.52
530,530,500,503.52,12.1,574.0945684,6.150897,0.009691,500
503.52,539.99,500,500,2.65,568.6060819,6.150575,0.008876,455
500,505,455,455,28.55,560.1908165,6.149238,0.008198,500.5
455,500.5,455,500.5,77.76,555.7692746,6.145718,0.009549,530
474.02,530,474.02,530,13.53,553.8604394,6.143888,0.0107,505
530,530,500.01,505,4.62,550.2411476,6.142109,0.01115,529.95
505,529.97,482.22,529.95,9.62,548.7380996,6.152138,0.01033,525
529.95,529.95,482.27,525,0.5639,546.9797219,6.153941,0.009691,524.88
525,525,524.88,524.88,0.7,545.3427055,6.153657,0.01064,516.12
524.88,524.88,490.1,516.12,26.86,543.1780606,6.153758,0.01036,516.12
516.12,516.12,516.12,516.12,0,541.1737598,6.155758,0.01085,524.85
516.12,524.85,516.12,524.85,1.31,539.9645924,6.155734,0.01058,495.08
524.85,524.85,495.08,495.08,0.02382,536.6398078,6.147656,0.01033,524.88
495.08,524.88,495.08,524.88,0.5178,535.7687109,6.146739,0.01058,524.27
524.88,524.88,495.26,524.27,0.4584,534.9169546,6.147069,0.01038,509.98
524.27,524.27,490.5,509.98,5.61,533.0697727,6.147277,0.01021,490.01
509.98,509.98,490.01,490.01,0.09953,529.8801599,6.14566,0.01012,524.77
490.01,524.77,490.01,524.77,3.811e-05,529.5016296,6.146636,0.01015,524.77
524.77,524.77,524.77,524.77,0,529.1511385,6.151354,0.01023,475.01
524.77,524.77,475,475.01,3.41,525.1406838,6.146463,0.01061,475.01
475.01,475.01,475.01,475.01,0,521.4272998,6.143207,0.0103,524.77
475.01,524.77,475.01,524.77,0.1769,521.6749072,6.144009,0.01029,480
524.77,524.77,480,480,1.24,518.5878771,6.144597,0.01068,488.77
480,524.77,465,488.77,41.14,516.3791454,6.144358,0.01065,475
488.77,488.77,465,475,0.5077,513.3140235,6.144418,0.01064,475
475,475,475,475,0.02,510.4759477,6.14179,0.01107,475
475,475,475,475,1.01,507.8480998,6.134987,0.01131,475
475,475,475,475,0,505.4149072,6.133626,0.01127,474.77
475,475,474.77,474.77,0.1492,503.1449141,6.136327,0.01135,490
474.77,490,474.77,490,0.212,502.1712167,6.136656,0.01128,465.01
490,490,465.01,465.01,3.08,499.418534,6.137044,0.01096,465
465.01,528,465,465,2.76,496.869013,6.142704,0.01097,445
465,465,445,445,5.14,493.0268639,6.147393,0.01111,503.18
445,503.18,400,503.18,18.12,493.778948,6.142219,0.0112,375.94
503.18,503.18,375.94,375.94,1.5,485.050137,6.142629,0.01109,385
375.94,466.67,375.94,385,0.1559,477.6390158,6.144038,0.01058,385.01
385,450,385,385.01,1.2,470.7776072,6.142998,0.01067,404.83
385.01,425,295,404.83,24.18,465.8925993,6.14266,0.01061,449.81
404.83,453,404.83,449.81,6.9,464.7012956,6.14191,0.01102,433.15
449.81,449.81,412.34,433.15,4.09,462.3641626,6.139969,0.01106,397
433.15,433.15,397,397,4.51,457.5223728,6.137421,0.011,397
397,397,397,397,0,453.0392341,6.136682,0.01103,397
397,397,397,397,0,448.8881797,6.130823,0.01113,390
397,450,387.63,390,10.78,444.5260923,6.131459,0.01126,370.94
390,394,370.01,370.94,0.7155,439.0752706,6.131138,0.0113,380.02
370.94,393.22,370.12,380.02,6.68,434.7008062,6.149998,0.01154,390
380.02,390,380.02,390,2,431.3896353,6.141918,0.01163,370.11
390,390,370.1,370.11,0.275,426.8504031,6.141835,0.01151,355
370.11,389.98,355,355,20.27,421.528151,6.141513,0.01168,322.11
355,369.63,322.11,322.11,38.11,414.1638435,6.139627,0.01183,330
322.11,330,273.33,330,18.72,407.9294847,6.139763,0.01161,349.85
330,349.85,300,349.85,53.41,403.6273007,6.14083,0.01159,335
349.85,349.85,315.06,335,0.12,398.5437969,6.14101,0.0116,359.98
335,359.98,335,359.98,8.1,395.6872194,6.141132,0.01129,370.19
359.98,400,335.16,370.19,30.22,393.7985365,6.140429,0.01085,355.59
370.19,378.99,355.59,355.59,7.78,390.9682745,6.13106,0.0106,357.18
355.59,379,355.59,357.18,0.4618,388.4654394,6.130664,0.01053,379
357.18,379,352.83,379,16.63,387.7642957,6.131653,0.01038,400
379,400,370.1,400,20.85,388.6706442,6.131878,0.01009,411.26
400,418.99,395.28,411.26,29.73,390.3439298,6.127538,0.01039,400.31
411.26,411.26,385.48,400.31,11.23,391.0821572,6.127972,0.01041,389.14
400.31,400.31,374.61,389.14,16.08,390.9382937,6.128931,0.01045,381.01
389.14,389.14,376.73,381.01,0.05216,390.2028645,6.126903,0.01052,395.79
381.01,395.79,371,395.79,0.9598,390.6167264,6.126779,0.01047,395.79
395.79,395.79,395.79,395.79,0,390.9999319,6.123202,0.01034,391.24
395.79,395.79,391.24,391.24,0.05,391.0177147,6.128678,0.01024,391.58
391.24,391.58,371,391.58,9.92,391.0593655,6.127618,0.0102,388.71
391.58,393.49,371.38,388.71,2.66,390.8853384,6.125744,0.01012,368.64
388.71,388.71,365,368.64,11.95,389.2375356,6.1224,0.01042,373.35
368.64,373.69,355,373.35,7.6,388.0606811,6.123173,0.0105,359.51
373.35,373.35,355,359.51,7.81,385.9458158,6.122065,0.01053,362.5
359.51,384.72,359.51,362.5,6.12,384.2090887,6.121809,0.01055,364.3
362.5,368.15,362.5,364.3,0.04324,382.7343414,6.120768,0.01074,365.13
364.3,365.13,352.01,365.13,0.5898,381.4303161,6.118157,0.0108,335.07
365.13,365.13,335.01,335.07,8.87,377.9962186,6.115398,0.01102,346.02
335.07,350,335,346.02,7.56,375.6276098,6.118243,0.01093,347.95
346.02,347.95,344.29,347.95,0.03559,373.5774165,6.117161,0.01097,320
347.95,347.95,320,320,5.66,369.608719,6.117991,0.01091,323.94
320,325.19,320,323.94,0.1154,366.2258509,6.132216,0.01108,325
323.94,325.19,323.94,325,4.97,363.1720842,6.123276,0.01098,325
325,330,325,325,16.87,360.3445224,6.121344,0.01101,328.2
325,348.2,325,328.2,9.73,357.9634467,6.119927,0.01071,348
328.2,349.17,328.2,348,0.04009,357.2254136,6.117951,0.01055,347.08
348,348,333,347.08,6.6,356.4739015,6.126435,0.01043,350
347.08,350,330.16,350,4.81,355.9943532,6.127529,0.01048,350
350,350,338.66,350,19.36,355.550327,6.127878,0.01022,355
350,370,350,355,3.57,355.5095621,6.124998,0.01008,371.7
355,372.63,355,371.7,5.42,356.7088538,6.127366,0.01004,423.48
371.7,430.36,371.7,423.48,219.46,361.6548646,6.129691,0.00947,415
423.48,450,380,415,65.88,365.6063561,6.129121,0.009748,395
415,417.77,395,395,23.16,367.7836631,6.132587,0.00998,379.99
395,395,378.97,379.99,10.68,368.6878362,6.132237,0.01016,380
379.99,395,379.56,380,1.56,369.5257742,6.131998,0.009995,400
380,414.26,376,400,25.27,371.7831243,6.128358,0.01002,375.02
400,400,370.39,375.02,13.23,372.0228929,6.12518,0.009991,390
375.02,392.96,375.02,390,0.9256,373.3545304,6.123991,0.009921,354.38
390,390,354.33,354.38,67.07,371.9490097,6.127213,0.0102,360
354.38,360,342.66,360,1.64,371.0638978,6.128385,0.00994,370
360,370,360,370,4.05,370.9850906,6.128365,0.009915,370
370,370,360,370,4.76,370.9121209,6.128246,0.009793,372
370,385,370,372,11.24,370.9927045,6.141846,0.009551,376
372,390,372,376,10.13,371.3636153,6.13801,0.00956,372.87
376,389.94,366.42,372.87,19.24,371.4751994,6.139247,0.009709,376.9
372.87,385.69,365.01,376.9,2.38,371.8770365,6.138613,0.009705,387
376.9,387,360.52,387,23.27,372.997256,6.141255,0.009532,379.09
387,387,379.09,379.09,4.2,373.4485703,6.141537,0.009498,386.32
379.09,386.32,379.09,386.32,0.001595,374.4020096,6.141826,0.009426,374.03
386.32,386.74,370.13,374.03,4.18,374.3744533,6.148186,0.009409,386.15
374.03,386.15,372.91,386.15,3.81,375.246716,6.145527,0.009495,380
386.15,386.15,371.46,380,23.49,375.5988111,6.14603,0.00956,379.75
380,380,364.72,379.75,3.76,375.9063066,6.149557,0.009634,375.19
379.75,380,375.19,375.19,4.68,375.8532469,6.14802,0.009535,374
375.19,394.59,367,374,34.17,375.7159693,6.148091,0.009569,373.07
374,389.98,370.43,373.07,0.3818,375.5199716,6.149208,0.009898,362.58
373.07,376.06,360.29,362.58,4.53,374.5614552,6.166808,0.01006,345.49
362.58,376,342.46,345.49,6.64,372.4080141,6.177938,0.01,345.56
345.49,357.5,345.49,345.56,0.1607,370.4192723,6.16833,0.01,372.12
345.56,372.12,342.5,372.12,0.7364,370.5452521,6.177122,0.009921,360
372.12,372.12,346.77,360,0.9118,369.7641223,6.174689,0.009825,352
360,360,350,352,33.15,368.4482614,6.174622,0.009919,350
352,358.98,350,350,0.6043,367.0817235,6.173584,0.009919,343.07
350,358.98,342.04,343.07,22.78,365.3030773,6.177014,0.009966,330.09
342.04,358.92,330.09,330.09,4.45,362.6947012,6.176336,0.009306,329.99
330.09,355.33,315.02,329.99,30.11,360.2721308,6.182441,0.009223,320
329.99,332.17,310,320,5.86,357.28901,6.1958,0.009037,349.98
320,368.12,310.03,349.98,23.07,356.7476018,6.203457,0.009024,348.99
349.98,349.98,348.99,348.99,1.87,356.1729647,6.20452,0.008967,325.01
348.99,348.99,319.67,325.01,39.87,353.8645969,6.204756,0.008836,327.06
325.01,327.06,325.01,327.06,1.08,351.8790712,6.205786,0.008703,338.75
327.06,342.08,327.06,338.75,0.5716,350.9065474,6.20927,0.008594,320.38
338.75,338.75,320.38,320.38,4.11,348.6453217,6.201752,0.00848,320.38
320.38,320.38,320.38,320.38,0,346.5515941,6.197066,0.008533,320.48
320.38,320.48,320.38,320.48,0.01,344.620365,6.202766,0.008514,313.37
320.48,320.48,313.37,313.37,3.74,342.3055231,6.202086,0.008637,313.01
313.37,320.04,313.01,313.01,1.9,340.1354844,6.202078,0.008756,314.76
313.01,325,313.01,314.76,29.97,338.2558188,6.205868,0.008604,313
314.76,338.95,313,313,4.55,336.3850175,6.19094,0.008726,319.14
313,319.14,313,319.14,9.61,335.1076088,6.193968,0.008619,325
319.14,325,314.03,325,0.435,334.358897,6.194942,0.008788,315.3
325,325,313.18,315.3,8.92,332.9471268,6.194392,0.00845,295
315.3,319.93,295,295,52.48,330.1362286,6.193766,0.00767,265.87
295,297.48,265.87,265.87,25.49,325.3757672,6.194126,0.007439,277.4
265.87,280,252.32,277.4,61.92,321.8220067,6.204466,0.007621,281.15
277.4,293.66,260,281.15,8.48,318.8092654,6.198784,0.007441,300
281.15,300,269,300,7.71,317.4159865,6.198144,0.007318,283.53
300,300,283.53,283.53,8.34,314.9059134,6.198018,0.007124,283.5
283.53,295.72,283,283.5,3.5,312.5795495,6.194036,0.006967,277.78
283.5,300,274.73,277.78,53.89,310.0018051,6.192516,0.006098,265
277.78,277.78,265,265,1.77,306.668338,6.191442,0.006604,265.06
265,300,263.02,265.06,59.03,303.5862389,6.187672,0.006426,216
265.06,268,215.09,216,200.71,297.0983694,6.182272,0.007059,175
216,230.99,175,175,204.92,288.0540457,6.179778,0.006701,219
175,236.47,175,219,133.32,282.9389312,6.173942,0.006174,213.36
219,219,195.2,213.36,44.71,277.7849363,6.189518,0.006774,200
213.36,213.36,196,200,9.22,272.0230892,6.191802,0.006622,219.98
200,220,199.5,219.98,31.12,268.1680455,6.192786,0.0064,211.01
219.98,219.98,206,211.01,7.54,263.9341162,6.201666,0.006296,219.82
211.01,219.84,208.4,219.82,5.22,260.6664039,6.198032,0.006336,224.49
219.82,225.91,206.1,224.49,47.35,257.9866703,6.195224,0.006162,227.02
224.49,241.02,224.49,227.02,26.41,255.6928429,6.193808,0.006167,228.04
227.02,231.24,222.68,228.04,10.24,253.6444841,6.20981,0.006182,250.87
228.04,251.36,228.02,250.87,108.7,253.4389668,6.212876,0.007625,257.06
250.87,257.06,241.28,257.06,46.71,253.7071915,6.214534,0.008892,270
257.06,307.05,250.04,270,86.66,254.9140662,6.235164,0.007793,250.85
270,270,205,250.85,59.44,254.6130242,6.227182,0.007968,248
250.85,280,248,248,66.57,254.1231706,6.228882,0.00803,231.83
248,248,222.28,231.83,36.22,252.4718246,6.227606,0.00828,220
231.83,239.36,220,220,55.19,250.0665043,6.231504,0.008347,216.69
220,239.98,216.69,216.69,13.39,247.5941706,6.23267,0.008669,239.98
216.69,239.98,210.01,239.98,5.1,247.030158,6.235354,0.008103,228
239.98,239.98,223.94,228,5.23,245.6205167,6.242494,0.007804,235.45
228,246.93,228,235.45,18.47,244.8671451,6.23958,0.008021,228.9
235.45,235.45,221.85,228.9,15.17,243.6843936,6.230141,0.007993,217
228.9,228.9,215.25,217,17.34,241.7077718,6.232536,0.008024,221.92
217,225,215,221.92,12.4,240.2420109,6.226046,0.008018,229.66
221.92,231.58,218.44,229.66,1.81,239.4581583,6.224384,0.007975,229.23
229.66,229.66,218.81,229.23,14.25,238.7005169,6.225212,0.008018,220.5
229.23,229.23,215,220.5,16.66,237.3523305,6.228572,0.007907,215.01
220.5,221.92,215,215.01,3.39,235.697343,6.222678,0.00802,207.2
215.01,215.01,205,207.2,5.63,233.5864287,6.222798,0.007916,224
207.2,224,207.2,224,2.52,232.8763229,6.225156,0.007937,232.8
224,240,207,232.8,58.79,232.8706694,6.220958,0.007735,250
232.8,250,228,250,44.01,234.1395087,6.220068,0.007565,233.94
250,264.8,228,233.94,48.46,234.1247303,6.220052,0.00782,250.66
233.94,250.66,227.67,250.66,27.26,235.349565,6.227482,0.007681,249.98
250.66,250.66,230.3,249.98,7.42,236.433301,6.232794,0.007679,236
249.98,249.98,230.3,236,14.94,236.4012046,6.23278,0.007718,240.1
236,244.06,236,240.1,6.17,236.6751894,6.233576,0.007672,241.03
240.1,248.5,240.1,241.03,40.23,236.997768,6.2338,0.007563,240.12
241.03,244.09,240.09,240.12,0.2377,237.2290444,6.234042,0.007564,235
240.12,247.44,235,235,21.4,237.06393,6.23389,0.007609,236.12
235,239.9,234.08,236.12,28.05,236.9940093,6.23475,0.007591,238
236.12,238,236.12,238,0.88,237.0685271,6.233038,0.007625,237.02
238,240.18,237.02,237.02,6.48,237.0649325,6.23795,0.007578,239.64
237.02,239.64,235,239.64,22.71,237.2556783,6.237038,0.00759,256
239.64,259.42,238,256,122.77,238.6441465,6.244064,0.007325,250.13
256,256,244,250.13,43.61,239.4949505,6.24639,0.007239,250.36
250.13,261.5,240.01,250.36,24.21,240.299769,6.247276,0.007293,271.37
250.36,280,249.89,271.37,53.78,242.6012676,6.251716,0.007082,277
271.37,280.09,264.69,277,24.73,245.1493218,6.252259,0.006956,269.4
277,285.73,267.32,269.4,36.32,246.9456684,6.247736,0.007087,274.49
269.4,278.61,265.17,274.49,16.6,248.9859892,6.245256,0.006981,260
274.49,275.46,260,260,10.93,249.8018419,6.241726,0.006982,269.93
260,270,260,269.93,0.1874,251.2928166,6.24162,0.006955,270.08
269.93,280,269.93,270.08,3.76,252.6844598,6.242398,0.006916,297
270.08,297.51,270.08,297,18.78,255.9670924,6.242458,0.006698,295
297,300,287.21,295,26.6,258.8584189,6.24172,0.006867,295.68
295,299.94,289,295.68,37.08,261.5859434,6.242622,0.006816,290.28
295.68,296.94,289.37,290.28,10.73,263.7114291,6.241802,0.00694,285
290.28,293,272,285,77.95,265.2883603,6.238828,0.006985,282.33
285,288.63,272.64,282.33,54.76,266.5507039,6.238026,0.007063,288
282.33,288,281.51,288,0.1454,268.1395407,6.238878,0.007047,294.44
288,294.44,288,294.44,32.99,270.0877229,6.242318,0.006978,284
294.44,294.96,284,284,17.76,271.1182619,6.231002,0.006969,257.48
284,288.2,250,257.48,37.81,270.1080203,6.212376,0.006866,255
257.48,280.87,253.45,255,6.26,268.9889077,6.182772,0.006822,261.65
255,271,255,261.65,1.21,268.4452849,6.191134,0.00678,259.68
261.65,272.49,259.68,259.68,0.1201,267.7960045,6.191622,0.006727,271.34
259.68,271.34,258.06,271.34,18.18,268.0585227,6.191178,0.006696,266.58
271.34,272,263,266.58,9.08,267.9490025,6.197228,0.006685,255.33
266.58,266.58,245,255.33,28.13,267.0142616,6.190508,0.006769,250.98
255.33,255.33,237.69,250.98,10.57,265.8265385,6.194106,0.006809,251.9
250.98,269,250.05,251.9,14.12,264.794943,6.192328,0.006811,252
251.9,252,242.88,252,0.6849,263.8471695,6.195346,0.006819,252.5
252,255.7,247.81,252.5,2.12,263.0066384,6.195082,0.006747,243.59
252.5,252.5,240.44,243.59,4.38,261.5683689,6.19499,0.006807,269
243.59,269,240.19,269,4.65,262.1188601,6.19499,0.006799,244.42
269,269,244.42,244.42,1.03,260.8078334,6.19165,0.006743,242.98
244.42,249.24,241.06,242.98,17.81,259.4872532,6.183712,0.00674,251.2
242.98,255.93,240,251.2,16.16,258.8733826,6.181772,0.006672,252.9
251.2,256,249.37,252.9,6.6,258.4309098,6.182224,0.006653,249.56
252.9,255,249.52,249.56,9.16,257.7738054,6.159464,0.006647,259.99
249.56,259.99,249.56,259.99,1.45,257.9379679,6.158774,0.006546,254.38
259.99,262.42,253.01,254.38,8.99,257.6744147,6.157342,0.00656,248.84
254.42,256.88,246.51,248.84,25.79,257.0200136,6.167532,0.006585,249.46
248.84,258.24,244.39,249.46,13.77,256.4600126,6.179114,0.006618,249.27
249.46,249.46,239.96,249.27,7.55,255.9274191,6.185014,0.006499,242.5
249.27,249.27,232.85,242.5,37.67,254.9327955,6.18733,0.006471,232.58
242.5,242.5,230.76,232.58,23.62,253.2770328,6.18926,0.006167,240
232.58,240,232.58,240,18.94,252.2935489,6.18962,0.006219,227.94
240,254.38,223.54,227.94,21.32,250.4895823,6.188662,0.006183,221.98
227.94,231.85,216.5,221.98,41.27,248.3777614,6.19238,0.00632,220.11
221.98,224,219.66,220.11,12.48,246.2838532,6.19238,0.00619,233.6
220.11,234.7,220.11,233.6,9.11,245.3443085,6.187326,0.006166,223.01
233.6,233.6,223.01,223.01,2.31,243.6899153,6.19238,0.006366,222.02
223.01,227.49,222,222.02,4.91,242.0847364,6.17822,0.006298,226.79
222.02,229,222.02,226.79,10.28,240.9517929,6.17781,0.006246,223.6
226.79,228,223.26,223.6,39.33,239.6664749,6.178008,0.006266,234.74
223.6,235.23,223.6,234.74,93.12,239.3015509,6.181348,0.006121,233.27
234.74,238.89,232.09,233.27,41.04,238.8547693,6.182038,0.006208,234.99
233.27,235.69,231,234.99,23.61,238.5684901,6.178244,0.006148,230.96
234.99,237.58,227.96,230.96,42.22,238.0048983,6.180546,0.006154,227.49
230.96,232.14,226.03,227.49,5.8,237.2260169,6.177072,0.006207,220.15
227.49,227.49,216.34,220.15,35.01,235.9611268,6.177204,0.006084,228.26
220.15,238.56,217.34,228.26,28.26,235.3906729,6.176464,0.006061,224.84
228.26,233.25,224,224.84,42.78,234.6091416,6.196754,0.006031,226
224.84,232,224,226,24.59,233.9714274,6.185512,0.006051,237.31
226,239.65,225.69,237.31,49.81,234.2187291,6.180966,0.006115,232.1
237.31,238.97,231.7,232.1,30.42,234.0617862,6.1821,0.006077,234.15
232.1,239.09,231.21,234.15,31.21,234.0683205,6.185554,0.006068,240.36
234.15,242.5,234.15,240.36,24.95,234.5343709,6.186074,0.005951,236.19
240.36,242.11,236.19,236.19,12.16,234.6570101,6.187106,0.005914,235.59
236.19,239.11,231.42,235.59,14.64,234.7261204,6.188196,0.00596,228
234.88,239.35,228,228,50.49,234.2278893,6.185728,0.006031,235.71
228,242.44,227,235.71,25.63,234.3376753,6.181888,0.006099,240.51
235.71,243,234.8,240.51,14.68,234.7948845,6.18551,0.006046,241.74
240.51,243,234.13,241.74,14.44,235.3093375,6.187954,0.005967,239.24
241.74,242.62,236.13,239.24,8.45,235.6004977,6.186933,0.005963,241.86
239.24,243.15,238.8,241.86,35.81,236.0641645,6.186016,0.005951,242.99
241.86,242.99,237.55,242.99,32.16,236.5771894,6.186976,0.005959,235.09
242.99,244,235.08,235.09,63.85,236.4670272,6.186594,0.006109,236.47
235.09,237.99,235,236.47,7.28,236.4672474,6.183198,0.006115,238.98
238.51,240.05,237.49,238.98,1.22,236.6533772,6.179932,0.006117,237.35
238.98,239.39,235.14,237.35,3.67,236.7049789,6.183107,0.00614,235.86
237.35,237.57,235.6,235.86,1.39,236.6423879,6.183264,0.006124,233.34
235.86,236.62,231.91,233.34,13.18,236.3977666,6.183148,0.006187,232.78
233.34,233.91,231.43,232.78,24.91,236.1297839,6.181658,0.006243,234.8
232.78,235.06,231.1,234.8,23.32,236.0312813,6.184546,0.006223,236.09
234.55,238.18,233.97,236.09,11.64,236.0356309,6.183266,0.006277,237.59
236.09,244,233.91,237.59,63.87,236.1507693,6.177258,0.007585,237.39
237.59,240.84,237.39,237.39,28.22,236.2425642,6.178366,0.007465,240.68
237.39,241.13,237.39,240.68,10.83,236.5712631,6.178466,0.007568,235.92
240.68,240.68,234.83,235.92,31.94,236.5230214,6.178318,0.007522,236.03
236.19,237.11,235.17,236.03,6.32,236.4865013,6.182018,0.007616,235.3
236.03,238,234.77,235.3,8.24,236.3986123,6.184094,0.00775,235.83
235.3,237.9,234.03,235.83,1.62,236.3564929,6.182338,0.007738,234.91
235.83,235.92,234.91,234.91,8.44,236.2493453,6.183896,0.007716,232.81
234.91,235.24,230.55,232.81,13.47,235.994579,6.18105,0.007743,227.59
232.81,235.86,227.59,227.59,12.77,235.3720176,6.180976,0.007081,224.23
227.59,232.4,222.03,224.23,33.59,234.5466829,6.180976,0.007209,229.5
224.23,229.5,222.29,229.5,4.71,234.1728546,6.182216,0.007354,227
229.5,229.5,226,227,23.8,233.641532,6.179866,0.007481,223.12
227,228.79,223.04,223.12,48.91,232.8621593,6.181776,0.007418,225
223.12,228.3,220.34,225,35.25,232.2797771,6.183196,0.0077,223.7
225,225.65,223.7,223.7,5.36,231.644238,6.184394,0.007784,224.35
223.7,225.33,223.7,224.35,0.3,231.1039241,6.184686,0.007768,224.35
224.35,224.35,224.35,224.35,0,230.6036334,6.185008,0.007804,230.92
226.79,230.92,226.79,230.92,2.41,230.627068,6.187768,0.007862,227.26
230.92,230.92,226.57,227.26,8.95,230.3776556,6.18748,0.007657,228.92
227.26,231.59,227.26,228.92,33.69,230.2696811,6.18689,0.007797,229.44
228.92,233.15,228.86,229.44,62.23,230.2082232,6.19073,0.007856,231.04
229.44,231.06,226.14,231.04,25.31,230.2698363,6.190068,0.007999,232.15
232,233.29,231.19,232.15,18.23,230.4091077,6.189824,0.008538,235.54
232.15,235.54,231.34,235.54,20.07,230.7891738,6.194442,0.008438,247.14
235.54,251,233.82,247.14,140.78,232.0003461,6.190452,0.01132,245.03
247.14,256.38,245.03,245.03,67.31,232.9655057,6.190734,0.01151,247.5
245.03,252.66,244,247.5,29.81,234.0421349,6.191082,0.01244,245.5
247.69,249.63,227,245.5,116.85,234.8908656,6.188398,0.01152,243.85
245.5,245.5,241.5,243.85,19.41,235.5545052,6.162728,0.01232,241
243.85,244.96,238.05,241,41.9,235.9578752,6.162532,0.01231,248.08
241,248.08,241,248.08,39.37,236.8558104,6.186804,0.01217,243.72
248.08,248.08,243.72,243.72,49.66,237.3642688,6.189404,0.01218,241.67
243.72,243.72,240.17,241.67,1.31,237.6832119,6.18576,0.01169,242.04
241.67,244,239.53,242.04,16.47,238.0059369,6.186788,0.01172,242
242.04,244,242,242,1.76,238.3017935,6.19047,0.0118,251.93
242,251.93,242,251.93,33.66,239.3112902,6.188466,0.0124,248.5
251.93,260,247.45,248.5,55.48,239.9919354,6.188408,0.0124,268.47
248.5,268.5,248.5,268.47,95.24,242.1014217,6.210902,0.01464,262.63
268.47,273,258.49,262.63,67.94,243.6220571,6.188452,0.01555,258.1
262.63,265.02,255.5,258.1,71.06,244.6944973,6.183754,0.01525,254.74
258.1,259.76,253.43,254.74,15.94,245.4386086,6.181964,0.01603,254.01
254.74,273,252.88,254.01,19.88,246.0735265,6.185244,0.01619,262
254.01,263,254.01,262,17.28,247.2532653,6.185996,0.0159,269.62
262,274.68,257.12,269.62,69.67,248.9100605,6.185742,0.0176,274.59
269.62,278,268.14,274.59,96.76,250.8122782,6.197226,0.01982,265.36
274.59,274.59,265,265.36,29.65,251.8898872,6.188226,0.02013,270.01
265.36,276.32,265.36,270.01,35.2,253.2321178,6.190102,0.02287,269.67
270.01,275.67,267.39,269.67,34.26,254.4497387,6.189352,0.02864,284.54
269.67,297,268.96,284.54,167.87,256.6786469,6.189694,0.0152,293.6
284.54,298.99,283.06,293.6,71.96,259.413562,6.190276,0.01478,308.14
293.6,316.01,291.69,308.14,138.95,263.0229278,6.19005,0.01684,290.18
308.14,312.3,269,290.18,337.1,265.0345627,6.193508,0.0159,288.75
290.18,295.97,286.79,288.75,36.2,266.7912618,6.188248,0.01595,287.5
288.75,293.79,287.5,287.5,9.26,268.3252424,6.188448,0.01471,276.74
287.5,292,273.4,276.74,54.21,268.9485578,6.189792,0.01303,280.38
276.74,281.31,275.52,280.38,4.76,269.7953313,6.189864,0.01347,278.01
280.38,281.69,274.92,278.01,14.07,270.4038253,6.189938,0.01445,275.54
278.01,279.57,274.32,275.54,0.4725,270.7842826,6.189672,0.01336,277.56
275.54,280.4,275.54,277.56,83.54,271.2861876,6.187732,0.01417,276.45
277.56,281.41,276.45,276.45,20.68,271.6686923,6.189042,0.01371,276.98
276.45,279.38,275.31,276.98,60.14,272.0621225,6.183778,0.01383,276.89
276.98,278.4,276.03,276.89,24.71,272.419743,6.188352,0.01375,290
276.89,290,276.18,290,41.53,273.7219843,6.188952,0.01608,288.92
290,291.81,286.67,288.92,27.57,274.8477632,6.187982,0.01611,291.28
288.92,293.85,287.83,291.28,8.72,276.0649659,6.187982,0.01592,296.1
291.28,296.1,286.55,296.1,11.07,277.5490425,6.187642,0.01594,293.56
296.1,296.8,287,293.56,57.37,278.7350394,6.188652,0.01732,291.61
293.56,293.56,280,291.61,29.31,279.6887402,6.188202,0.01665,288.96
291.61,291.61,280,288.96,30.74,280.3755002,6.188082,0.01603,293.48
288.96,293.48,280,293.48,41.34,281.3462039,6.188232,0.01622,283.27
293.48,293.48,277.12,283.27,63.84,281.4887073,6.209574,0.01499,283.84
283.27,289.89,277.91,283.84,0.8988,281.6628771,6.209592,0.0149,283.87
283.84,285.51,280.57,283.87,18.34,281.8263677,6.20966,0.01504,287.68
283.87,287.68,280.53,287.68,21.61,282.2599701,6.20988,0.01538,284.83
287.68,287.77,281.02,284.83,30.98,282.4503427,6.20966,0.0154,278.67
284.83,286.96,278.6,278.67,19.72,282.1703173,6.210314,0.01454,281.04
278.67,290,274.15,281.04,62.78,282.0865901,6.209462,0.01498,263.83
281.04,283.78,263.83,263.83,20.31,280.7342501,6.208812,0.01489,269.77
263.83,269.77,258,269.77,23.82,279.9220834,6.20881,0.01483,266.85
269.77,273.88,262.49,266.85,19.33,278.9537809,6.20863,0.01498,270
266.85,270,260,270,99.5,278.2905379,6.20942,0.01526,270
270,270,265.49,270,61.28,277.676424,6.302642,0.01515,264.03
270,270,261.64,264.03,138.89,276.6655778,6.374764,0.01472,268.33
264.03,270,262.01,268.33,368.75,276.0481276,6.39959,0.01518,265.55
268.33,269.22,265.22,265.55,164.32,275.2704885,6.39416,0.01504,260.35
265.55,270,257.01,260.35,263.6,274.1652671,6.392256,0.01536,258.64
260.35,263.12,257.57,258.64,88.91,273.0152473,6.39115,0.01544,247.99
258.64,259.93,247.99,247.99,480.9,271.1615253,6.39399,0.0155,230.12
247.99,247.99,188.11,230.12,422.39,268.1214123,6.39512,0.01534,236.87
230.12,238.71,228.91,236.87,527.39,265.8064929,6.395182,0.01536,234.39
236.87,238.71,232.62,234.39,137.94,263.4793453,6.392668,0.01535,231.99
234.39,235.32,223.1,231.99,171.18,261.1468012,6.387586,0.01528,228.13
231.99,232.38,226.07,228.13,52.24,258.7011122,6.387612,0.01499,212.48
228.13,228.13,209.79,212.48,288.68,255.2773261,6.38754,0.01419,224.7
212.48,235.99,204.01,224.7,535.65,253.012339,6.40243,0.01346,227.87
224.7,243.38,223.11,227.87,153.24,251.1499435,6.412044,0.01311,226.01
227.87,233,225.31,226.01,176.15,249.2877255,6.41117,0.01284,233.15
226.01,237.98,222.57,233.15,263.59,248.0923384,6.40755,0.01255,229
233.15,234.97,228.95,229,99.35,246.6780911,6.39324,0.01258,228.5
229,233.1,226.68,228.5,61.66,245.3315658,6.389898,0.01242,230.92
228.5,233.51,226,230.92,98.64,244.2640424,6.38912,0.01236,229.24
230.92,231.12,226.87,229.24,100.04,243.1511504,6.37921,0.01242,226.82
229.24,232.99,226.82,226.82,191.81,241.9414356,6.367582,0.01228,226.94
226.82,231.13,226.17,226.94,292.34,240.8302181,6.358118,0.01157,231.01
226.94,231.79,226.55,231.01,151.63,240.1027946,6.356556,0.01179,236.32
231.01,237,230.25,236.32,173.97,239.8225875,6.356416,0.01244,241.99
236.32,243.38,236.32,241.99,112.16,239.9831366,6.356416,0.01283,241.07
241.99,242.78,239.13,241.07,148.82,240.063645,6.35609,0.01275,243.27
241.07,246.51,240.35,243.27,253.52,240.3011528,6.36362,0.01253,239.03
243.27,244.97,238.18,239.03,194.48,240.2069933,6.366966,0.01231,238.16
239.03,240.46,236.99,238.16,43.19,240.0553642,6.375252,0.01233,239.43
238.16,241.65,238.16,239.43,69.18,240.0090409,6.37716,0.01227,236.21
239.43,242.12,233.67,236.21,111.08,239.7276305,6.375392,0.01208,232.43
236.21,237.45,228.68,232.43,88.56,239.1870653,6.374416,0.01218,230.65
232.43,232.64,226.32,230.65,468.96,238.5546901,6.37494,0.01232,229.12
230.65,232.32,228.6,229.12,122.06,237.8558241,6.37025,0.01223,229.08
229.12,232.2,226.91,229.08,65.86,237.2057631,6.369714,0.01225,233.37
229.08,236,227.88,233.37,43.24,236.9216325,6.371226,0.01254,232.83
233.37,235.5,231.92,232.83,62.93,236.6185486,6.366792,0.01275,232.01
232.83,233.29,230,232.01,70.59,236.2771746,6.364378,0.01237,230.17
232.01,232.01,230.17,230.17,1.97,235.8247913,6.36392,0.01232,227.17
230.17,231.49,226.95,227.17,32.07,235.1836957,6.36558,0.01229,228.6
227.17,233.86,223.1,228.6,155.16,234.6960145,6.36859,0.01233,230.24
228.6,231.08,228.23,230.24,101.29,234.3659394,6.37422,0.01243,231.78
230.24,235,229.71,231.78,41.49,234.1743883,6.38175,0.01245,236
231.78,237.2,231.78,236,142.01,234.3096188,6.384078,0.01242,233.49
236,236,233.46,233.49,52.56,234.2489063,6.376232,0.01221,230.62
233.49,235,230.62,230.62,29.87,233.9800984,6.374838,0.01225,239.42
230.62,239.97,230.62,239.42,120.69,234.3830541,6.37438,0.01276,238.02
239.42,240,235,238.02,95.55,234.6524575,6.37029,0.01266,236
238.02,238.02,235,236,40.02,234.7522755,6.36486,0.01273,237.8
236,238,234.59,237.8,37.17,234.9780328,6.358596,0.01268,236.98
237.8,239.86,236.46,236.98,71,235.1263267,6.356352,0.01256,238.8
236.98,238.8,236.43,238.8,18.77,235.3984506,6.35595,0.01267,238.97
238.8,239.95,237.6,238.97,12.85,235.6630099,6.35595,0.01256,240
238.97,240.44,237.16,240,81.09,235.9842684,6.35591,0.01253,244.53
240,248.39,239.45,244.53,90.91,236.6172855,6.35698,0.01275,243.69
244.53,247.2,234.55,243.69,131.5,237.1411903,6.35624,0.01256,242.7
243.69,244.73,233,242.7,113,237.552954,6.3561,0.01254,244.76
242.7,244.87,241.95,244.76,86.38,238.0868093,6.35391,0.01272,245.64
244.76,245.64,241.75,245.64,30.59,238.6463049,6.347134,0.01267,245.11
245.7,247.12,245.06,245.11,43.18,239.1250971,6.34586,0.01275,245.93
245.11,247.11,244,245.93,27.4,239.629164,6.34587,0.01279,249
245.93,249.51,244.01,249,106.55,240.3233,6.32686,0.01273,253.64
249,253.66,241,253.64,113.09,241.3097222,6.337762,0.0124,253.73
253.64,255,251.86,253.73,103.35,242.2297428,6.34488,0.01216,258
253.73,268.51,253,258,274.76,243.39791,6.347346,0.01179,268.54
258,271,258,268.54,94.7,245.260287,6.350474,0.01131,257
268.54,270,252,257,56.32,246.1298954,6.35211,0.01149,264.06
257,265.73,251,264.06,32.4,247.4580513,6.35203,0.01151,270
264.06,270,264,270,114.12,249.1278253,6.35846,0.01141,266.59
270,270.74,264.57,266.59,208.93,250.4213197,6.350918,0.01153,274.2
266.59,278,263.73,274.2,70.23,252.1827034,6.34897,0.01132,276.16
274.2,279.31,270,276.16,100.13,253.9587995,6.355548,0.01122,283.38
276.16,283.38,276.16,283.38,75.76,256.1381476,6.35034,0.01099,289.37
283.38,294.48,283.38,289.37,115.46,258.5997663,6.34923,0.01068,285.21
289.37,289.37,280.64,285.21,64.43,260.5708948,6.35231,0.0109,292.51
285.21,296.31,285.21,292.51,254.57,262.9367544,6.352642,0.01049,290.16
292.51,305,290,290.16,141.9,264.9532911,6.357854,0.01018,313.04
290.16,317.84,290.16,313.04,125.82,268.5152696,6.356698,0.01238,325
313.04,333,311.77,325,330.76,272.6993237,6.32603,0.01217,306.13
325,331,306.13,306.13,56.65,275.1756701,6.32529,0.01163,307.44
306.13,320,304.69,307.44,54.31,277.5656204,6.3176,0.01175,358.17
307.44,360,307.44,358.17,193.56,283.5363152,6.33446,0.01141,398.01
358.17,418.97,307.23,398.01,386.28,292.0158474,6.338026,0.01126,391.93
398.01,489.99,368.49,391.93,416.24,299.4168958,6.33593,0.009992,380
391.93,438.72,341,380,193.96,305.3860146,6.34315,0.009918,362.06
380,390,346.34,362.06,96.24,309.5840876,6.352326,0.009398,383.89
362.06,389.81,362.06,383.89,53.7,315.0882292,6.35226,0.009225,357
383.89,385,352,357,76.41,318.1928049,6.35212,0.009171,371.69
357,378.66,350,371.69,52.39,322.15556,6.3608,0.008901,337.83
371.69,379,327.93,337.83,123.53,323.3166297,6.360416,0.009202,309.3
337.83,341,300,309.3,140.81,322.2783608,6.366944,0.009647,330.95
309.3,341,301.56,330.95,178.07,322.9207045,6.368842,0.00977,336.95
330.95,340.18,326.5,336.95,121.27,323.9599115,6.372932,0.009617,329.74
336.95,339.47,326.03,329.74,51.79,324.3880662,6.37325,0.009606,315
329.74,333.74,315,315,73.53,323.6926539,6.37321,0.009618,321.91
315,330,315,321.91,83.01,323.5606055,6.37248,0.009658,330
321.91,336.89,321.91,330,86.16,324.0375977,6.37638,0.009607,326.5
330,334.75,326,326.5,60.88,324.2199978,6.38342,0.009531,326.26
326.5,332.71,323.07,326.26,46.11,324.3711091,6.383346,0.009623,317.21
326.26,326.26,310,317.21,78.94,323.8406566,6.384618,0.00968,321.48
317.21,324.37,317.21,321.48,4.55,323.6657931,6.385532,0.009662,322.85
321.48,325,319.03,322.85,36.68,323.605364,6.38577,0.00968,322.68
320,323.5,319,322.68,68.89,323.5368185,6.38777,0.009668,320.42
322.68,325,316.01,320.42,344.3,323.3059431,6.390386,0.009737,329.69
320.42,330,317.57,329.69,180.61,323.7788362,6.389584,0.01008,356.2
329.69,370,329.69,356.2,133.6,326.1804039,6.389276,0.01022,360.59
356.2,364,350.53,360.59,86.19,328.7292629,6.39366,0.009967,356.5
360.59,360.59,350.28,356.5,54.91,330.7863545,6.394042,0.009826,370.39
356.5,373.77,353.03,370.39,87.7,333.7199579,6.39421,0.0099,378.5
370.39,380.68,370.39,378.5,79.73,337.036998,6.39534,0.009535,361.58
378.5,378.5,355,361.58,442.02,338.8549982,6.39785,0.009498,362.02
361.58,362.41,349.2,362.02,220.97,340.5709242,6.399034,0.00935,361.3
362.02,370,356.99,361.3,1152,342.1064113,6.400336,0.009325,364.93
361.3,365.08,357.48,364.93,50.81,343.7970475,6.39914,0.00928,389.64
364.93,390.58,363.93,389.64,205.27,347.1928218,6.400502,0.009082,392.39
389.64,404.21,386.01,392.39,167.32,350.5407609,6.40082,0.008826,395.3
392.39,398,384.07,395.3,244.4,353.8562601,6.40558,0.009187,400
395.3,400,388.52,400,230.13,357.2743149,6.414974,0.00882,416.33
400,420,400,416.33,295.14,361.6488101,6.42596,0.008782,417.3
416.33,420,410.01,417.3,231.12,365.7711205,6.43599,0.008766,443.12
417.3,445,416,443.12,462.82,371.5006671,6.447395,0.008481,431
443.12,464,407.14,431,239.52,375.9080251,6.442686,0.008256,432
431,438,418.37,432,39.9,380.0629862,6.452359,0.008208,440.19
432,445,426.21,440.19,300.24,384.5168391,6.454231,0.008088,460.49
440.19,464,430.01,460.49,187.03,390.1444806,6.458699,0.008189,453.65
460.49,464.98,441,453.65,185.26,394.8485932,6.470792,0.008068,451.03
453.65,459.15,445,451.03,67.71,399.0101789,6.480859,0.008197,464.97
451.03,467.69,451.03,464.97,92.7,403.8960915,6.481875,0.008077,458.01
464.97,464.97,455,458.01,52.99,407.9045292,6.482088,0.008017,441.22
458.01,460.49,436,441.22,166.61,410.3723418,6.482395,0.007951,441.75
441.22,446.96,426.7,441.75,193.74,412.6966128,6.481345,0.007831,437.69
441.75,444.25,434.29,437.69,40.92,414.5479748,6.479563,0.007788,444.83
437.69,445.99,435.47,444.83,65.77,416.7910878,6.476202,0.008026,452.71
444.83,458,443.99,452.71,60.26,419.451748,6.47692,0.007985,457.84
452.71,457.95,451.12,457.84,4.07,422.2953222,6.471257,0.007942,417.47
457.84,457.84,409,417.47,216.29,421.9378909,6.468487,0.008267,426.04
417.47,429.72,409.41,426.04,26.46,422.2417509,6.46809,0.008289,418.78
426.04,429.36,418.78,418.78,108.99,421.9853249,6.468671,0.008221,430.95
418.78,432.5,418.78,430.95,148.55,422.6493749,6.485139,0.008113,424.31
430.95,435,420,424.31,48.79,422.7723841,6.490175,0.0081,431.31
424.31,431.31,416.61,431.31,80.65,423.4048001,6.49133,0.008101,431.51
431.31,434.97,430.74,431.51,14.32,424.0051853,6.501201,0.00816,433.07
431.51,434.99,430.32,433.07,25.38,424.6766531,6.504246,0.00808,427.63
433.07,434.99,422.98,427.63,14.39,424.8954195,6.503476,0.0081,431.08
427.63,433.96,426.56,431.08,51.5,425.3535366,6.527556,0.00807,431.32
431.08,434.73,429,431.32,33.76,425.7954968,6.521699,0.00803,429.99
431.32,431.33,427.58,429.99,20.05,426.1062008,6.549517,0.00801,457.88
429.99,457.88,427.78,457.88,132.76,428.4598155,6.58394,0.00787,455.22
457.88,460,447.64,455.22,110.94,430.4420514,6.595137,0.00787,451.38
455.22,459.87,450,451.38,84.78,431.9930106,6.586201,0.00793,447.38
451.38,451.38,442.05,447.38,41.49,433.1327876,6.58645,0.00791,450
447.38,454.53,443.81,450,106.93,434.3822107,6.572526,0.00794,449.81
450,452.23,445.03,449.81,151.13,435.5250099,6.569598,0.00791,433.98
449.81,455,427.17,433.98,191.65,435.4105647,6.573614,0.00804,430
433.98,437.15,430,430,42.29,435.0097822,6.586832,0.00802,374.41
430,430.91,372.66,374.41,590.29,430.5209094,6.585086,0.00838,388.16
374.41,390.58,351.76,388.16,552.55,427.3830643,6.581094,0.00797,385
388.16,395,381.6,385,135.81,424.243578,6.580006,0.00788,390.1
385,391.82,376.58,390.1,246.35,421.7144241,6.57321,0.00788,381.08
390.1,390.97,379.02,381.08,68.55,418.7044668,6.577124,0.00792,419.46
381.08,425.13,375.93,419.46,792.43,418.7604322,6.578382,0.00807,412.31
419.46,425.78,406.05,412.31,730.53,418.2826224,6.580525,0.00783,382.82
412.31,412.31,375.52,382.82,510.72,415.6557615,6.579636,0.00802,389.11
382.82,395,381.36,389.11,372.76,413.6894088,6.579332,0.00797,400.68
389.11,406.71,385.81,400.68,609.63,412.7257489,6.579278,0.0079,394.01
400.68,401.25,387.17,394.01,462.68,411.3393971,6.57908,0.00794,395.95
394.01,406.7,390.45,395.95,719.82,410.1994418,6.581381,0.008,396
395.95,401.48,393.11,396,200.09,409.1476313,6.578372,0.00832,379.27
396,398.03,376.97,379.27,316.78,406.9344734,6.576319,0.00811,379.92
379.27,385.63,365,379.92,606.53,404.9334013,6.575282,0.00815,378
379.92,383.18,376.12,378,216.06,402.9383345,6.575917,0.00809,369.84
378,381,369.82,369.84,199.96,400.486606,6.576226,0.00824,372
369.84,380,366.16,372,533.92,398.3764871,6.58365,0.0082,373.71
372,376.68,372,373.71,362.3,396.5493399,6.580413,0.00817,368
373.71,373.71,365.78,368,214.2,394.434574,6.577491,0.00823,392
368,392,368,392,369.21,394.2542352,6.568021,0.00808,387.22
392,392,382.48,387.22,492.86,393.7331807,6.574747,0.00807,375.69
387.22,387.22,367.71,375.69,412.74,392.3966488,6.574047,0.00817,372.82
375.69,381.23,371.55,372.82,185.05,390.9465267,6.574224,0.00813,372
372.82,377.78,371.66,372,443.23,389.5430802,6.573669,0.00814,378.48
372,381.4,371.26,378.48,733.23,388.7235928,6.573752,0.00812,379.3
378.48,384.76,371.71,379.3,1257.01,388.0255489,6.573897,0.00805,377.21
379.3,383.95,373.67,377.21,1274.38,387.2243971,6.572268,0.00804,380.3
377.21,383.49,375.76,380.3,1037.16,386.7114788,6.572664,0.00801,389.15
380.3,391.14,380.3,389.15,765.66,386.89211,6.565472,0.00795,403.25
389.15,404.26,386.82,403.25,653.35,388.1038056,6.56597,0.00783,396
403.25,409.31,392,396,736.74,388.6887089,6.506061,0.00785,405.5
396,408.6,390.1,405.5,1021.74,389.9339897,6.517924,0.0078,416.16
405.5,421.8,403.01,416.16,1183.09,391.8766571,6.52624,0.00774,422
416.16,424.79,411.46,422,823.83,394.1080159,6.53047,0.00768,417.05
422,422,413.13,417.05,446.29,395.8074221,6.52162,0.00767,440.3
417.05,442,417.05,440.3,1124.57,399.1031686,6.52196,0.00784,437.04
440.3,444,422.5,437.04,879.59,401.9133043,6.52216,0.00784,433.35
437.04,437.04,422,433.35,819.77,404.2419484,6.52265,0.0079,420.99
433.35,437.15,414.29,420.99,1304.29,405.4825448,6.52752,0.00804,423.2
420.99,427.1,408.14,423.2,770.74,406.7949489,6.53037,0.00791,421.85
423.2,426,416.7,421.85,739.44,407.9101379,6.53235,0.00793,427.2
421.85,427.2,417.65,427.2,447.57,409.3390165,6.53797,0.00793,433.04
427.2,436,427.2,433.04,626.68,411.0946449,6.53762,0.00786,430.14
433.04,434.98,421.07,430.14,177.5,412.505412,6.53986,0.00787,435.92
430.14,442,429.29,435.92,544.69,414.2398259,6.54985,0.00783,429.88
435.92,439.41,422.79,429.88,1697.67,415.3983573,6.55239,0.00789,424.39
429.88,432.48,412,424.39,1264.09,416.0644049,6.55162,0.00787,419.62
424.39,431.11,417,419.62,3882.56,416.3277823,6.53747,0.00785,406.71
419.62,424.46,404.87,406.71,2392.2,415.615354,6.51752,0.00785,394.52
406.71,408.99,388.4,394.52,4809.95,414.0527352,6.51941,0.00792,403.86
394.52,410.06,387.27,403.86,1897.16,413.2977178,6.51215,0.00786,413.75
403.86,414.12,397.4,413.75,1302.37,413.3312202,6.51909,0.00785,410.29
413.75,414.36,407.5,410.29,1318.45,413.1059446,6.50788,0.00785,410.55
410.29,414.74,406.45,410.55,1526.59,412.9166154,6.51326,0.0079,415.81
410.55,429.7,409.42,415.81,2769.06,413.1309402,6.50932,0.00783,419.92
415.81,423.65,415,419.92,1562.08,413.6338335,6.49515,0.00801,407.22
419.92,420.59,406.15,407.22,4268.69,413.1587347,6.4951,0.00795,408.87
407.22,413.62,406.65,408.87,1999.17,412.8410507,6.4951,0.00791,415.42
408.87,416.5,407.74,415.42,3410.81,413.0320839,6.49183,0.0079,415.59
415.42,417.04,412.17,415.59,1855.24,413.2215592,6.51231,0.00794,416.78
415.59,419.04,412.87,416.78,1497,413.4851474,6.52076,0.00791,420.75
416.78,422.69,416.78,420.75,1963.65,414.0232846,6.48482,0.0079,409.43
420.75,421,405.03,409.43,3199.64,413.6830413,6.47315,0.00774,410.09
409.43,411.44,405.53,410.09,1860.96,413.4168901,6.47145,0.00776,412.14
410.09,414.82,409.39,412.14,806.37,413.3223057,6.47173,0.00776,411.76
412.14,414.36,407.68,411.76,1327.09,413.2065793,6.48162,0.00777,414.82
411.76,417.9,411.17,414.82,1669.12,413.326092,6.48926,0.00775,415.53
414.82,417.98,411.89,415.53,1267.5,413.4893444,6.49264,0.00775,415.96
415.53,417.78,413.12,415.96,1197.63,413.6723559,6.51304,0.00775,416.11
415.96,419.76,413.61,416.11,920.85,413.8529222,6.51325,0.00773,417.31
416.11,418.4,415.28,417.31,975.38,414.109002,6.51193,0.00773,424.97
417.31,430,415.9,424.97,1313.9,414.9135204,6.51305,0.00776,423
424.97,426.39,421.13,423,1142.24,415.5125189,6.49965,0.00689,415.71
423,428.11,405,415.71,1227.79,415.5271471,6.50494,0.00775,413.38
415.71,416.7,409.12,413.38,1050.18,415.3680992,6.47135,0.00777,417.56
413.38,419.99,412.42,417.56,2066.84,415.5304622,6.46669,0.00782,417.9
417.56,419.04,415.5,417.9,633.93,415.7059835,6.47272,0.00778,420.57
417.9,423.17,417.9,420.57,564.79,416.066281,6.479217,0.00776,421.5
420.57,421.66,417.96,421.5,481.01,416.4687787,6.480869,0.00775,420.14
421.5,421.6,417.54,420.14,560.66,416.740721,6.479358,0.00773,423.39
420.14,424.97,419.5,423.39,998.65,417.2332602,6.477129,0.00768,422.78
423.39,424.61,421.56,422.78,847.16,417.6441298,6.479973,0.0077,422.61
422.78,424.39,420.06,422.61,1096.07,418.0119721,6.466143,0.0077,418.31
422.61,425.96,418,418.31,861.04,418.0340482,6.465918,0.0077,419.29
418.31,420.75,415,419.29,846.56,418.1270817,6.465948,0.00769,420.95
419.29,422.92,416.96,420.95,1655.44,418.3361867,6.464682,0.0077,422.58
420.95,424.5,420.23,422.58,1258.4,418.6505433,6.459198,0.00768,427.08
422.58,430.36,422.58,427.08,1151.1,419.2749475,6.465316,0.00766,423.54
427.08,427.71,422,423.54,1159.6,419.5908773,6.476974,0.00764,424.52
423.54,425.77,422.39,424.52,532.25,419.9559975,6.479909,0.00766,429.25
424.52,431.02,424.52,429.25,632.81,420.6444421,6.476494,0.00765,429.12
429.25,434.23,427.97,429.12,690.59,421.2722612,6.477365,0.0076,427.87
429.12,431.37,424.58,427.87,648.34,421.7609826,6.47693,0.00764,428.02
427.87,429.8,426.28,428.02,1030.36,422.2246135,6.475655,0.00758,436.92
428.02,438,426.8,436.92,1179.9,423.3131607,6.470728,0.007571,441.77
436.92,444,434.27,441.77,1580.25,424.680334,6.469378,0.007428,451.01
441.77,451.34,440.11,451.01,930.69,426.6306796,6.479293,0.007469,446
451.01,451.01,442.7,446,641.31,428.0654441,6.495715,0.007476,450.71
446,450.71,443.22,450.71,698.02,429.7428186,6.49852,0.007402,460
450.71,460,445.4,460,1112.4,431.9840913,6.499971,0.007985,464
460,469.69,452.5,464,1447.44,434.3556401,6.493799,0.008315,469.3
464,470,461.88,469.3,899.83,436.9441112,6.495583,0.008706,448.35
469.3,469.3,445.48,448.35,1475.35,437.7889918,6.49597,0.008865,450.86
448.35,451.48,435.43,450.86,1919.74,438.7572147,6.478205,0.008459,456.22
450.86,457.22,447.39,456.22,953.38,440.0507543,6.476542,0.008402,446.44
456.22,458.12,446.44,446.44,1176.69,440.5240318,6.475936,0.008191,452.07
446.44,454.47,446.44,452.07,293.27,441.3792887,6.475137,0.008196,444
452.07,453.58,440,444,1306.69,441.5734154,6.475707,0.008286,451.92
444,452.52,442.52,451.92,1262.5,442.3398291,6.485601,0.008354,448
451.92,451.92,444.86,448,729,442.759101,6.495644,0.008363,448.74
448,450,447.22,448.74,642.47,443.2021306,6.504156,0.0083,460.7
448.74,462.37,447.17,460.7,1842.71,444.4982691,6.500085,0.008242,459.1
460.7,462.34,457.92,459.1,277.86,445.5798788,6.498556,0.008698,459.1
459.1,461.79,455.95,459.1,634.19,446.5813692,6.497878,0.008593,461.75
459.1,464.99,455.99,461.75,1279.65,447.7049715,6.512597,0.008894,452.13
461.75,463.49,450,452.13,1013.32,448.0327514,6.516608,0.00848,453.97
452.13,455,450.99,453.97,1766.78,448.4725476,6.497408,0.008554,454.95
453.97,455,449.39,454.95,869.91,448.9523589,6.515368,0.008515,456.05
454.95,457.5,452.61,456.05,1274.72,449.4781101,6.527461,0.00863,455.4
456.05,458.06,453.79,455.4,972.97,449.9167686,6.530977,0.008815,457.65
455.4,459.79,454.14,457.65,274.15,450.4896005,6.532749,0.008928,454.39
457.65,458,450.17,454.39,1237.42,450.778519,6.525979,0.008846,454.16
454.39,455,451,454.16,1000.13,451.0289991,6.525029,0.008814,453.24
454.16,455.88,452.35,453.24,1429.97,451.1927769,6.536439,0.008846,432
453.24,453.85,431.88,432,1254.84,449.7710898,6.539599,0.008706,439.65
432,442.63,427.06,439.65,1114.34,449.0213794,6.550117,0.008766,441
439.65,441,431.01,441,680.49,448.4272032,6.547087,0.008926,437.89
441,442,433.34,437.89,2785.85,447.6466696,6.547087,0.008946,442.5
437.89,444.01,435.55,442.5,2887.46,447.2654348,6.553941,0.008946,444.6
442.5,445.79,441.48,444.6,1284.15,447.0679952,6.555291,0.008813,448.3
444.6,449.21,442.94,448.3,722.13,447.1592548,6.555107,0.008934,452.41
448.3,452.45,445.19,452.41,915.01,447.5481989,6.557132,0.009011,471.36
452.41,477,451.22,471.36,1764.3,449.312036,6.562911,0.009444,523.99
471.36,545,450.55,523.99,5187.17,454.843737,6.563612,0.008644,518.98
523.99,549,470,518.98,2673.43,459.5945713,6.56473,0.008583,531.43
518.98,540,518.98,531.43,916.05,464.9157142,6.579177,0.008578,530
531.43,544.53,510.97,530,2715.14,469.7367724,6.582888,0.008755,536.12
530,541.77,485.9,536.12,1996.79,474.6540485,6.577646,0.008784,539.2
536.12,539.67,531.52,539.2,1793.27,479.4352301,6.583717,0.008783,567.43
539.2,576.03,536.06,567.43,2726.68,485.9533612,6.56524,0.008586,573.18
567.43,588.71,562,573.18,2453.02,492.4145937,6.565083,0.008385,574.11
573.18,583.67,568.07,574.11,1186.64,498.4661053,6.562708,0.008405,583
574.11,586.3,573.35,583,1014.48,504.7278753,6.56706,0.008491,577.38
583,589.91,565.38,577.38,3420.29,510.1095141,6.571582,0.008289,581.98
577.38,582.13,571.71,581.98,1370.72,515.4332538,6.564724,0.008195,575.01
581.98,581.98,571.6,575.01,1374.98,519.8463461,6.564421,0.008212,579.26
575.01,581.8,573,579.26,1378.66,524.2473575,6.561821,0.008393,595.99
579.26,595.99,579,595.99,1276.7,529.5616274,6.562589,0.008369,665.8
595.99,683.06,595.99,665.8,5399.75,539.6533587,6.562793,0.007933,703.27
665.8,717.79,659,703.27,4015.14,551.7731099,6.581304,0.007524,687.34
703.27,703.95,647.26,687.34,4406.38,561.8151017,6.594342,0.007557,692.07
687.34,697.59,671.58,692.07,1900.47,571.4636127,6.583605,0.007567,767.05
692.07,776.71,692.07,767.05,5696.94,585.9514933,6.5981,0.00742,747.08
767.05,776,702,747.08,5794.92,597.8869382,6.589414,0.007488,761.02
747.08,781.15,728.87,761.02,6019.57,609.9708687,6.584732,0.007369,765.87
761.02,769.99,745.03,765.87,2487.23,621.5189525,6.58479,0.007277,737
765.87,768.83,725.02,737,3884.15,630.0731042,6.58028,0.007178,673.41
737,738.36,630.2,673.41,8315.46,633.2832446,6.583048,0.007279,594.46
673.41,679.85,590,594.46,6714.94,630.4074487,6.578001,0.006577,623.54
594.46,635,551.49,623.54,5206.35,629.8987488,6.577707,0.006237,669.26
623.54,762.24,618.51,669.26,5940.81,632.814397,6.61089,0.00645,674.15
669.26,703.34,641.41,674.15,2243.09,635.8762936,6.604101,0.006392,633.04
674.15,680.91,615.26,633.04,1350.42,635.6661977,6.604379,0.006484,648.49
633.04,664.08,627,648.49,1230.6,636.616109,6.642108,0.006405,647.01
648.49,664.86,640,647.01,2494.16,637.3860269,6.647567,0.006344,639.5
647.01,650.53,615.85,639.5,2053.6,637.5426175,6.636821,0.006357,669.7
639.5,675,635,669.7,1688.09,639.9246458,6.643207,0.006238,677.74
669.7,691.2,665.85,677.74,2111.15,642.7257832,6.654986,0.00632,700
677.74,703.94,674,700,1228.66,646.9683177,6.656558,0.006582,664.82
700,703.96,644.65,664.82,1540.96,648.2906646,6.65626,0.00653,679.26
664.82,684.73,645,679.26,1654.77,650.5846894,6.659963,0.006669,666.5
679.26,683.11,659.57,666.5,970.34,651.7636013,6.676075,0.006639,677.59
666.5,681.23,665.85,677.59,906.68,653.6766679,6.689446,0.006629,640
677.59,681.99,610.7,640,2909.92,652.6635814,6.682783,0.006458,670
640,670.07,634.04,670,1772.69,653.9477605,6.688398,0.006409,657.95
670,671.93,622,657.95,1923.47,654.2442227,6.688151,0.006381,651.2
657.95,657.95,642.42,651.2,495.79,654.0187247,6.68847,0.006372,652.98
651.2,663.32,645.32,652.98,815.62,653.9417822,6.69333,0.006356,674.21
652.98,675.98,647.14,674.21,974.64,655.4431316,6.690359,0.00626,662.88
674.21,674.21,657.96,662.88,928.63,655.9940108,6.686362,0.006298,662.78
662.88,665.92,650,662.78,1157.1,656.4966766,6.684581,0.006317,663.87
662.78,669,660,663.87,1157.88,657.0428487,6.688424,0.006258,665
663.87,669.1,661,665,432.23,657.6322673,6.688366,0.006275,677.88
665,685,661.52,677.88,927.5,659.1320994,6.689617,0.006186,675.28
677.88,686,667.58,675.28,1296.12,660.3282402,6.699971,0.006165,673.51
675.28,676.55,666.02,673.51,991.27,661.3046668,6.695872,0.006179,667
673.51,676.15,660,667,1552.88,661.7265434,6.690007,0.006204,664.5
667,669.46,658.89,664.5,554.76,661.9319846,6.676397,0.006221,648.97
664.5,668.97,644.54,648.97,1532.52,660.9718376,6.678447,0.006202,657.71
648.97,660,645.94,657.71,715.12,660.73022,6.677655,0.006187,662.9
657.71,668.44,651.98,662.9,873.13,660.8909444,6.679506,0.00614,654.28
662.9,664.68,652.01,654.28,847.7,660.4012448,6.678686,0.006148,655.03
654.28,659.1,642.5,655.03,1130.07,660.0033749,6.674166,0.006072,654.03
655.03,663.94,648,654.03,1755.59,659.5609026,6.671306,0.006054,653.87
654.03,661.1,651.7,653.87,889.65,659.1393543,6.659602,0.006057,653
653.87,659.57,651.7,653,1002.86,658.6845873,6.639728,0.006207,654.93
653,658.18,651.9,654.93,453.11,658.4064697,6.639295,0.00621,623.68
654.93,656.67,623.68,623.68,1301.11,655.8341386,6.637542,0.006301,605
623.68,627.05,601.01,605,2577.04,652.0686469,6.643832,0.006365,506
605,611.44,479,506,7142.29,641.2487471,6.644524,0.006855,564.94
506,572,502.75,564.94,5302.46,635.5962473,6.646511,0.006617,582.92
564.94,589,564.94,582.92,2819.75,631.6943031,6.636071,0.00652,575.65
582.92,584.41,567.41,575.65,1017.31,627.5428732,6.651785,0.006496,591.6
575.65,598,569.88,591.6,1036.92,624.8804382,6.653047,0.006435,593
591.6,607.51,570.11,593,1356.87,622.5189242,6.654844,0.006407,590.31
593,597.35,585,590.31,915.87,620.133078,6.660472,0.006408,586.3
590.31,593.37,583.2,586.3,1082.41,617.6269241,6.657402,0.006374,588.95
586.3,603.14,582,588.95,1855.27,615.5027075,6.64193,0.006342,588.23
588.95,599.98,588,588.23,1600.83,613.4825069,6.632362,0.00634,588.36
588.23,592.19,582.51,588.36,945.09,611.6215805,6.635499,0.006304,585.1
588.36,590.79,583.31,585.1,449.04,609.657019,6.635375,0.006349,569.67
585.1,585.51,561.4,569.67,1081.67,606.6950176,6.634856,0.006387,570.74
569.67,575,561.48,570.74,795.16,604.0316829,6.637276,0.006302,581
570.74,587.8,565.34,581,1200.53,602.3256323,6.627776,0.006274,574.43
581,581.06,569.54,574.43,751.15,600.2592892,6.633014,0.006293,572
574.43,579.36,570.81,572,616.91,598.1660085,6.631382,0.006288,572.95
572,577.99,572,572.95,601.61,596.298156,6.646807,0.006279,580
572.95,584,572.03,580,469.89,595.0908852,6.650456,0.00621,580.53
580,586.12,577.52,580.53,393.36,594.0123011,6.651296,0.006219,586
580.53,592.13,579.85,586,794.09,593.4187973,6.649863,0.006235,584.9
586,588.99,580.1,584.9,764,592.7877753,6.647006,0.006756,580.47
584.9,587.71,579.36,580.47,524.66,591.8753475,6.65575,0.006618,576.85
580.47,582.25,569.89,576.85,1358.06,590.7623588,6.656444,0.006584,579.36
576.85,580.51,572.99,579.36,349.58,589.9177396,6.664172,0.006616,569.02
579.36,579.71,564.27,569.02,612.63,588.3697589,6.668375,0.006563,574.73
569.02,580.97,567.06,574.73,561.73,587.3594064,6.67015,0.00651,574.69
574.73,582.01,570.47,574.69,898.12,586.4209319,6.678254,0.006547,579.21
574.69,581.7,573.42,579.21,717.82,585.8867888,6.679795,0.006596,573.36
579.21,579.21,569.42,573.36,454.42,584.9588785,6.678307,0.006591,571.1
573.36,575,568.24,571.1,1002.1,583.9322949,6.673748,0.006679,577
571.1,577,565.56,577,1091.61,583.4187916,6.67984,0.006651,599.97
577,605.33,572.13,599.97,1286.89,584.644807,6.680436,0.006506,608.91
599.97,616.68,598.3,608.91,963.41,586.4422287,6.681348,0.006566,610.02
608.91,612.3,602,610.02,730.44,588.1887303,6.678033,0.00652,613.35
610.02,614,605,613.35,481.48,590.052528,6.673876,0.006468,615.71
613.35,617.38,606.35,615.71,973.59,591.9530815,6.665138,0.006458,629.6
615.71,635.62,615,629.6,990.93,594.7417421,6.665846,0.006391,625.26
629.6,631.12,621.25,625.26,603.62,597.0023538,6.682318,0.006393,625.26
625.26,629.24,622.77,625.26,434.38,599.0955128,6.680223,0.006366,611.33
625.26,634.77,595.16,611.33,806.13,600.0017711,6.68131,0.006374,611.1
611.33,613.54,607.15,611.1,504.68,600.8238622,6.682702,0.006278,615.16
611.1,617,607.76,615.16,735.51,601.8857983,6.681293,0.006302,612.24
615.16,616.85,610.75,612.24,651.11,602.6527762,6.675752,0.006305,612.92
612.24,615.8,609.05,612.92,522.92,603.4133113,6.673198,0.006285,610
612.92,613,606.67,610,455.79,603.9012142,6.672641,0.006286,606.59
610,610.08,604.58,606.59,330.61,604.1003835,6.671806,0.006282,612.02
606.59,614.51,606.59,612.02,323.12,604.6870217,6.671922,0.006276,610.99
612.02,614.59,605.06,610.99,586.68,605.153909,6.668338,0.006297,610.01
610.99,612,605.56,610.01,777.46,605.5136195,6.673369,0.006283,599
610.01,610.98,592,599,1117.73,605.0311291,6.670469,0.006337,598.35
599,600.76,595.37,598.35,483.58,604.5362307,6.666994,0.006321,604.17
598.35,604.56,595.05,604.17,519.05,604.5091025,6.669223,0.006332,604
604.17,607.63,601.5,604,310,604.4713912,6.670311,0.006354,601.03
604,604,598,601.03,453.02,604.2164733,6.67075,0.006339,608.04
601.03,608.57,599,608.04,764.48,604.4996975,6.667232,0.006371,606.52
608.04,609.11,600.69,606.52,721.26,604.6493496,6.668914,0.006366,604.99
606.52,607.59,601.85,604.99,415.79,604.6745829,6.673593,0.006351,605.5
604.99,609.3,604.25,605.5,496.8,604.7357249,6.665445,0.006354,611.28
605.5,612.5,604.03,611.28,535.28,605.220486,6.670667,0.006312,614.27
611.28,617.3,610.4,614.27,450.35,605.8908204,6.669864,0.006235,610
614.27,615.98,607.15,610,323.24,606.1952041,6.670018,0.006279,612.25
610,613.66,609.02,612.25,592.68,606.6437075,6.669912,0.006267,612
612.25,613.6,608,612,435.17,607.0404699,6.666909,0.006254,612.51
612,616.09,608.94,612.51,828.39,607.4456203,6.670501,0.00627,614.91
612.51,615.97,611.26,614.91,385.16,607.9985373,6.665042,0.006243,617.98
614.91,623,611.34,617.98,1667.51,608.7379049,6.670788,0.006242,620.79
617.98,623.1,616.15,620.79,528.82,609.6306527,6.665709,0.006206,616.52
620.79,620.79,615.01,616.52,362.01,610.1409747,6.671963,0.006176,618.12
616.52,619.9,614.83,618.12,724.84,610.7320136,6.700912,0.006116,644.23
618.12,645.42,616.32,644.23,1468.11,613.2133459,6.71522,0.005961,637.46
644.23,645,633.28,637.46,767.33,615.0093944,6.718547,0.00597,630.15
637.46,639.98,630.15,630.15,763.62,616.1309207,6.725755,0.006126,640.61
630.15,643,630.15,640.61,939.07,617.9441859,6.727273,0.00609,640.75
640.61,647,636.4,640.75,539.61,619.6335054,6.727637,0.006084,643.25
640.75,645.06,638.75,643.25,183.94,621.3828754,6.728208,0.006061,640
643.25,643.55,637.8,640,618.75,622.7619217,6.734746,0.006021,636.97
640,641.1,634.1,636.97,606.01,623.8143719,6.739931,0.006024,631.5
636.97,639.64,623.73,631.5,1047.9,624.3836777,6.737057,0.006061,632.84
631.5,633.42,627.01,632.84,453.28,625.0100719,6.743147,0.006007,633.4
632.84,638,630.02,633.4,717.39,625.6315481,6.760726,0.006052,663.73
633.4,669.86,627,663.73,1495.79,628.4536556,6.763363,0.00589,653.93
663.73,669,652.79,653.93,770.33,630.3407923,6.764481,0.005935,652.63
653.93,657.88,645.81,652.63,1384.76,631.9918447,6.772354,0.005914,651.99
652.63,664,651.99,651.99,1611.78,633.4731895,6.777754,0.005941,675.13
651.99,679,651.99,675.13,1619.77,636.5588792,6.771214,0.005805,681.97
675.13,687.84,674.63,681.97,1501.28,639.9226659,6.781095,0.005829,690
681.97,691.78,681.97,690,1231.3,643.6320981,6.777736,0.005766,717.87
690,722.01,687.93,717.87,1651.6,649.1312019,6.777443,0.005679,698.7
717.87,717.88,688,698.7,1734.56,652.8029647,6.776934,0.005731,700.8
698.7,708.9,685.7,700.8,996.14,656.3583007,6.77699,0.005676,733.75
700.8,739.49,697.91,733.75,2354.66,662.0910192,6.769246,0.005602,737.5
733.75,739,722.89,737.5,1847.17,667.6768696,6.759489,0.0056,691.13
737.5,750.5,673.41,691.13,4099.75,669.4141385,6.761734,0.005601,707.41
691.13,710,682.31,707.41,2007.08,672.2286468,6.757206,0.005526,706.48
707.41,714.47,698.48,706.48,663.19,674.765784,6.755386,0.005517,715.5
706.48,721.46,702.88,715.5,625.78,677.7831334,6.755744,0.005477,708.86
715.5,715.5,700.16,708.86,900.21,680.0851235,6.77274,0.005479,712.71
708.86,718.3,704.14,712.71,987.5,682.501781,6.785902,0.005404,722.4
712.71,745.49,708.68,722.4,2750.68,685.4572046,6.782494,0.005345,713.5
722.4,724.7,706,713.5,1219.55,687.5344487,6.797798,0.005341,715.25
713.5,718.99,712,715.25,746.9,689.5874525,6.807621,0.005329,704.46
715.25,719.1,701.35,704.46,713.45,690.6891227,6.812255,0.005326,702.78
704.46,706.79,685.33,702.78,1087.75,691.5847433,6.813587,0.00551,705.82
702.78,709,697.79,705.82,785.16,692.6392067,6.84268,0.005485,711.3
705.82,717,704.83,711.3,818.88,694.0214877,6.855424,0.005473,742.75
711.3,744.8,709,742.75,2462.28,697.6310071,6.885343,0.005248,739
742.75,760.81,733.3,739,3435.49,700.695377,6.874404,0.005264,750.55
739,754,733.01,750.55,1742.41,704.388312,6.880745,0.005253,752
750.55,763.11,735,752,1445.44,707.9151037,6.887376,0.005259,730.98
752,757,713,730.98,1420.69,709.6236146,6.887707,0.005342,737.69
730.98,741,728.33,737.69,550.29,711.7026061,6.892161,0.005335,748.01
737.69,752.61,733.83,748.01,1803.67,714.3920427,6.890416,0.005203,740.34
748.01,750,731.06,740.34,1287.25,716.3141136,6.910121,0.005251,738.61
740.34,745.11,730,738.61,867.25,717.9656607,6.913948,0.005276,740.92
738.61,743,730.35,740.92,979.35,719.6659821,6.918777,0.005269,734.78
740.92,743.3,726,734.78,684.93,720.785539,6.92003,0.005281,728.3
734.78,739,727.2,728.3,616.82,721.3421658,6.91938,0.005285,735.78
728.3,736.07,728,735.78,837.69,722.411635,6.911863,0.005268,732.2
735.78,735.78,728.5,732.2,1064.68,723.136699,6.89664,0.005234,742.72
732.2,743.56,731.02,742.72,1163.42,724.5873139,6.888569,0.005206,754
742.72,754.5,740.89,754,1290.26,726.7660314,6.886767,0.005169,773.87
754,781.98,752.42,773.87,2429.07,730.2552143,6.88437,0.005073,765.28
773.87,774.58,757.12,765.28,712.88,732.8496428,6.884532,0.005099,769.6
765.28,772.57,762.43,769.6,542.78,735.5718915,6.884643,0.005068,754.47
769.6,771.6,745.93,754.47,1667.32,736.9717514,6.88393,0.004657,757.86
754.47,760.03,748.09,757.86,1232.12,738.5190291,6.900629,0.004622,767.12
757.86,770,753.78,767.12,816.03,740.6376195,6.916156,0.004761,770.71
767.12,779.5,762,770.71,765.67,742.8652033,6.880811,0.004775,772.42
770.71,775,767,772.42,849.54,745.0544475,6.901908,0.004775,775
772.42,778.56,771.24,775,693.55,747.2726365,6.903916,0.004751,768.05
775,775.42,762.02,768.05,618.55,748.8117005,6.904557,0.004742,778.37
768.05,783.26,768.05,778.37,1025,751.0012042,6.905282,0.004688,780.5
778.37,789,770,780.5,1074.56,753.1863002,6.902465,0.004675,777.52
780.5,783.09,774,777.52,908.92,754.9887964,6.904234,0.004653,778.1
777.52,781.5,776.53,778.1,736.26,756.7007374,6.935805,0.004671,785.33
778.1,785.75,776,785.33,1094.3,758.8214236,6.953717,0.004648,792.47
785.33,795,785.33,792.47,610.61,761.3139107,6.9592,0.004706,792.69
792.47,794.44,786.5,792.69,339.1,763.6380655,6.9592,0.004663,791.18
792.69,794.44,789.19,791.18,680.79,765.6782088,6.9541,0.004604,803.42
791.18,806.1,790,803.42,1163.66,768.473897,6.9508,0.004567,827.86
803.42,830,796.47,827.86,1872.1,772.8728676,6.9424,0.004399,860.1
827.86,877.99,826.02,860.1,2597.1,779.3341367,6.9503,0.004268,920
860.1,922.93,859.01,920,4040.55,789.7538302,6.9463,0.00478,894.93
920,923.87,884.33,894.93,1641.66,797.5446576,6.9462,0.004956,899.98
894.93,900.34,853.37,899.98,1661.59,805.1324608,6.9462,0.004792,904.88
899.98,917.53,888.96,904.88,1835.09,812.5211674,6.9458,0.004717,929.16
904.88,939,900,929.16,1760.31,821.1610809,6.9525,0.004666,978.74
929.16,979.99,929.03,978.74,3197.6,832.8335934,6.9591,0.00462,977.01
978.74,982,950,977.01,2612.43,843.5133273,6.9554,0.004675,960.7
977.01,977.01,920.02,960.7,2202.46,852.1938215,6.9448,0.004567,968.21
960.7,971.73,940.01,968.21,791.88,860.7876125,6.9447,0.004505,998.07
968.21,1010,961.37,998.07,1457.01,870.9566783,6.9447,0.004474,1020
998.07,1034.93,996.07,1020,2297.35,881.9969243,6.9451,0.004506,1037.99
1020,1039.84,1010,1037.99,1655.8,893.551967,6.9607,0.004418,1139.52
1037.99,1150,997.23,1139.52,5422.72,911.7718213,6.9351,0.004006,996.4
1139.52,1156.9,879.01,996.4,8491.62,918.0405752,6.8887,0.004226,896.37
996.4,1059.2,868.38,896.37,5800.95,916.4353474,6.9185,0.004319,899.43
896.37,909,815.01,899.43,4967.69,915.1756921,6.9185,0.004389,911.5
899.43,940,890,911.5,2054.51,914.9034186,6.9182,0.004389,909.99
911.5,917.74,878,909.99,1317.51,914.5394617,6.9375,0.004819,911
909.99,916.69,898.1,911,1201.29,914.2772793,6.9217,0.005018,793.99
911,924.59,765.43,793.99,9743.46,905.3671105,6.9371,0.004977,816.02
793.99,838,756,816.02,4110.61,898.748806,6.9352,0.004947,835.01
816.02,839,776.81,835.01,3153.2,894.027413,6.9003,0.004758,821.15
835.01,846.95,811,821.15,1652,888.6290861,6.8998,0.004803,824.53
821.15,833,811.93,824.53,1197.24,883.8810056,6.9001,0.004757,832.91
824.53,840.6,822.15,832.91,1329.08,880.1053756,6.90165,0.00466,909.17
832.91,920,830,909.17,4530.69,882.2583107,6.86005,0.004355,883.69
909.17,917,852.11,883.69,3303.69,882.3643618,6.8393,0.004415,900.9
883.69,909,880.02,900.9,2401.27,883.737372,6.8713,0.004304,896.21
900.9,907.1,885,896.21,1719,884.6612704,6.8765,0.00434,924.93
896.21,928.08,896.08,924.93,2079.01,887.6441392,6.8765,0.004238,919.68
924.93,939.91,888,919.68,1982.22,890.017166,6.8765,0.004172,924.99
919.68,929.92,912.62,924.99,1161.72,892.6077463,6.854,0.004148,890.9
924.99,930,886,890.9,3402.04,892.4812465,6.8587,0.004213,895
890.9,903.33,882.58,895,1392.55,892.6678209,6.8836,0.004125,916.53
895,921.78,894.99,916.53,1065.83,894.4353897,6.8794,0.004193,921.45
916.53,925,910,921.45,1551.87,896.4364719,6.8798,0.004215,920.25
921.45,923.63,917.01,920.25,724.99,898.200437,6.8811,0.004183,918.11
920.25,923.76,915.7,918.11,601.2,899.6752194,6.8811,0.004206,922.73
918.11,925,915,922.73,1230.51,901.382981,6.8817,0.00438,973.84
922.73,974.97,919,973.84,3314.31,906.7501675,6.8832,0.00419,985.11
973.84,989,964.99,985.11,2361.7,912.5545996,6.88225,0.004098,1007
985.11,1013.99,975.98,1007,2555.86,919.5505552,6.8803,0.004057,1015
1007,1037.52,981.76,1015,3204.23,926.6208844,6.86925,0.003972,1035
1015,1046.5,1001.8,1035,1851.51,934.6489671,6.87085,0.003875,1017.84
1035,1036,1005.4,1017.84,1161.56,940.8112658,6.87525,0.003903,1027.02
1017.84,1029.91,1013.75,1027.02,796.6,947.197098,6.86435,0.003867,1053.16
1027.02,1055,1023.82,1053.16,1965.14,955.0462018,6.883573,0.003773,1060.6
1053.16,1069.91,1025.4,1060.6,2884.59,962.8650017,6.869475,0.003745,983.86
1060.6,1079.91,940.01,983.86,6699.92,964.4201867,6.872147,0.003822,1002.99
983.86,1010,948.21,1002.99,2840.15,967.2772099,6.883948,0.003821,1010.2
1002.99,1018.49,993,1010.2,1292.05,970.4566759,6.8773,0.003789,1001.1
1010.2,1013.7,999,1001.1,826.21,972.7265517,6.8777,0.00375,998.8
1001.1,1010,982.01,998.8,1294.66,974.6579183,6.88285,0.003786,1014.97
998.8,1025,992.09,1014.97,1855.4,977.6439984,6.869817,0.003783,1015.75
1014.97,1020,1001.3,1015.75,1211.24,980.4666652,6.870328,0.003825,1039.87
1015.75,1047.43,1015.75,1039.87,1918.3,984.8669122,6.854682,0.003732,1052.07
1039.87,1063.92,1036,1052.07,2165.2,989.8449187,6.868473,0.003697,1058.91
1052.07,1069.79,1051,1058.91,1467.39,994.9608507,6.8665,0.003605,1055.61
1058.91,1063,1042.95,1055.61,520.15,999.4533802,6.864162,0.003597,1088.68
1055.61,1093.33,1045.47,1088.68,1440.67,1006.062759,6.880667,0.003491,1128.46
1088.68,1132.74,1080,1128.46,2575.04,1015.129222,6.88605,0.003425,1125.67
1128.46,1140,1102.56,1125.67,2192.87,1023.317428,6.87445,0.003444,1182
1125.67,1193.43,1122.09,1182,3010.37,1035.071692,6.86515,0.003328,1185
1182,1214.97,1056.66,1185,4998.65,1046.177493,6.868309,0.003341,1146.83
1185,1185,1120.4,1146.83,2223.09,1053.633234,6.86755,0.003384,1167
1146.83,1184.44,1130,1167,1722.75,1062.030772,6.8648,0.003296,1190.21
1167,1196.99,1161.98,1190.21,1837.69,1071.52553,6.869255,0.003225,1180
1190.21,1208.5,1175.81,1180,2027.03,1079.560676,6.871125,0.00319,1225
1180,1230,1177.18,1225,2248.94,1090.333959,6.8846,0.003139,1254
1225,1282.39,1212.42,1254,2886.48,1102.45737,6.889269,0.003186,1277
1254,1288,1235.28,1277,2729.15,1115.386453,6.90416,0.003161,1261.27
1277,1280.23,1232.5,1261.27,1414.87,1126.192642,6.8953,0.003151,1267.98
1261.27,1277.72,1237.78,1267.98,1199.65,1136.695409,6.8952,0.003127,1275
1267.98,1279.91,1257.38,1275,1003.89,1146.940194,6.89845,0.003197,1224.92
1275,1279.9,1158.45,1224.92,4081.78,1152.716476,6.90815,0.003226,1143.39
1224.92,1238.11,1131.34,1143.39,3161.96,1152.025626,6.917314,0.003343,1187.19
1143.39,1205.4,1105,1187.19,2289.18,1154.630394,6.912469,0.003278,1111
1187.19,1310.98,968,1111,8293.93,1151.398513,6.9145,0.003402,1174.97
1111,1191.09,1105,1174.97,3740.32,1153.144549,6.90775,0.003233,1224.37
1174.97,1231.94,1138,1224.37,1955,1158.420508,6.90565,0.003173,1230
1224.37,1241.06,1180,1230,4085.31,1163.722693,6.91905,0.003532,1243.99
1230,1259.72,1218,1243.99,2522.93,1169.668419,6.914856,0.003371,1252.92
1243.99,1259,1238.5,1252.92,2407.06,1175.835203,6.90625,0.003426,1165.1
1252.92,1255.92,1025,1165.1,6820.64,1175.040003,6.898631,0.003702,1021.16
1165.1,1165.1,983.9,1021.16,8377.84,1163.641484,6.9067,0.003857,954.99
1021.16,1080,923.6,954.99,6805.58,1148.185819,6.89615,0.004139,1017.94
954.99,1040,943.9,1017.94,4297.88,1138.53798,6.89795,0.003881,1030
1017.94,1040,902,1030,3223.25,1130.49813,6.90875,0.003888,1110.37
1030,1115,1030,1110.37,3491.84,1129.007157,6.8901,0.003604,1032.01
1110.37,1113,975.63,1032.01,3833.96,1121.822183,6.88685,0.003783,1024.03
1032.01,1052.63,1006.4,1024.03,2442.73,1114.578317,6.8861,0.003872,921.3
1024.03,1033,911.23,921.3,4796.6,1100.261405,6.882962,0.004389,951.08
921.3,960,881.89,951.08,4831.51,1089.21093,6.87865,0.004235,961.88
951.08,994.57,923.01,961.88,2850.31,1079.77901,6.8802,0.004237,1039.85
961.88,1044.44,948.32,1039.85,3333.18,1076.821305,6.8762,0.003923,1043.28
1039.85,1067.8,1016.13,1043.28,4577.26,1074.336764,6.88255,0.004042,1043.43
1043.28,1060.06,1006.9,1043.43,3859.62,1072.047374,6.890799,0.004161,1040
1043.43,1057.51,1022.79,1040,3219.29,1069.673495,6.891043,0.007412,1079.78
1040,1088.96,1040,1079.78,3655.38,1070.422125,6.89215,0.006628,1091.73
1079.78,1108.22,1070,1091.73,2543.25,1072.000486,6.8897,0.006927,1107.46
