open,high,low,close,volume,nextlow
739.73,759.11,737.15,753.99,10.13,750
753.99,817.56,750,799.04,18.64,771.18
799.04,819.9,771.18,808.52,76.87,783.02
808.52,840,783.02,827.65,33.23,827.41
827.65,980,827.41,913.93,54.92,886.44
898.73,1019,886.44,936.27,75.02,810
936.27,945,810,837.02,49.39,788
837.02,899.84,788,824.98,19.31,807.42
824.98,870,807.42,850.29,8,817
850.29,857.34,817,857.33,8.19,857.17
857.33,918.05,857.17,899.84,18.75,833
899.84,900.94,833,860,25.43,815
860,860,815,850,25.81,805
850,877.29,805,831,31.72,828
831,864,828,850,6.71,824
850,865,824,826.97,27.71,788
826.97,835.06,788,804.35,26.35,804
804.35,844.14,804,819.51,18.78,819.51
819.51,848.9,819.51,835,11.94,830.1
835,855,830.1,843.77,4.45,820.1
843.77,845.99,820.1,829.01,6.9,821
829.01,834.53,821,830.89,1.71,821
830.89,830.89,821,830.89,11.58,783
830.89,836.35,783,794.93,24.52,794.93
794.93,830,794.93,812.02,9.93,812.02
812.02,840,812.02,826.72,6.57,790
826.72,840,790,790,23.97,775
790,830,775,815.99,27.48,795
815.99,826.23,795,795,18.92,787.01
795,815.23,787.01,808,27.02,801
808,812.63,801,812.19,12.87,803.41
812.19,835,803.41,825,6.47,814.86
825,835,814.86,814.86,7.25,803.65
814.86,819.8,803.65,819.78,7.27,799.58
819.78,819.78,799.58,802.4,11.43,802.4
802.4,815.9,802.4,802.69,10.42,767.61
802.69,803.73,767.61,767.61,39.76,666.35
767.61,775.21,666.35,723,63.49,682.61
723,730,682.61,693.65,30.6,680.01
693.65,756.1,680.01,696.49,36.77,550
696.49,748,550,690.2,31.78,660
690.2,720,660,672.6,32.13,651.31
672.6,714.56,651.31,670.67,18.85,595.63
670.67,680,595.63,623.95,44.68,586.43
623.95,710,586.43,670.34,42.45,646.88
670.34,682.78,646.88,656.28,11.81,600
656.28,668.82,600,635.79,18.52,593.68
635.79,679.06,593.68,638.1,39.7,623
638.1,652.51,623,636.52,20.84,602.91
636.52,640,602.91,630.16,13,565.57
630.16,641.36,565.57,575.72,49.97,547.72
575.72,597.05,547.72,572.27,28.37,567.55
572.27,620.9,567.55,605.43,13.24,600.91
605.43,650.28,600.91,616.88,21.05,540.64
616.88,616.9,540.64,572,29.7,450
572,572,450,522.84,60.12,522.84
522.84,650,522.84,593.14,105.88,580.5
593.14,629.9,580.5,596.49,45.84,570
596.49,599,570,573.94,29.32,550
573.94,605,550,575,8.04,572.41
575,588.08,572.41,578,2.16,578
578,700,578,669.75,67.58,661.48
669.75,720,661.48,680.6,27.98,660.01
680.6,690.17,660.01,680.99,5.23,660.1
680.99,693,660.1,665.66,4.39,628.73
665.66,680.46,628.73,641.48,13.85,623
641.48,667.99,623,636.01,4.22,629.05
636.01,658,629.05,641.57,1.82,630
641.57,684.5,630,642.08,6.5,560
642.08,665.93,560,641.82,18.36,550.28
641.82,660,550.28,651.08,7.9,620
651.08,657.99,620,653.4,4.78,550
653.4,654.91,550,631.24,24.79,618.29
631.24,646,618.29,646,3.2,639
646,652,639,651.95,7.62,616
651.95,651.95,616,637.73,1.91,610.01
637.73,637.73,610.01,619.78,9.05,612.22
619.78,633.66,612.22,620,4.86,590
620,625.02,590,590,8.49,580
590,615.23,580,590,16.27,554.05
590,596,554.05,572.3,11.84,566.36
572.3,596,566.36,574.22,1.31,554.5
574.22,592.54,554.5,585.4,5.69,579
585.4,591.15,579,579.02,5.73,579
579.02,641.14,579,585.09,13.33,502.78
585.09,599.27,502.78,502.78,34.78,500
502.78,553,500,516.48,44.09,505
516.48,518,505,514.99,6.11,436.07
514.99,514.99,436.07,467.1,33.23,443.35
467.1,530,443.35,462.39,17.6,462.39
462.39,503.23,462.39,490.73,17.55,443.63
490.73,497.15,443.63,443.63,15.11,426.45
443.63,463.7,426.45,458.6,15.54,440
458.6,550,440,458.84,21.14,447.57
458.84,467.85,447.57,467.85,0.9441,450
467.85,469.44,450,461.82,5.12,450
461.82,475.32,450,462.08,7.09,454.38
462.08,465.82,454.38,454.39,3.32,450
454.39,462.09,450,461.09,1.27,383.08
461.09,461.09,383.08,383.08,17.11,353.76
383.08,583.75,353.76,430,16.22,429.01
430,450,429.01,448,10.71,407.07
448,448,407.07,429.79,9.32,411.34
429.79,480.07,411.34,459.38,42.64,450.5
459.38,573.67,450.5,523.74,30.52,490.56
523.74,550.8,490.56,523.52,51.73,495.53
523.52,530.36,495.53,504.29,16.15,477.19
504.29,515,477.19,485.56,31.51,479.96
485.56,525.28,479.96,504.5,10.97,500
504.49,510,500,504.73,1.54,485
504.73,517.31,485,496.42,17.33,484.62
496.42,510.49,484.62,489.72,7.49,489
489.72,504.5,489,495.62,7.02,490
495.62,501.95,490,501.95,3.58,449
501.95,503.48,449,471.02,27.38,456.75
471.02,476.18,456.75,463.7,3.39,438.72
463.7,463.7,438.72,438.72,2.91,429.09
438.72,455.09,429.09,446.18,6.12,435.65
446.18,454.62,435.65,445.68,7.31,441.23
445.68,452.82,441.23,448.34,9.06,448
448.34,464.42,448,459.32,14.51,446.49
459.32,459.32,446.49,455.16,7.08,432.43
455.16,455.16,432.43,441.04,8.5,431.17
441.04,445.4,431.17,442,1.77,429.18
442,442,429.18,429.18,5.66,422.19
429.18,439.69,422.19,431.87,5.75,431.61
431.87,452.74,431.61,441.89,20.36,441.81
441.89,452,441.81,448.26,5.79,441.81
448.26,459.22,441.81,450.63,4.04,446.1
450.63,458,446.1,454.99,5.53,432.88
454.99,454.99,432.88,441.5,11.53,432.21
441.5,445.22,432.21,440.82,7.19,436.45
440.82,444.76,436.45,440.78,4.51,440.78
440.78,445.52,440.78,445.52,0.8711,440.89
445.52,449.59,440.89,449.59,3.02,447.1
449.59,453.83,447.1,453.83,5.59,446.2
453.83,453.83,446.2,453.83,0.2061,445.56
453.83,453.83,445.56,445.56,2.58,445.56
445.56,445.56,445.56,445.56,0,445.56
445.56,498.84,445.56,493.43,25.28,490.85
493.43,497.67,490.85,494.77,4.24,494.77
494.77,530,494.77,530,32.85,515.31
530,548.05,515.31,521.47,14.82,515.21
521.47,530,515.21,530,2.62,530
530,589,530,574.05,15.83,563.68
574.05,589.11,563.68,583.2,10.95,538.84
583.2,594.64,538.84,570.92,26.92,565.22
570.92,589.16,565.22,575.83,4.52,564.9
575.83,576.26,564.9,570.49,2.18,566.15
570.49,628.61,566.15,616.08,18.38,603.87
616.08,628.13,603.87,628.13,15.4,621.79
628.13,673.37,621.79,627.54,37.05,621.79
627.54,672.64,621.79,665.58,10.32,652.26
665.58,677.91,652.26,671.43,16.68,525
671.43,671.43,525,650.48,59.16,650.45
650.48,669.75,650.45,657.01,15.16,653.4
657.01,660,653.4,653.4,5.27,636.68
653.4,659.8,636.68,659.8,4.75,646
659.8,659.8,646,646.54,0.888,636.5
646.54,656.44,636.5,643.44,4.65,643.44
643.44,657.72,643.44,646.89,7.13,617.99
646.89,649.93,617.99,617.99,19.6,552
617.99,637.06,552,565.56,75.97,565.56
565.56,617.31,565.56,589.68,19.43,542.96
589.68,600,542.96,575.6,15.89,534.28
575.6,589.55,534.28,589.55,34.51,574.18
589.55,612.91,574.18,597.14,10.67,586.25
597.14,608.98,586.25,608.97,2.8,603.41
608.97,625,603.41,605.89,10,594.12
605.89,627.05,594.12,595.93,8.41,578.51
595.93,602.79,578.51,593.9,5.81,581.09
593.9,598.5,581.09,590.59,0.7642,584.75
590.59,602.33,584.75,596.24,8.34,584.42
596.24,596.24,584.42,584.42,2.64,576.13
584.42,595.23,576.13,586.15,2.85,557.43
586.15,586.15,557.43,564.42,29.23,564.42
564.42,583.26,564.42,583.26,2.76,575.35
583.26,600,575.35,597.69,21.78,590.76
597.69,604.38,590.76,596.12,4.14,589.76
596.12,602.3,589.76,589.76,0.9983,587.72
589.76,645,587.72,637.07,18.67,634.16
637.07,657.83,634.16,650,12.04,638
650,658.87,638,645.77,25.77,638.89
645.77,655.08,638.89,647.55,6.04,622.6
647.55,655,622.6,635.25,10.3,618
635.25,635.25,618,628.99,3.74,628.99
628.99,652.78,628.99,629.1,2.25,614.74
629.1,638.97,614.74,625.99,6.47,614.74
625.99,626.87,614.74,617.04,1.44,615.35
617.04,627.9,615.35,627.9,1.63,614.47
627.9,632.11,614.47,614.47,0.6427,614.47
614.47,629.46,614.47,629.46,1.5,629.46
629.46,639.34,629.46,632,0.6899,625.29
632,653.49,625.29,626.5,1.05,618.14
626.5,632.67,618.14,626.23,1.34,620.03
626.23,626.23,620.03,620.03,0.18,612.9
620.03,626.16,612.9,625.22,7.41,610.35
625.22,630.01,610.35,624.98,0.9631,615.17
624.98,629,615.17,626,12.29,626
626,630,626,630,1.56,619
630,630,619,619,0.5068,619
619,629.77,619,629.77,0.0006352,618.69
629.77,629.77,618.69,618.69,8.44,610
618.69,623.98,610,618.62,7.5,593.86
618.62,623.43,593.86,605.64,17.72,593.8
605.64,623.22,593.8,596.08,8.67,593.8
596.08,607.96,593.8,600,5.06,600
600,600,600,600,0.1545,574.58
600,600,574.58,591.9,4.09,575.07
591.9,597.66,575.07,583.21,2.68,566.75
583.21,588.98,566.75,566.75,11.67,566.75
566.75,591.95,566.75,590.21,33.05,584.77
590.21,602.36,584.77,596.4,3.05,590.49
596.4,601.18,590.49,590.49,2.57,578.86
590.49,594.8,578.86,578.86,1.79,578.86
578.86,596.25,578.86,596.25,4.11,579
596.25,598.03,579,579,9.04,579
579,579,579,579,0,577.24
579,593,577.24,580.58,16.81,580.58
580.58,590,580.58,590,0.4273,578.14
590,590,578.14,590,7.8,583.24
590,595.36,583.24,583.24,1.66,572.77
583.24,595.36,572.77,572.77,0.4779,566.99
572.77,580,566.99,580,3.82,531.64
580,580,531.64,535.08,4.35,501
535.08,553.83,501,523.76,31.83,501
523.76,530,501,530,22.87,500
530,530,500,503.52,12.1,500
503.52,539.99,500,500,2.65,455
500,505,455,455,28.55,455
455,500.5,455,500.5,77.76,474.02
474.02,530,474.02,530,13.53,500.01
530,530,500.01,505,4.62,482.22
505,529.97,482.22,529.95,9.62,482.27
529.95,529.95,482.27,525,0.5639,524.88
525,525,524.88,524.88,0.7,490.1
524.88,524.88,490.1,516.12,26.86,516.12
516.12,516.12,516.12,516.12,0,516.12
516.12,524.85,516.12,524.85,1.31,495.08
524.85,524.85,495.08,495.08,0.02382,495.08
495.08,524.88,495.08,524.88,0.5178,495.26
524.88,524.88,495.26,524.27,0.4584,490.5
524.27,524.27,490.5,509.98,5.61,490.01
509.98,509.98,490.01,490.01,0.09953,490.01
490.01,524.77,490.01,524.77,0.00003811,524.77
524.77,524.77,524.77,524.77,0,475
524.77,524.77,475,475.01,3.41,475.01
475.01,475.01,475.01,475.01,0,475.01
475.01,524.77,475.01,524.77,0.1769,480
524.77,524.77,480,480,1.24,465
480,524.77,465,488.77,41.14,465
488.77,488.77,465,475,0.5077,475
475,475,475,475,0.02,475
475,475,475,475,1.01,475
475,475,475,475,0,474.77
475,475,474.77,474.77,0.1492,474.77
474.77,490,474.77,490,0.212,465.01
490,490,465.01,465.01,3.08,465
465.01,528,465,465,2.76,445
465,465,445,445,5.14,400
445,503.18,400,503.18,18.12,375.94
503.18,503.18,375.94,375.94,1.5,375.94
375.94,466.67,375.94,385,0.1559,385
385,450,385,385.01,1.2,295
385.01,425,295,404.83,24.18,404.83
404.83,453,404.83,449.81,6.9,412.34
449.81,449.81,412.34,433.15,4.09,397
433.15,433.15,397,397,4.51,397
397,397,397,397,0,397
397,397,397,397,0,387.63
397,450,387.63,390,10.78,370.01
390,394,370.01,370.94,0.7155,370.12
370.94,393.22,370.12,380.02,6.68,380.02
380.02,390,380.02,390,2,370.1
390,390,370.1,370.11,0.275,355
370.11,389.98,355,355,20.27,322.11
355,369.63,322.11,322.11,38.11,273.33
322.11,330,273.33,330,18.72,300
330,349.85,300,349.85,53.41,315.06
349.85,349.85,315.06,335,0.12,335
335,359.98,335,359.98,8.1,335.16
359.98,400,335.16,370.19,30.22,355.59
370.19,378.99,355.59,355.59,7.78,355.59
355.59,379,355.59,357.18,0.4618,352.83
357.18,379,352.83,379,16.63,370.1
379,400,370.1,400,20.85,395.28
400,418.99,395.28,411.26,29.73,385.48
411.26,411.26,385.48,400.31,11.23,374.61
400.31,400.31,374.61,389.14,16.08,376.73
389.14,389.14,376.73,381.01,0.05216,371
381.01,395.79,371,395.79,0.9598,395.79
395.79,395.79,395.79,395.79,0,391.24
395.79,395.79,391.24,391.24,0.05,371
391.24,391.58,371,391.58,9.92,371.38
391.58,393.49,371.38,388.71,2.66,365
388.71,388.71,365,368.64,11.95,355
368.64,373.69,355,373.35,7.6,355
373.35,373.35,355,359.51,7.81,359.51
359.51,384.72,359.51,362.5,6.12,362.5
362.5,368.15,362.5,364.3,0.04324,352.01
364.3,365.13,352.01,365.13,0.5898,335.01
365.13,365.13,335.01,335.07,8.87,335
335.07,350,335,346.02,7.56,344.29
346.02,347.95,344.29,347.95,0.03559,320
347.95,347.95,320,320,5.66,320
320,325.19,320,323.94,0.1154,323.94
323.94,325.19,323.94,325,4.97,325
325,330,325,325,16.87,325
325,348.2,325,328.2,9.73,328.2
328.2,349.17,328.2,348,0.04009,333
348,348,333,347.08,6.6,330.16
347.08,350,330.16,350,4.81,338.66
350,350,338.66,350,19.36,350
350,370,350,355,3.57,355
355,372.63,355,371.7,5.42,371.7
371.7,430.36,371.7,423.48,219.46,380
423.48,450,380,415,65.88,395
415,417.77,395,395,23.16,378.97
395,395,378.97,379.99,10.68,379.56
379.99,395,379.56,380,1.56,376
380,414.26,376,400,25.27,370.39
400,400,370.39,375.02,13.23,375.02
375.02,392.96,375.02,390,0.9256,354.33
390,390,354.33,354.38,67.07,342.66
354.38,360,342.66,360,1.64,360
360,370,360,370,4.05,360
370,370,360,370,4.76,370
370,385,370,372,11.24,372
372,390,372,376,10.13,366.42
376,389.94,366.42,372.87,19.24,365.01
372.87,385.69,365.01,376.9,2.38,360.52
376.9,387,360.52,387,23.27,379.09
387,387,379.09,379.09,4.2,379.09
379.09,386.32,379.09,386.32,0.001595,370.13
386.32,386.74,370.13,374.03,4.18,372.91
374.03,386.15,372.91,386.15,3.81,371.46
386.15,386.15,371.46,380,23.49,364.72
380,380,364.72,379.75,3.76,375.19
379.75,380,375.19,375.19,4.68,367
375.19,394.59,367,374,34.17,370.43
374,389.98,370.43,373.07,0.3818,360.29
373.07,376.06,360.29,362.58,4.53,342.46
362.58,376,342.46,345.49,6.64,345.49
345.49,357.5,345.49,345.56,0.1607,342.5
345.56,372.12,342.5,372.12,0.7364,346.77
372.12,372.12,346.77,360,0.9118,350
360,360,350,352,33.15,350
352,358.98,350,350,0.6043,342.04
350,358.98,342.04,343.07,22.78,330.09
342.04,358.92,330.09,330.09,4.45,315.02
330.09,355.33,315.02,329.99,30.11,310
329.99,332.17,310,320,5.86,310.03
320,368.12,310.03,349.98,23.07,348.99
349.98,349.98,348.99,348.99,1.87,319.67
348.99,348.99,319.67,325.01,39.87,325.01
325.01,327.06,325.01,327.06,1.08,327.06
327.06,342.08,327.06,338.75,0.5716,320.38
338.75,338.75,320.38,320.38,4.11,320.38
320.38,320.38,320.38,320.38,0,320.38
320.38,320.48,320.38,320.48,0.01,313.37
320.48,320.48,313.37,313.37,3.74,313.01
313.37,320.04,313.01,313.01,1.9,313.01
313.01,325,313.01,314.76,29.97,313
314.76,338.95,313,313,4.55,313
313,319.14,313,319.14,9.61,314.03
319.14,325,314.03,325,0.435,313.18
325,325,313.18,315.3,8.92,295
315.3,319.93,295,295,52.48,265.87
295,297.48,265.87,265.87,25.49,252.32
265.87,280,252.32,277.4,61.92,260
277.4,293.66,260,281.15,8.48,269
281.15,300,269,300,7.71,283.53
300,300,283.53,283.53,8.34,283
283.53,295.72,283,283.5,3.5,274.73
283.5,300,274.73,277.78,53.89,265
277.78,277.78,265,265,1.77,263.02
265,300,263.02,265.06,59.03,215.09
265.06,268,215.09,216,200.71,175
216,230.99,175,175,204.92,175
175,236.47,175,219,133.32,195.2
219,219,195.2,213.36,44.71,196
213.36,213.36,196,200,9.22,199.5
200,220,199.5,219.98,31.12,206
219.98,219.98,206,211.01,7.54,208.4
211.01,219.84,208.4,219.82,5.22,206.1
219.82,225.91,206.1,224.49,47.35,224.49
224.49,241.02,224.49,227.02,26.41,222.68
227.02,231.24,222.68,228.04,10.24,228.02
228.04,251.36,228.02,250.87,108.7,241.28
250.87,257.06,241.28,257.06,46.71,250.04
257.06,307.05,250.04,270,86.66,205
270,270,205,250.85,59.44,248
250.85,280,248,248,66.57,222.28
248,248,222.28,231.83,36.22,220
231.83,239.36,220,220,55.19,216.69
220,239.98,216.69,216.69,13.39,210.01
216.69,239.98,210.01,239.98,5.1,223.94
239.98,239.98,223.94,228,5.23,228
228,246.93,228,235.45,18.47,221.85
235.45,235.45,221.85,228.9,15.17,215.25
228.9,228.9,215.25,217,17.34,215
217,225,215,221.92,12.4,218.44
221.92,231.58,218.44,229.66,1.81,218.81
229.66,229.66,218.81,229.23,14.25,215
229.23,229.23,215,220.5,16.66,215
220.5,221.92,215,215.01,3.39,205
215.01,215.01,205,207.2,5.63,207.2
207.2,224,207.2,224,2.52,207
224,240,207,232.8,58.79,228
232.8,250,228,250,44.01,228
250,264.8,228,233.94,48.46,227.67
233.94,250.66,227.67,250.66,27.26,230.3
250.66,250.66,230.3,249.98,7.42,230.3
249.98,249.98,230.3,236,14.94,236
236,244.06,236,240.1,6.17,240.1
240.1,248.5,240.1,241.03,40.23,240.09
241.03,244.09,240.09,240.12,0.2377,235
240.12,247.44,235,235,21.4,234.08
235,239.9,234.08,236.12,28.05,236.12
236.12,238,236.12,238,0.88,237.02
238,240.18,237.02,237.02,6.48,235
237.02,239.64,235,239.64,22.71,238
239.64,259.42,238,256,122.77,244
256,256,244,250.13,43.61,240.01
250.13,261.5,240.01,250.36,24.21,249.89
250.36,280,249.89,271.37,53.78,264.69
271.37,280.09,264.69,277,24.73,267.32
277,285.73,267.32,269.4,36.32,265.17
269.4,278.61,265.17,274.49,16.6,260
274.49,275.46,260,260,10.93,260
260,270,260,269.93,0.1874,269.93
269.93,280,269.93,270.08,3.76,270.08
270.08,297.51,270.08,297,18.78,287.21
297,300,287.21,295,26.6,289
295,299.94,289,295.68,37.08,289.37
295.68,296.94,289.37,290.28,10.73,272
290.28,293,272,285,77.95,272.64
285,288.63,272.64,282.33,54.76,281.51
282.33,288,281.51,288,0.1454,288
288,294.44,288,294.44,32.99,284
294.44,294.96,284,284,17.76,250
284,288.2,250,257.48,37.81,253.45
257.48,280.87,253.45,255,6.26,255
255,271,255,261.65,1.21,259.68
261.65,272.49,259.68,259.68,0.1201,258.06
259.68,271.34,258.06,271.34,18.18,263
271.34,272,263,266.58,9.08,245
266.58,266.58,245,255.33,28.13,237.69
255.33,255.33,237.69,250.98,10.57,250.05
250.98,269,250.05,251.9,14.12,242.88
251.9,252,242.88,252,0.6849,247.81
252,255.7,247.81,252.5,2.12,240.44
252.5,252.5,240.44,243.59,4.38,240.19
243.59,269,240.19,269,4.65,244.42
269,269,244.42,244.42,1.03,241.06
244.42,249.24,241.06,242.98,17.81,240
242.98,255.93,240,251.2,16.16,249.37
251.2,256,249.37,252.9,6.6,249.52
252.9,255,249.52,249.56,9.16,249.56
249.56,259.99,249.56,259.99,1.45,253.01
259.99,262.42,253.01,254.38,8.99,246.51
254.42,256.88,246.51,248.84,25.79,244.39
248.84,258.24,244.39,249.46,13.77,239.96
249.46,249.46,239.96,249.27,7.55,232.85
249.27,249.27,232.85,242.5,37.67,230.76
242.5,242.5,230.76,232.58,23.62,232.58
232.58,240,232.58,240,18.94,223.54
240,254.38,223.54,227.94,21.32,216.5
227.94,231.85,216.5,221.98,41.27,219.66
221.98,224,219.66,220.11,12.48,220.11
220.11,234.7,220.11,233.6,9.11,223.01
233.6,233.6,223.01,223.01,2.31,222
223.01,227.49,222,222.02,4.91,222.02
222.02,229,222.02,226.79,10.28,223.26
226.79,228,223.26,223.6,39.33,223.6
223.6,235.23,223.6,234.74,93.12,232.09
234.74,238.89,232.09,233.27,41.04,231
233.27,235.69,231,234.99,23.61,227.96
234.99,237.58,227.96,230.96,42.22,226.03
230.96,232.14,226.03,227.49,5.8,216.34
227.49,227.49,216.34,220.15,35.01,217.34
220.15,238.56,217.34,228.26,28.26,224
228.26,233.25,224,224.84,42.78,224
224.84,232,224,226,24.59,225.69
226,239.65,225.69,237.31,49.81,231.7
237.31,238.97,231.7,232.1,30.42,231.21
232.1,239.09,231.21,234.15,31.21,234.15
234.15,242.5,234.15,240.36,24.95,236.19
240.36,242.11,236.19,236.19,12.16,231.42
236.19,239.11,231.42,235.59,14.64,228
234.88,239.35,228,228,50.49,227
228,242.44,227,235.71,25.63,234.8
235.71,243,234.8,240.51,14.68,234.13
240.51,243,234.13,241.74,14.44,236.13
241.74,242.62,236.13,239.24,8.45,238.8
239.24,243.15,238.8,241.86,35.81,237.55
241.86,242.99,237.55,242.99,32.16,235.08
242.99,244,235.08,235.09,63.85,235
235.09,237.99,235,236.47,7.28,237.49
238.51,240.05,237.49,238.98,1.22,235.14
238.98,239.39,235.14,237.35,3.67,235.6
237.35,237.57,235.6,235.86,1.39,231.91
235.86,236.62,231.91,233.34,13.18,231.43
233.34,233.91,231.43,232.78,24.91,231.1
232.78,235.06,231.1,234.8,23.32,233.97
234.55,238.18,233.97,236.09,11.64,233.91
236.09,244,233.91,237.59,63.87,237.39
237.59,240.84,237.39,237.39,28.22,237.39
237.39,241.13,237.39,240.68,10.83,234.83
240.68,240.68,234.83,235.92,31.94,235.17
236.19,237.11,235.17,236.03,6.32,234.77
236.03,238,234.77,235.3,8.24,234.03
235.3,237.9,234.03,235.83,1.62,234.91
235.83,235.92,234.91,234.91,8.44,230.55
234.91,235.24,230.55,232.81,13.47,227.59
232.81,235.86,227.59,227.59,12.77,222.03
227.59,232.4,222.03,224.23,33.59,222.29
224.23,229.5,222.29,229.5,4.71,226
229.5,229.5,226,227,23.8,223.04
227,228.79,223.04,223.12,48.91,220.34
223.12,228.3,220.34,225,35.25,223.7
225,225.65,223.7,223.7,5.36,223.7
223.7,225.33,223.7,224.35,0.3,224.35
224.35,224.35,224.35,224.35,0,226.79
226.79,230.92,226.79,230.92,2.41,226.57
230.92,230.92,226.57,227.26,8.95,227.26
227.26,231.59,227.26,228.92,33.69,228.86
228.92,233.15,228.86,229.44,62.23,226.14
229.44,231.06,226.14,231.04,25.31,231.19
232,233.29,231.19,232.15,18.23,231.34
232.15,235.54,231.34,235.54,20.07,233.82
235.54,251,233.82,247.14,140.78,245.03
247.14,256.38,245.03,245.03,67.31,244
245.03,252.66,244,247.5,29.81,227
247.69,249.63,227,245.5,116.85,241.5
245.5,245.5,241.5,243.85,19.41,238.05
243.85,244.96,238.05,241,41.9,241
241,248.08,241,248.08,39.37,243.72
248.08,248.08,243.72,243.72,49.66,240.17
243.72,243.72,240.17,241.67,1.31,239.53
241.67,244,239.53,242.04,16.47,242
242.04,244,242,242,1.76,242
242,251.93,242,251.93,33.66,247.45
251.93,260,247.45,248.5,55.48,248.5
248.5,268.5,248.5,268.47,95.24,258.49
268.47,273,258.49,262.63,67.94,255.5
262.63,265.02,255.5,258.1,71.06,253.43
258.1,259.76,253.43,254.74,15.94,252.88
254.74,273,252.88,254.01,19.88,254.01
254.01,263,254.01,262,17.28,257.12
262,274.68,257.12,269.62,69.67,268.14
269.62,278,268.14,274.59,96.76,265
274.59,274.59,265,265.36,29.65,265.36
265.36,276.32,265.36,270.01,35.2,267.39
270.01,275.67,267.39,269.67,34.26,268.96
269.67,297,268.96,284.54,167.87,283.06
284.54,298.99,283.06,293.6,71.96,291.69
293.6,316.01,291.69,308.14,138.95,269
308.14,312.3,269,290.18,337.1,286.79
290.18,295.97,286.79,288.75,36.2,287.5
288.75,293.79,287.5,287.5,9.26,273.4
287.5,292,273.4,276.74,54.21,275.52
276.74,281.31,275.52,280.38,4.76,274.92
280.38,281.69,274.92,278.01,14.07,274.32
278.01,279.57,274.32,275.54,0.4725,275.54
275.54,280.4,275.54,277.56,83.54,276.45
277.56,281.41,276.45,276.45,20.68,275.31
276.45,279.38,275.31,276.98,60.14,276.03
276.98,278.4,276.03,276.89,24.71,276.18
276.89,290,276.18,290,41.53,286.67
290,291.81,286.67,288.92,27.57,287.83
288.92,293.85,287.83,291.28,8.72,286.55
291.28,296.1,286.55,296.1,11.07,287
296.1,296.8,287,293.56,57.37,280
293.56,293.56,280,291.61,29.31,280
291.61,291.61,280,288.96,30.74,280
288.96,293.48,280,293.48,41.34,277.12
293.48,293.48,277.12,283.27,63.84,277.91
283.27,289.89,277.91,283.84,0.8988,280.57
283.84,285.51,280.57,283.87,18.34,280.53
283.87,287.68,280.53,287.68,21.61,281.02
287.68,287.77,281.02,284.83,30.98,278.6
284.83,286.96,278.6,278.67,19.72,274.15
278.67,290,274.15,281.04,62.78,263.83
281.04,283.78,263.83,263.83,20.31,258
263.83,269.77,258,269.77,23.82,262.49
269.77,273.88,262.49,266.85,19.33,260
266.85,270,260,270,99.5,265.49
270,270,265.49,270,61.28,261.64
270,270,261.64,264.03,138.89,262.01
264.03,270,262.01,268.33,368.75,265.22
268.33,269.22,265.22,265.55,164.32,257.01
265.55,270,257.01,260.35,263.6,257.57
260.35,263.12,257.57,258.64,88.91,247.99
258.64,259.93,247.99,247.99,480.9,188.11
247.99,247.99,188.11,230.12,422.39,228.91
230.12,238.71,228.91,236.87,527.39,232.62
236.87,238.71,232.62,234.39,137.94,223.1
234.39,235.32,223.1,231.99,171.18,226.07
231.99,232.38,226.07,228.13,52.24,209.79
228.13,228.13,209.79,212.48,288.68,204.01
212.48,235.99,204.01,224.7,535.65,223.11
224.7,243.38,223.11,227.87,153.24,225.31
227.87,233,225.31,226.01,176.15,222.57
226.01,237.98,222.57,233.15,263.59,228.95
233.15,234.97,228.95,229,99.35,226.68
229,233.1,226.68,228.5,61.66,226
228.5,233.51,226,230.92,98.64,226.87
230.92,231.12,226.87,229.24,100.04,226.82
229.24,232.99,226.82,226.82,191.81,226.17
226.82,231.13,226.17,226.94,292.34,226.55
226.94,231.79,226.55,231.01,151.63,230.25
231.01,237,230.25,236.32,173.97,236.32
236.32,243.38,236.32,241.99,112.16,239.13
241.99,242.78,239.13,241.07,148.82,240.35
241.07,246.51,240.35,243.27,253.52,238.18
243.27,244.97,238.18,239.03,194.48,236.99
239.03,240.46,236.99,238.16,43.19,238.16
238.16,241.65,238.16,239.43,69.18,233.67
239.43,242.12,233.67,236.21,111.08,228.68
236.21,237.45,228.68,232.43,88.56,226.32
232.43,232.64,226.32,230.65,468.96,228.6
230.65,232.32,228.6,229.12,122.06,226.91
229.12,232.2,226.91,229.08,65.86,227.88
229.08,236,227.88,233.37,43.24,231.92
233.37,235.5,231.92,232.83,62.93,230
232.83,233.29,230,232.01,70.59,230.17
232.01,232.01,230.17,230.17,1.97,226.95
230.17,231.49,226.95,227.17,32.07,223.1
227.17,233.86,223.1,228.6,155.16,228.23
228.6,231.08,228.23,230.24,101.29,229.71
230.24,235,229.71,231.78,41.49,231.78
231.78,237.2,231.78,236,142.01,233.46
236,236,233.46,233.49,52.56,230.62
233.49,235,230.62,230.62,29.87,230.62
230.62,239.97,230.62,239.42,120.69,235
239.42,240,235,238.02,95.55,235
238.02,238.02,235,236,40.02,234.59
236,238,234.59,237.8,37.17,236.46
237.8,239.86,236.46,236.98,71,236.43
236.98,238.8,236.43,238.8,18.77,237.6
238.8,239.95,237.6,238.97,12.85,237.16
238.97,240.44,237.16,240,81.09,239.45
240,248.39,239.45,244.53,90.91,234.55
244.53,247.2,234.55,243.69,131.5,233
243.69,244.73,233,242.7,113,241.95
242.7,244.87,241.95,244.76,86.38,241.75
244.76,245.64,241.75,245.64,30.59,245.06
245.7,247.12,245.06,245.11,43.18,244
245.11,247.11,244,245.93,27.4,244.01
245.93,249.51,244.01,249,106.55,241
249,253.66,241,253.64,113.09,251.86
253.64,255,251.86,253.73,103.35,253
253.73,268.51,253,258,274.76,258
258,271,258,268.54,94.7,252
268.54,270,252,257,56.32,251
257,265.73,251,264.06,32.4,264
264.06,270,264,270,114.12,264.57
270,270.74,264.57,266.59,208.93,263.73
266.59,278,263.73,274.2,70.23,270
274.2,279.31,270,276.16,100.13,276.16
276.16,283.38,276.16,283.38,75.76,283.38
283.38,294.48,283.38,289.37,115.46,280.64
289.37,289.37,280.64,285.21,64.43,285.21
285.21,296.31,285.21,292.51,254.57,290
292.51,305,290,290.16,141.9,290.16
290.16,317.84,290.16,313.04,125.82,311.77
313.04,333,311.77,325,330.76,306.13
325,331,306.13,306.13,56.65,304.69
306.13,320,304.69,307.44,54.31,307.44
307.44,360,307.44,358.17,193.56,307.23
358.17,418.97,307.23,398.01,386.28,368.49
398.01,489.99,368.49,391.93,416.24,341
391.93,438.72,341,380,193.96,346.34
380,390,346.34,362.06,96.24,362.06
362.06,389.81,362.06,383.89,53.7,352
383.89,385,352,357,76.41,350
357,378.66,350,371.69,52.39,327.93
371.69,379,327.93,337.83,123.53,300
337.83,341,300,309.3,140.81,301.56
309.3,341,301.56,330.95,178.07,326.5
330.95,340.18,326.5,336.95,121.27,326.03
336.95,339.47,326.03,329.74,51.79,315
329.74,333.74,315,315,73.53,315
315,330,315,321.91,83.01,321.91
321.91,336.89,321.91,330,86.16,326
330,334.75,326,326.5,60.88,323.07
326.5,332.71,323.07,326.26,46.11,310
326.26,326.26,310,317.21,78.94,317.21
317.21,324.37,317.21,321.48,4.55,319.03
321.48,325,319.03,322.85,36.68,319
320,323.5,319,322.68,68.89,316.01
322.68,325,316.01,320.42,344.3,317.57
320.42,330,317.57,329.69,180.61,329.69
329.69,370,329.69,356.2,133.6,350.53
356.2,364,350.53,360.59,86.19,350.28
360.59,360.59,350.28,356.5,54.91,353.03
356.5,373.77,353.03,370.39,87.7,370.39
370.39,380.68,370.39,378.5,79.73,355
378.5,378.5,355,361.58,442.02,349.2
361.58,362.41,349.2,362.02,220.97,356.99
362.02,370,356.99,361.3,1152,357.48
361.3,365.08,357.48,364.93,50.81,363.93
364.93,390.58,363.93,389.64,205.27,386.01
389.64,404.21,386.01,392.39,167.32,384.07
392.39,398,384.07,395.3,244.4,388.52
395.3,400,388.52,400,230.13,400
400,420,400,416.33,295.14,410.01
416.33,420,410.01,417.3,231.12,416
417.3,445,416,443.12,462.82,407.14
443.12,464,407.14,431,239.52,418.37
431,438,418.37,432,39.9,426.21
432,445,426.21,440.19,300.24,430.01
440.19,464,430.01,460.49,187.03,441
460.49,464.98,441,453.65,185.26,445
453.65,459.15,445,451.03,67.71,451.03
451.03,467.69,451.03,464.97,92.7,455
464.97,464.97,455,458.01,52.99,436
458.01,460.49,436,441.22,166.61,426.7
441.22,446.96,426.7,441.75,193.74,434.29
441.75,444.25,434.29,437.69,40.92,435.47
437.69,445.99,435.47,444.83,65.77,443.99
444.83,458,443.99,452.71,60.26,451.12
452.71,457.95,451.12,457.84,4.07,409
457.84,457.84,409,417.47,216.29,409.41
417.47,429.72,409.41,426.04,26.46,418.78
426.04,429.36,418.78,418.78,108.99,418.78
418.78,432.5,418.78,430.95,148.55,420
430.95,435,420,424.31,48.79,416.61
424.31,431.31,416.61,431.31,80.65,430.74
431.31,434.97,430.74,431.51,14.32,430.32
431.51,434.99,430.32,433.07,25.38,422.98
433.07,434.99,422.98,427.63,14.39,426.56
427.63,433.96,426.56,431.08,51.5,429
431.08,434.73,429,431.32,33.76,427.58
431.32,431.33,427.58,429.99,20.05,427.78
429.99,457.88,427.78,457.88,132.76,447.64
457.88,460,447.64,455.22,110.94,450
455.22,459.87,450,451.38,84.78,442.05
451.38,451.38,442.05,447.38,41.49,443.81
447.38,454.53,443.81,450,106.93,445.03
450,452.23,445.03,449.81,151.13,427.17
449.81,455,427.17,433.98,191.65,430
433.98,437.15,430,430,42.29,372.66
430,430.91,372.66,374.41,590.29,351.76
374.41,390.58,351.76,388.16,552.55,381.6
388.16,395,381.6,385,135.81,376.58
385,391.82,376.58,390.1,246.35,379.02
390.1,390.97,379.02,381.08,68.55,375.93
381.08,425.13,375.93,419.46,792.43,406.05
419.46,425.78,406.05,412.31,730.53,375.52
412.31,412.31,375.52,382.82,510.72,381.36
382.82,395,381.36,389.11,372.76,385.81
389.11,406.71,385.81,400.68,609.63,387.17
400.68,401.25,387.17,394.01,462.68,390.45
394.01,406.7,390.45,395.95,719.82,393.11
395.95,401.48,393.11,396,200.09,376.97
396,398.03,376.97,379.27,316.78,365
379.27,385.63,365,379.92,606.53,376.12
379.92,383.18,376.12,378,216.06,369.82
378,381,369.82,369.84,199.96,366.16
369.84,380,366.16,372,533.92,372
372,376.68,372,373.71,362.3,365.78
373.71,373.71,365.78,368,214.2,368
368,392,368,392,369.21,382.48
392,392,382.48,387.22,492.86,367.71
387.22,387.22,367.71,375.69,412.74,371.55
375.69,381.23,371.55,372.82,185.05,371.66
372.82,377.78,371.66,372,443.23,371.26
372,381.4,371.26,378.48,733.23,371.71
378.48,384.76,371.71,379.3,1257.01,373.67
379.3,383.95,373.67,377.21,1274.38,375.76
377.21,383.49,375.76,380.3,1037.16,380.3
380.3,391.14,380.3,389.15,765.66,386.82
389.15,404.26,386.82,403.25,653.35,392
403.25,409.31,392,396,736.74,390.1
396,408.6,390.1,405.5,1021.74,403.01
405.5,421.8,403.01,416.16,1183.09,411.46
416.16,424.79,411.46,422,823.83,413.13
422,422,413.13,417.05,446.29,417.05
417.05,442,417.05,440.3,1124.57,422.5
440.3,444,422.5,437.04,879.59,422
437.04,437.04,422,433.35,819.77,414.29
433.35,437.15,414.29,420.99,1304.29,408.14
420.99,427.1,408.14,423.2,770.74,416.7
423.2,426,416.7,421.85,739.44,417.65
421.85,427.2,417.65,427.2,447.57,427.2
427.2,436,427.2,433.04,626.68,421.07
433.04,434.98,421.07,430.14,177.5,429.29
430.14,442,429.29,435.92,544.69,422.79
435.92,439.41,422.79,429.88,1697.67,412
429.88,432.48,412,424.39,1264.09,417
424.39,431.11,417,419.62,3882.56,404.87
419.62,424.46,404.87,406.71,2392.2,388.4
406.71,408.99,388.4,394.52,4809.95,387.27
394.52,410.06,387.27,403.86,1897.16,397.4
403.86,414.12,397.4,413.75,1302.37,407.5
413.75,414.36,407.5,410.29,1318.45,406.45
410.29,414.74,406.45,410.55,1526.59,409.42
410.55,429.7,409.42,415.81,2769.06,415
415.81,423.65,415,419.92,1562.08,406.15
419.92,420.59,406.15,407.22,4268.69,406.65
407.22,413.62,406.65,408.87,1999.17,407.74
408.87,416.5,407.74,415.42,3410.81,412.17
415.42,417.04,412.17,415.59,1855.24,412.87
415.59,419.04,412.87,416.78,1497,416.78
416.78,422.69,416.78,420.75,1963.65,405.03
420.75,421,405.03,409.43,3199.64,405.53
409.43,411.44,405.53,410.09,1860.96,409.39
410.09,414.82,409.39,412.14,806.37,407.68
412.14,414.36,407.68,411.76,1327.09,411.17
411.76,417.9,411.17,414.82,1669.12,411.89
414.82,417.98,411.89,415.53,1267.5,413.12
415.53,417.78,413.12,415.96,1197.63,413.61
415.96,419.76,413.61,416.11,920.85,415.28
416.11,418.4,415.28,417.31,975.38,415.9
417.31,430,415.9,424.97,1313.9,421.13
424.97,426.39,421.13,423,1142.24,405
423,428.11,405,415.71,1227.79,409.12
415.71,416.7,409.12,413.38,1050.18,412.42
413.38,419.99,412.42,417.56,2066.84,415.5
417.56,419.04,415.5,417.9,633.93,417.9
417.9,423.17,417.9,420.57,564.79,417.96
420.57,421.66,417.96,421.5,481.01,417.54
421.5,421.6,417.54,420.14,560.66,419.5
420.14,424.97,419.5,423.39,998.65,421.56
423.39,424.61,421.56,422.78,847.16,420.06
422.78,424.39,420.06,422.61,1096.07,418
422.61,425.96,418,418.31,861.04,415
418.31,420.75,415,419.29,846.56,416.96
419.29,422.92,416.96,420.95,1655.44,420.23
420.95,424.5,420.23,422.58,1258.4,422.58
422.58,430.36,422.58,427.08,1151.1,422
427.08,427.71,422,423.54,1159.6,422.39
423.54,425.77,422.39,424.52,532.25,424.52
424.52,431.02,424.52,429.25,632.81,427.97
429.25,434.23,427.97,429.12,690.59,424.58
429.12,431.37,424.58,427.87,648.34,426.28
427.87,429.8,426.28,428.02,1030.36,426.8
428.02,438,426.8,436.92,1179.9,434.27
436.92,444,434.27,441.77,1580.25,440.11
441.77,451.34,440.11,451.01,930.69,442.7
451.01,451.01,442.7,446,641.31,443.22
446,450.71,443.22,450.71,698.02,445.4
450.71,460,445.4,460,1112.4,452.5
460,469.69,452.5,464,1447.44,461.88
464,470,461.88,469.3,899.83,445.48
469.3,469.3,445.48,448.35,1475.35,435.43
448.35,451.48,435.43,450.86,1919.74,447.39
450.86,457.22,447.39,456.22,953.38,446.44
456.22,458.12,446.44,446.44,1176.69,446.44
446.44,454.47,446.44,452.07,293.27,440
452.07,453.58,440,444,1306.69,442.52
444,452.52,442.52,451.92,1262.5,444.86
451.92,451.92,444.86,448,729,447.22
448,450,447.22,448.74,642.47,447.17
448.74,462.37,447.17,460.7,1842.71,457.92
460.7,462.34,457.92,459.1,277.86,455.95
459.1,461.79,455.95,459.1,634.19,455.99
459.1,464.99,455.99,461.75,1279.65,450
461.75,463.49,450,452.13,1013.32,450.99
452.13,455,450.99,453.97,1766.78,449.39
453.97,455,449.39,454.95,869.91,452.61
454.95,457.5,452.61,456.05,1274.72,453.79
456.05,458.06,453.79,455.4,972.97,454.14
455.4,459.79,454.14,457.65,274.15,450.17
457.65,458,450.17,454.39,1237.42,451
454.39,455,451,454.16,1000.13,452.35
454.16,455.88,452.35,453.24,1429.97,431.88
453.24,453.85,431.88,432,1254.84,427.06
432,442.63,427.06,439.65,1114.34,431.01
439.65,441,431.01,441,680.49,433.34
441,442,433.34,437.89,2785.85,435.55
437.89,444.01,435.55,442.5,2887.46,441.48
442.5,445.79,441.48,444.6,1284.15,442.94
444.6,449.21,442.94,448.3,722.13,445.19
448.3,452.45,445.19,452.41,915.01,451.22
452.41,477,451.22,471.36,1764.3,450.55
471.36,545,450.55,523.99,5187.17,470
523.99,549,470,518.98,2673.43,518.98
518.98,540,518.98,531.43,916.05,510.97
531.43,544.53,510.97,530,2715.14,485.9
530,541.77,485.9,536.12,1996.79,531.52
536.12,539.67,531.52,539.2,1793.27,536.06
539.2,576.03,536.06,567.43,2726.68,562
567.43,588.71,562,573.18,2453.02,568.07
573.18,583.67,568.07,574.11,1186.64,573.35
574.11,586.3,573.35,583,1014.48,565.38
583,589.91,565.38,577.38,3420.29,571.71
577.38,582.13,571.71,581.98,1370.72,571.6
581.98,581.98,571.6,575.01,1374.98,573
575.01,581.8,573,579.26,1378.66,579
579.26,595.99,579,595.99,1276.7,595.99
595.99,683.06,595.99,665.8,5399.75,659
665.8,717.79,659,703.27,4015.14,647.26
703.27,703.95,647.26,687.34,4406.38,671.58
687.34,697.59,671.58,692.07,1900.47,692.07
692.07,776.71,692.07,767.05,5696.94,702
767.05,776,702,747.08,5794.92,728.87
747.08,781.15,728.87,761.02,6019.57,745.03
761.02,769.99,745.03,765.87,2487.23,725.02
765.87,768.83,725.02,737,3884.15,630.2
737,738.36,630.2,673.41,8315.46,590
673.41,679.85,590,594.46,6714.94,551.49
594.46,635,551.49,623.54,5206.35,618.51
623.54,762.24,618.51,669.26,5940.81,641.41
669.26,703.34,641.41,674.15,2243.09,615.26
674.15,680.91,615.26,633.04,1350.42,627
633.04,664.08,627,648.49,1230.6,640
648.49,664.86,640,647.01,2494.16,615.85
647.01,650.53,615.85,639.5,2053.6,635
639.5,675,635,669.7,1688.09,665.85
669.7,691.2,665.85,677.74,2111.15,674
677.74,703.94,674,700,1228.66,644.65
700,703.96,644.65,664.82,1540.96,645
664.82,684.73,645,679.26,1654.77,659.57
679.26,683.11,659.57,666.5,970.34,665.85
666.5,681.23,665.85,677.59,906.68,610.7
677.59,681.99,610.7,640,2909.92,634.04
640,670.07,634.04,670,1772.69,622
670,671.93,622,657.95,1923.47,642.42
657.95,657.95,642.42,651.2,495.79,645.32
651.2,663.32,645.32,652.98,815.62,647.14
652.98,675.98,647.14,674.21,974.64,657.96
674.21,674.21,657.96,662.88,928.63,650
662.88,665.92,650,662.78,1157.1,660
662.78,669,660,663.87,1157.88,661
663.87,669.1,661,665,432.23,661.52
665,685,661.52,677.88,927.5,667.58
677.88,686,667.58,675.28,1296.12,666.02
675.28,676.55,666.02,673.51,991.27,660
673.51,676.15,660,667,1552.88,658.89
667,669.46,658.89,664.5,554.76,644.54
664.5,668.97,644.54,648.97,1532.52,645.94
648.97,660,645.94,657.71,715.12,651.98
657.71,668.44,651.98,662.9,873.13,652.01
662.9,664.68,652.01,654.28,847.7,642.5
654.28,659.1,642.5,655.03,1130.07,648
655.03,663.94,648,654.03,1755.59,651.7
654.03,661.1,651.7,653.87,889.65,651.7
653.87,659.57,651.7,653,1002.86,651.9
653,658.18,651.9,654.93,453.11,623.68
654.93,656.67,623.68,623.68,1301.11,601.01
623.68,627.05,601.01,605,2577.04,479
605,611.44,479,506,7142.29,502.75
506,572,502.75,564.94,5302.46,564.94
564.94,589,564.94,582.92,2819.75,567.41
582.92,584.41,567.41,575.65,1017.31,569.88
575.65,598,569.88,591.6,1036.92,570.11
591.6,607.51,570.11,593,1356.87,585
593,597.35,585,590.31,915.87,583.2
590.31,593.37,583.2,586.3,1082.41,582
586.3,603.14,582,588.95,1855.27,588
588.95,599.98,588,588.23,1600.83,582.51
588.23,592.19,582.51,588.36,945.09,583.31
588.36,590.79,583.31,585.1,449.04,561.4
585.1,585.51,561.4,569.67,1081.67,561.48
569.67,575,561.48,570.74,795.16,565.34
570.74,587.8,565.34,581,1200.53,569.54
581,581.06,569.54,574.43,751.15,570.81
574.43,579.36,570.81,572,616.91,572
572,577.99,572,572.95,601.61,572.03
572.95,584,572.03,580,469.89,577.52
580,586.12,577.52,580.53,393.36,579.85
580.53,592.13,579.85,586,794.09,580.1
586,588.99,580.1,584.9,764,579.36
584.9,587.71,579.36,580.47,524.66,569.89
580.47,582.25,569.89,576.85,1358.06,572.99
576.85,580.51,572.99,579.36,349.58,564.27
579.36,579.71,564.27,569.02,612.63,567.06
569.02,580.97,567.06,574.73,561.73,570.47
574.73,582.01,570.47,574.69,898.12,573.42
574.69,581.7,573.42,579.21,717.82,569.42
579.21,579.21,569.42,573.36,454.42,568.24
573.36,575,568.24,571.1,1002.1,565.56
571.1,577,565.56,577,1091.61,572.13
577,605.33,572.13,599.97,1286.89,598.3
599.97,616.68,598.3,608.91,963.41,602
608.91,612.3,602,610.02,730.44,605
610.02,614,605,613.35,481.48,606.35
613.35,617.38,606.35,615.71,973.59,615
615.71,635.62,615,629.6,990.93,621.25
629.6,631.12,621.25,625.26,603.62,622.77
625.26,629.24,622.77,625.26,434.38,595.16
625.26,634.77,595.16,611.33,806.13,607.15
611.33,613.54,607.15,611.1,504.68,607.76
611.1,617,607.76,615.16,735.51,610.75
615.16,616.85,610.75,612.24,651.11,609.05
612.24,615.8,609.05,612.92,522.92,606.67
612.92,613,606.67,610,455.79,604.58
610,610.08,604.58,606.59,330.61,606.59
606.59,614.51,606.59,612.02,323.12,605.06
612.02,614.59,605.06,610.99,586.68,605.56
610.99,612,605.56,610.01,777.46,592
610.01,610.98,592,599,1117.73,595.37
599,600.76,595.37,598.35,483.58,595.05
598.35,604.56,595.05,604.17,519.05,601.5
604.17,607.63,601.5,604,310,598
604,604,598,601.03,453.02,599
601.03,608.57,599,608.04,764.48,600.69
608.04,609.11,600.69,606.52,721.26,601.85
606.52,607.59,601.85,604.99,415.79,604.25
604.99,609.3,604.25,605.5,496.8,604.03
605.5,612.5,604.03,611.28,535.28,610.4
611.28,617.3,610.4,614.27,450.35,607.15
614.27,615.98,607.15,610,323.24,609.02
610,613.66,609.02,612.25,592.68,608
612.25,613.6,608,612,435.17,608.94
612,616.09,608.94,612.51,828.39,611.26
612.51,615.97,611.26,614.91,385.16,611.34
614.91,623,611.34,617.98,1667.51,616.15
617.98,623.1,616.15,620.79,528.82,615.01
620.79,620.79,615.01,616.52,362.01,614.83
616.52,619.9,614.83,618.12,724.84,616.32
618.12,645.42,616.32,644.23,1468.11,633.28
644.23,645,633.28,637.46,767.33,630.15
637.46,639.98,630.15,630.15,763.62,630.15
630.15,643,630.15,640.61,939.07,636.4
640.61,647,636.4,640.75,539.61,638.75
640.75,645.06,638.75,643.25,183.94,637.8
643.25,643.55,637.8,640,618.75,634.1
640,641.1,634.1,636.97,606.01,623.73
636.97,639.64,623.73,631.5,1047.9,627.01
631.5,633.42,627.01,632.84,453.28,630.02
632.84,638,630.02,633.4,717.39,627
633.4,669.86,627,663.73,1495.79,652.79
663.73,669,652.79,653.93,770.33,645.81
653.93,657.88,645.81,652.63,1384.76,651.99
652.63,664,651.99,651.99,1611.78,651.99
651.99,679,651.99,675.13,1619.77,674.63
675.13,687.84,674.63,681.97,1501.28,681.97
681.97,691.78,681.97,690,1231.3,687.93
690,722.01,687.93,717.87,1651.6,688
717.87,717.88,688,698.7,1734.56,685.7
698.7,708.9,685.7,700.8,996.14,697.91
700.8,739.49,697.91,733.75,2354.66,722.89
733.75,739,722.89,737.5,1847.17,673.41
737.5,750.5,673.41,691.13,4099.75,682.31
691.13,710,682.31,707.41,2007.08,698.48
707.41,714.47,698.48,706.48,663.19,702.88
706.48,721.46,702.88,715.5,625.78,700.16
715.5,715.5,700.16,708.86,900.21,704.14
708.86,718.3,704.14,712.71,987.5,708.68
712.71,745.49,708.68,722.4,2750.68,706
722.4,724.7,706,713.5,1219.55,712
713.5,718.99,712,715.25,746.9,701.35
715.25,719.1,701.35,704.46,713.45,685.33
704.46,706.79,685.33,702.78,1087.75,697.79
702.78,709,697.79,705.82,785.16,704.83
705.82,717,704.83,711.3,818.88,709
711.3,744.8,709,742.75,2462.28,733.3
742.75,760.81,733.3,739,3435.49,733.01
739,754,733.01,750.55,1742.41,735
750.55,763.11,735,752,1445.44,713
752,757,713,730.98,1420.69,728.33
730.98,741,728.33,737.69,550.29,733.83
737.69,752.61,733.83,748.01,1803.67,731.06
748.01,750,731.06,740.34,1287.25,730
740.34,745.11,730,738.61,867.25,730.35
738.61,743,730.35,740.92,979.35,726
740.92,743.3,726,734.78,684.93,727.2
734.78,739,727.2,728.3,616.82,728
728.3,736.07,728,735.78,837.69,728.5
735.78,735.78,728.5,732.2,1064.68,731.02
732.2,743.56,731.02,742.72,1163.42,740.89
742.72,754.5,740.89,754,1290.26,752.42
754,781.98,752.42,773.87,2429.07,757.12
773.87,774.58,757.12,765.28,712.88,762.43
765.28,772.57,762.43,769.6,542.78,745.93
769.6,771.6,745.93,754.47,1667.32,748.09
754.47,760.03,748.09,757.86,1232.12,753.78
757.86,770,753.78,767.12,816.03,762
767.12,779.5,762,770.71,765.67,767
770.71,775,767,772.42,849.54,771.24
772.42,778.56,771.24,775,693.55,762.02
775,775.42,762.02,768.05,618.55,768.05
768.05,783.26,768.05,778.37,1025,770
778.37,789,770,780.5,1074.56,774
780.5,783.09,774,777.52,908.92,776.53
777.52,781.5,776.53,778.1,736.26,776
778.1,785.75,776,785.33,1094.3,785.33
785.33,795,785.33,792.47,610.61,786.5
792.47,794.44,786.5,792.69,339.1,789.19
792.69,794.44,789.19,791.18,680.79,790
791.18,806.1,790,803.42,1163.66,796.47
803.42,830,796.47,827.86,1872.1,826.02
827.86,877.99,826.02,860.1,2597.1,859.01
860.1,922.93,859.01,920,4040.55,884.33
920,923.87,884.33,894.93,1641.66,853.37
894.93,900.34,853.37,899.98,1661.59,888.96
899.98,917.53,888.96,904.88,1835.09,900
904.88,939,900,929.16,1760.31,929.03
929.16,979.99,929.03,978.74,3197.6,950
978.74,982,950,977.01,2612.43,920.02
977.01,977.01,920.02,960.7,2202.46,940.01
960.7,971.73,940.01,968.21,791.88,961.37
968.21,1010,961.37,998.07,1457.01,996.07
998.07,1034.93,996.07,1020,2297.35,1010
1020,1039.84,1010,1037.99,1655.8,997.23
1037.99,1150,997.23,1139.52,5422.72,879.01
1139.52,1156.9,879.01,996.4,8491.62,868.38
996.4,1059.2,868.38,896.37,5800.95,815.01
896.37,909,815.01,899.43,4967.69,890
899.43,940,890,911.5,2054.51,878
911.5,917.74,878,909.99,1317.51,898.1
909.99,916.69,898.1,911,1201.29,765.43
911,924.59,765.43,793.99,9743.46,756
793.99,838,756,816.02,4110.61,776.81
816.02,839,776.81,835.01,3153.2,811
835.01,846.95,811,821.15,1652,811.93
821.15,833,811.93,824.53,1197.24,822.15
824.53,840.6,822.15,832.91,1329.08,830
832.91,920,830,909.17,4530.69,852.11
909.17,917,852.11,883.69,3303.69,880.02
883.69,909,880.02,900.9,2401.27,885
900.9,907.1,885,896.21,1719,896.08
896.21,928.08,896.08,924.93,2079.01,888
924.93,939.91,888,919.68,1982.22,912.62
919.68,929.92,912.62,924.99,1161.72,886
924.99,930,886,890.9,3402.04,882.58
890.9,903.33,882.58,895,1392.55,894.99
895,921.78,894.99,916.53,1065.83,910
916.53,925,910,921.45,1551.87,917.01
921.45,923.63,917.01,920.25,724.99,915.7
920.25,923.76,915.7,918.11,601.2,915
918.11,925,915,922.73,1230.51,919
922.73,974.97,919,973.84,3314.31,964.99
973.84,989,964.99,985.11,2361.7,975.98
985.11,1013.99,975.98,1007,2555.86,981.76
1007,1037.52,981.76,1015,3204.23,1001.8
1015,1046.5,1001.8,1035,1851.51,1005.4
1035,1036,1005.4,1017.84,1161.56,1013.75
1017.84,1029.91,1013.75,1027.02,796.6,1023.82
1027.02,1055,1023.82,1053.16,1965.14,1025.4
1053.16,1069.91,1025.4,1060.6,2884.59,940.01
1060.6,1079.91,940.01,983.86,6699.92,948.21
983.86,1010,948.21,1002.99,2840.15,993
1002.99,1018.49,993,1010.2,1292.05,999
1010.2,1013.7,999,1001.1,826.21,982.01
1001.1,1010,982.01,998.8,1294.66,992.09
998.8,1025,992.09,1014.97,1855.4,1001.3
1014.97,1020,1001.3,1015.75,1211.24,1015.75
1015.75,1047.43,1015.75,1039.87,1918.3,1036
1039.87,1063.92,1036,1052.07,2165.2,1051
1052.07,1069.79,1051,1058.91,1467.39,1042.95
1058.91,1063,1042.95,1055.61,520.15,1045.47
1055.61,1093.33,1045.47,1088.68,1440.67,1080
1088.68,1132.74,1080,1128.46,2575.04,1102.56
1128.46,1140,1102.56,1125.67,2192.87,1122.09
1125.67,1193.43,1122.09,1182,3010.37,1056.66
1182,1214.97,1056.66,1185,4998.65,1120.4
1185,1185,1120.4,1146.83,2223.09,1130
1146.83,1184.44,1130,1167,1722.75,1161.98
1167,1196.99,1161.98,1190.21,1837.69,1175.81
1190.21,1208.5,1175.81,1180,2027.03,1177.18
1180,1230,1177.18,1225,2248.94,1212.42
1225,1282.39,1212.42,1254,2886.48,1235.28
1254,1288,1235.28,1277,2729.15,1232.5
1277,1280.23,1232.5,1261.27,1414.87,1237.78
1261.27,1277.72,1237.78,1267.98,1199.65,1257.38
1267.98,1279.91,1257.38,1275,1003.89,1158.45
1275,1279.9,1158.45,1224.92,4081.78,1131.34
1224.92,1238.11,1131.34,1143.39,3161.96,1105
1143.39,1205.4,1105,1187.19,2289.18,968
1187.19,1310.98,968,1111,8293.93,1105
1111,1191.09,1105,1174.97,3740.32,1138
1174.97,1231.94,1138,1224.37,1955,1180
1224.37,1241.06,1180,1230,4085.31,1218
1230,1259.72,1218,1243.99,2522.93,1238.5
1243.99,1259,1238.5,1252.92,2407.06,1025
1252.92,1255.92,1025,1165.1,6820.64,983.9
1165.1,1165.1,983.9,1021.16,8377.84,923.6
1021.16,1080,923.6,954.99,6805.58,943.9
954.99,1040,943.9,1017.94,4297.88,902
1017.94,1040,902,1030,3223.25,1030
1030,1115,1030,1110.37,3491.84,975.63
1110.37,1113,975.63,1032.01,3833.96,1006.4
1032.01,1052.63,1006.4,1024.03,2442.73,911.23
1024.03,1033,911.23,921.3,4796.6,881.89
921.3,960,881.89,951.08,4831.51,923.01
951.08,994.57,923.01,961.88,2850.31,948.32
961.88,1044.44,948.32,1039.85,3333.18,1016.13
1039.85,1067.8,1016.13,1043.28,4577.26,1006.9
1043.28,1060.06,1006.9,1043.43,3859.62,1022.79
1043.43,1057.51,1022.79,1040,3219.29,1040
1040,1088.96,1040,1079.78,3655.38,1070
1079.78,1108.22,1070,1091.73,2543.25,1081
