open,high,low,close,volume,nextvolume
739.73,759.11,737.15,753.99,10.13,18.64
753.99,817.56,750,799.04,18.64,76.87
799.04,819.9,771.18,808.52,76.87,33.23
808.52,840,783.02,827.65,33.23,54.92
827.65,980,827.41,913.93,54.92,75.02
898.73,1019,886.44,936.27,75.02,49.39
936.27,945,810,837.02,49.39,19.31
837.02,899.84,788,824.98,19.31,8
824.98,870,807.42,850.29,8,8.19
850.29,857.34,817,857.33,8.19,18.75
857.33,918.05,857.17,899.84,18.75,25.43
899.84,900.94,833,860,25.43,25.81
860,860,815,850,25.81,31.72
850,877.29,805,831,31.72,6.71
831,864,828,850,6.71,27.71
850,865,824,826.97,27.71,26.35
826.97,835.06,788,804.35,26.35,18.78
804.35,844.14,804,819.51,18.78,11.94
819.51,848.9,819.51,835,11.94,4.45
835,855,830.1,843.77,4.45,6.9
843.77,845.99,820.1,829.01,6.9,1.71
829.01,834.53,821,830.89,1.71,11.58
830.89,830.89,821,830.89,11.58,24.52
830.89,836.35,783,794.93,24.52,9.93
794.93,830,794.93,812.02,9.93,6.57
812.02,840,812.02,826.72,6.57,23.97
826.72,840,790,790,23.97,27.48
790,830,775,815.99,27.48,18.92
815.99,826.23,795,795,18.92,27.02
795,815.23,787.01,808,27.02,12.87
808,812.63,801,812.19,12.87,6.47
812.19,835,803.41,825,6.47,7.25
825,835,814.86,814.86,7.25,7.27
814.86,819.8,803.65,819.78,7.27,11.43
819.78,819.78,799.58,802.4,11.43,10.42
802.4,815.9,802.4,802.69,10.42,39.76
802.69,803.73,767.61,767.61,39.76,63.49
767.61,775.21,666.35,723,63.49,30.6
723,730,682.61,693.65,30.6,36.77
693.65,756.1,680.01,696.49,36.77,31.78
696.49,748,550,690.2,31.78,32.13
690.2,720,660,672.6,32.13,18.85
672.6,714.56,651.31,670.67,18.85,44.68
670.67,680,595.63,623.95,44.68,42.45
623.95,710,586.43,670.34,42.45,11.81
670.34,682.78,646.88,656.28,11.81,18.52
656.28,668.82,600,635.79,18.52,39.7
635.79,679.06,593.68,638.1,39.7,20.84
638.1,652.51,623,636.52,20.84,13
636.52,640,602.91,630.16,13,49.97
630.16,641.36,565.57,575.72,49.97,28.37
575.72,597.05,547.72,572.27,28.37,13.24
572.27,620.9,567.55,605.43,13.24,21.05
605.43,650.28,600.91,616.88,21.05,29.7
616.88,616.9,540.64,572,29.7,60.12
572,572,450,522.84,60.12,105.88
522.84,650,522.84,593.14,105.88,45.84
593.14,629.9,580.5,596.49,45.84,29.32
596.49,599,570,573.94,29.32,8.04
573.94,605,550,575,8.04,2.16
575,588.08,572.41,578,2.16,67.58
578,700,578,669.75,67.58,27.98
669.75,720,661.48,680.6,27.98,5.23
680.6,690.17,660.01,680.99,5.23,4.39
680.99,693,660.1,665.66,4.39,13.85
665.66,680.46,628.73,641.48,13.85,4.22
641.48,667.99,623,636.01,4.22,1.82
636.01,658,629.05,641.57,1.82,6.5
641.57,684.5,630,642.08,6.5,18.36
642.08,665.93,560,641.82,18.36,7.9
641.82,660,550.28,651.08,7.9,4.78
651.08,657.99,620,653.4,4.78,24.79
653.4,654.91,550,631.24,24.79,3.2
631.24,646,618.29,646,3.2,7.62
646,652,639,651.95,7.62,1.91
651.95,651.95,616,637.73,1.91,9.05
637.73,637.73,610.01,619.78,9.05,4.86
619.78,633.66,612.22,620,4.86,8.49
620,625.02,590,590,8.49,16.27
590,615.23,580,590,16.27,11.84
590,596,554.05,572.3,11.84,1.31
572.3,596,566.36,574.22,1.31,5.69
574.22,592.54,554.5,585.4,5.69,5.73
585.4,591.15,579,579.02,5.73,13.33
579.02,641.14,579,585.09,13.33,34.78
585.09,599.27,502.78,502.78,34.78,44.09
502.78,553,500,516.48,44.09,6.11
516.48,518,505,514.99,6.11,33.23
514.99,514.99,436.07,467.1,33.23,17.6
467.1,530,443.35,462.39,17.6,17.55
462.39,503.23,462.39,490.73,17.55,15.11
490.73,497.15,443.63,443.63,15.11,15.54
443.63,463.7,426.45,458.6,15.54,21.14
458.6,550,440,458.84,21.14,0.9441
458.84,467.85,447.57,467.85,0.9441,5.12
467.85,469.44,450,461.82,5.12,7.09
461.82,475.32,450,462.08,7.09,3.32
462.08,465.82,454.38,454.39,3.32,1.27
454.39,462.09,450,461.09,1.27,17.11
461.09,461.09,383.08,383.08,17.11,16.22
383.08,583.75,353.76,430,16.22,10.71
430,450,429.01,448,10.71,9.32
448,448,407.07,429.79,9.32,42.64
429.79,480.07,411.34,459.38,42.64,30.52
459.38,573.67,450.5,523.74,30.52,51.73
523.74,550.8,490.56,523.52,51.73,16.15
523.52,530.36,495.53,504.29,16.15,31.51
504.29,515,477.19,485.56,31.51,10.97
485.56,525.28,479.96,504.5,10.97,1.54
504.49,510,500,504.73,1.54,17.33
504.73,517.31,485,496.42,17.33,7.49
496.42,510.49,484.62,489.72,7.49,7.02
489.72,504.5,489,495.62,7.02,3.58
495.62,501.95,490,501.95,3.58,27.38
501.95,503.48,449,471.02,27.38,3.39
471.02,476.18,456.75,463.7,3.39,2.91
463.7,463.7,438.72,438.72,2.91,6.12
438.72,455.09,429.09,446.18,6.12,7.31
446.18,454.62,435.65,445.68,7.31,9.06
445.68,452.82,441.23,448.34,9.06,14.51
448.34,464.42,448,459.32,14.51,7.08
459.32,459.32,446.49,455.16,7.08,8.5
455.16,455.16,432.43,441.04,8.5,1.77
441.04,445.4,431.17,442,1.77,5.66
442,442,429.18,429.18,5.66,5.75
429.18,439.69,422.19,431.87,5.75,20.36
431.87,452.74,431.61,441.89,20.36,5.79
441.89,452,441.81,448.26,5.79,4.04
448.26,459.22,441.81,450.63,4.04,5.53
450.63,458,446.1,454.99,5.53,11.53
454.99,454.99,432.88,441.5,11.53,7.19
441.5,445.22,432.21,440.82,7.19,4.51
440.82,444.76,436.45,440.78,4.51,0.8711
440.78,445.52,440.78,445.52,0.8711,3.02
445.52,449.59,440.89,449.59,3.02,5.59
449.59,453.83,447.1,453.83,5.59,0.2061
453.83,453.83,446.2,453.83,0.2061,2.58
453.83,453.83,445.56,445.56,2.58,0
445.56,445.56,445.56,445.56,0,25.28
445.56,498.84,445.56,493.43,25.28,4.24
493.43,497.67,490.85,494.77,4.24,32.85
494.77,530,494.77,530,32.85,14.82
530,548.05,515.31,521.47,14.82,2.62
521.47,530,515.21,530,2.62,15.83
530,589,530,574.05,15.83,10.95
574.05,589.11,563.68,583.2,10.95,26.92
583.2,594.64,538.84,570.92,26.92,4.52
570.92,589.16,565.22,575.83,4.52,2.18
575.83,576.26,564.9,570.49,2.18,18.38
570.49,628.61,566.15,616.08,18.38,15.4
616.08,628.13,603.87,628.13,15.4,37.05
628.13,673.37,621.79,627.54,37.05,10.32
627.54,672.64,621.79,665.58,10.32,16.68
665.58,677.91,652.26,671.43,16.68,59.16
671.43,671.43,525,650.48,59.16,15.16
650.48,669.75,650.45,657.01,15.16,5.27
657.01,660,653.4,653.4,5.27,4.75
653.4,659.8,636.68,659.8,4.75,0.888
659.8,659.8,646,646.54,0.888,4.65
646.54,656.44,636.5,643.44,4.65,7.13
643.44,657.72,643.44,646.89,7.13,19.6
646.89,649.93,617.99,617.99,19.6,75.97
617.99,637.06,552,565.56,75.97,19.43
565.56,617.31,565.56,589.68,19.43,15.89
589.68,600,542.96,575.6,15.89,34.51
575.6,589.55,534.28,589.55,34.51,10.67
589.55,612.91,574.18,597.14,10.67,2.8
597.14,608.98,586.25,608.97,2.8,10
608.97,625,603.41,605.89,10,8.41
605.89,627.05,594.12,595.93,8.41,5.81
595.93,602.79,578.51,593.9,5.81,0.7642
593.9,598.5,581.09,590.59,0.7642,8.34
590.59,602.33,584.75,596.24,8.34,2.64
596.24,596.24,584.42,584.42,2.64,2.85
584.42,595.23,576.13,586.15,2.85,29.23
586.15,586.15,557.43,564.42,29.23,2.76
564.42,583.26,564.42,583.26,2.76,21.78
583.26,600,575.35,597.69,21.78,4.14
597.69,604.38,590.76,596.12,4.14,0.9983
596.12,602.3,589.76,589.76,0.9983,18.67
589.76,645,587.72,637.07,18.67,12.04
637.07,657.83,634.16,650,12.04,25.77
650,658.87,638,645.77,25.77,6.04
645.77,655.08,638.89,647.55,6.04,10.3
647.55,655,622.6,635.25,10.3,3.74
635.25,635.25,618,628.99,3.74,2.25
628.99,652.78,628.99,629.1,2.25,6.47
629.1,638.97,614.74,625.99,6.47,1.44
625.99,626.87,614.74,617.04,1.44,1.63
617.04,627.9,615.35,627.9,1.63,0.6427
627.9,632.11,614.47,614.47,0.6427,1.5
614.47,629.46,614.47,629.46,1.5,0.6899
629.46,639.34,629.46,632,0.6899,1.05
632,653.49,625.29,626.5,1.05,1.34
626.5,632.67,618.14,626.23,1.34,0.18
626.23,626.23,620.03,620.03,0.18,7.41
620.03,626.16,612.9,625.22,7.41,0.9631
625.22,630.01,610.35,624.98,0.9631,12.29
624.98,629,615.17,626,12.29,1.56
626,630,626,630,1.56,0.5068
630,630,619,619,0.5068,0.0006352
619,629.77,619,629.77,0.0006352,8.44
629.77,629.77,618.69,618.69,8.44,7.5
618.69,623.98,610,618.62,7.5,17.72
618.62,623.43,593.86,605.64,17.72,8.67
605.64,623.22,593.8,596.08,8.67,5.06
596.08,607.96,593.8,600,5.06,0.1545
600,600,600,600,0.1545,4.09
600,600,574.58,591.9,4.09,2.68
591.9,597.66,575.07,583.21,2.68,11.67
583.21,588.98,566.75,566.75,11.67,33.05
566.75,591.95,566.75,590.21,33.05,3.05
590.21,602.36,584.77,596.4,3.05,2.57
596.4,601.18,590.49,590.49,2.57,1.79
590.49,594.8,578.86,578.86,1.79,4.11
578.86,596.25,578.86,596.25,4.11,9.04
596.25,598.03,579,579,9.04,0
579,579,579,579,0,16.81
579,593,577.24,580.58,16.81,0.4273
580.58,590,580.58,590,0.4273,7.8
590,590,578.14,590,7.8,1.66
590,595.36,583.24,583.24,1.66,0.4779
583.24,595.36,572.77,572.77,0.4779,3.82
572.77,580,566.99,580,3.82,4.35
580,580,531.64,535.08,4.35,31.83
535.08,553.83,501,523.76,31.83,22.87
523.76,530,501,530,22.87,12.1
530,530,500,503.52,12.1,2.65
503.52,539.99,500,500,2.65,28.55
500,505,455,455,28.55,77.76
455,500.5,455,500.5,77.76,13.53
474.02,530,474.02,530,13.53,4.62
530,530,500.01,505,4.62,9.62
505,529.97,482.22,529.95,9.62,0.5639
529.95,529.95,482.27,525,0.5639,0.7
525,525,524.88,524.88,0.7,26.86
524.88,524.88,490.1,516.12,26.86,0
516.12,516.12,516.12,516.12,0,1.31
516.12,524.85,516.12,524.85,1.31,0.02382
524.85,524.85,495.08,495.08,0.02382,0.5178
495.08,524.88,495.08,524.88,0.5178,0.4584
524.88,524.88,495.26,524.27,0.4584,5.61
524.27,524.27,490.5,509.98,5.61,0.09953
509.98,509.98,490.01,490.01,0.09953,0.00003811
490.01,524.77,490.01,524.77,0.00003811,0
524.77,524.77,524.77,524.77,0,3.41
524.77,524.77,475,475.01,3.41,0
475.01,475.01,475.01,475.01,0,0.1769
475.01,524.77,475.01,524.77,0.1769,1.24
524.77,524.77,480,480,1.24,41.14
480,524.77,465,488.77,41.14,0.5077
488.77,488.77,465,475,0.5077,0.02
475,475,475,475,0.02,1.01
475,475,475,475,1.01,0
475,475,475,475,0,0.1492
475,475,474.77,474.77,0.1492,0.212
474.77,490,474.77,490,0.212,3.08
490,490,465.01,465.01,3.08,2.76
465.01,528,465,465,2.76,5.14
465,465,445,445,5.14,18.12
445,503.18,400,503.18,18.12,1.5
503.18,503.18,375.94,375.94,1.5,0.1559
375.94,466.67,375.94,385,0.1559,1.2
385,450,385,385.01,1.2,24.18
385.01,425,295,404.83,24.18,6.9
404.83,453,404.83,449.81,6.9,4.09
449.81,449.81,412.34,433.15,4.09,4.51
433.15,433.15,397,397,4.51,0
397,397,397,397,0,0
397,397,397,397,0,10.78
397,450,387.63,390,10.78,0.7155
390,394,370.01,370.94,0.7155,6.68
370.94,393.22,370.12,380.02,6.68,2
380.02,390,380.02,390,2,0.275
390,390,370.1,370.11,0.275,20.27
370.11,389.98,355,355,20.27,38.11
355,369.63,322.11,322.11,38.11,18.72
322.11,330,273.33,330,18.72,53.41
330,349.85,300,349.85,53.41,0.12
349.85,349.85,315.06,335,0.12,8.1
335,359.98,335,359.98,8.1,30.22
359.98,400,335.16,370.19,30.22,7.78
370.19,378.99,355.59,355.59,7.78,0.4618
355.59,379,355.59,357.18,0.4618,16.63
357.18,379,352.83,379,16.63,20.85
379,400,370.1,400,20.85,29.73
400,418.99,395.28,411.26,29.73,11.23
411.26,411.26,385.48,400.31,11.23,16.08
400.31,400.31,374.61,389.14,16.08,0.05216
389.14,389.14,376.73,381.01,0.05216,0.9598
381.01,395.79,371,395.79,0.9598,0
395.79,395.79,395.79,395.79,0,0.05
395.79,395.79,391.24,391.24,0.05,9.92
391.24,391.58,371,391.58,9.92,2.66
391.58,393.49,371.38,388.71,2.66,11.95
388.71,388.71,365,368.64,11.95,7.6
368.64,373.69,355,373.35,7.6,7.81
373.35,373.35,355,359.51,7.81,6.12
359.51,384.72,359.51,362.5,6.12,0.04324
362.5,368.15,362.5,364.3,0.04324,0.5898
364.3,365.13,352.01,365.13,0.5898,8.87
365.13,365.13,335.01,335.07,8.87,7.56
335.07,350,335,346.02,7.56,0.03559
346.02,347.95,344.29,347.95,0.03559,5.66
347.95,347.95,320,320,5.66,0.1154
320,325.19,320,323.94,0.1154,4.97
323.94,325.19,323.94,325,4.97,16.87
325,330,325,325,16.87,9.73
325,348.2,325,328.2,9.73,0.04009
328.2,349.17,328.2,348,0.04009,6.6
348,348,333,347.08,6.6,4.81
347.08,350,330.16,350,4.81,19.36
350,350,338.66,350,19.36,3.57
350,370,350,355,3.57,5.42
355,372.63,355,371.7,5.42,219.46
371.7,430.36,371.7,423.48,219.46,65.88
423.48,450,380,415,65.88,23.16
415,417.77,395,395,23.16,10.68
395,395,378.97,379.99,10.68,1.56
379.99,395,379.56,380,1.56,25.27
380,414.26,376,400,25.27,13.23
400,400,370.39,375.02,13.23,0.9256
375.02,392.96,375.02,390,0.9256,67.07
390,390,354.33,354.38,67.07,1.64
354.38,360,342.66,360,1.64,4.05
360,370,360,370,4.05,4.76
370,370,360,370,4.76,11.24
370,385,370,372,11.24,10.13
372,390,372,376,10.13,19.24
376,389.94,366.42,372.87,19.24,2.38
372.87,385.69,365.01,376.9,2.38,23.27
376.9,387,360.52,387,23.27,4.2
387,387,379.09,379.09,4.2,0.001595
379.09,386.32,379.09,386.32,0.001595,4.18
386.32,386.74,370.13,374.03,4.18,3.81
374.03,386.15,372.91,386.15,3.81,23.49
386.15,386.15,371.46,380,23.49,3.76
380,380,364.72,379.75,3.76,4.68
379.75,380,375.19,375.19,4.68,34.17
375.19,394.59,367,374,34.17,0.3818
374,389.98,370.43,373.07,0.3818,4.53
373.07,376.06,360.29,362.58,4.53,6.64
362.58,376,342.46,345.49,6.64,0.1607
345.49,357.5,345.49,345.56,0.1607,0.7364
345.56,372.12,342.5,372.12,0.7364,0.9118
372.12,372.12,346.77,360,0.9118,33.15
360,360,350,352,33.15,0.6043
352,358.98,350,350,0.6043,22.78
350,358.98,342.04,343.07,22.78,4.45
342.04,358.92,330.09,330.09,4.45,30.11
330.09,355.33,315.02,329.99,30.11,5.86
329.99,332.17,310,320,5.86,23.07
320,368.12,310.03,349.98,23.07,1.87
349.98,349.98,348.99,348.99,1.87,39.87
348.99,348.99,319.67,325.01,39.87,1.08
325.01,327.06,325.01,327.06,1.08,0.5716
327.06,342.08,327.06,338.75,0.5716,4.11
338.75,338.75,320.38,320.38,4.11,0
320.38,320.38,320.38,320.38,0,0.01
320.38,320.48,320.38,320.48,0.01,3.74
320.48,320.48,313.37,313.37,3.74,1.9
313.37,320.04,313.01,313.01,1.9,29.97
313.01,325,313.01,314.76,29.97,4.55
314.76,338.95,313,313,4.55,9.61
313,319.14,313,319.14,9.61,0.435
319.14,325,314.03,325,0.435,8.92
325,325,313.18,315.3,8.92,52.48
315.3,319.93,295,295,52.48,25.49
295,297.48,265.87,265.87,25.49,61.92
265.87,280,252.32,277.4,61.92,8.48
277.4,293.66,260,281.15,8.48,7.71
281.15,300,269,300,7.71,8.34
300,300,283.53,283.53,8.34,3.5
283.53,295.72,283,283.5,3.5,53.89
283.5,300,274.73,277.78,53.89,1.77
277.78,277.78,265,265,1.77,59.03
265,300,263.02,265.06,59.03,200.71
265.06,268,215.09,216,200.71,204.92
216,230.99,175,175,204.92,133.32
175,236.47,175,219,133.32,44.71
219,219,195.2,213.36,44.71,9.22
213.36,213.36,196,200,9.22,31.12
200,220,199.5,219.98,31.12,7.54
219.98,219.98,206,211.01,7.54,5.22
211.01,219.84,208.4,219.82,5.22,47.35
219.82,225.91,206.1,224.49,47.35,26.41
224.49,241.02,224.49,227.02,26.41,10.24
227.02,231.24,222.68,228.04,10.24,108.7
228.04,251.36,228.02,250.87,108.7,46.71
250.87,257.06,241.28,257.06,46.71,86.66
257.06,307.05,250.04,270,86.66,59.44
270,270,205,250.85,59.44,66.57
250.85,280,248,248,66.57,36.22
248,248,222.28,231.83,36.22,55.19
231.83,239.36,220,220,55.19,13.39
220,239.98,216.69,216.69,13.39,5.1
216.69,239.98,210.01,239.98,5.1,5.23
239.98,239.98,223.94,228,5.23,18.47
228,246.93,228,235.45,18.47,15.17
235.45,235.45,221.85,228.9,15.17,17.34
228.9,228.9,215.25,217,17.34,12.4
217,225,215,221.92,12.4,1.81
221.92,231.58,218.44,229.66,1.81,14.25
229.66,229.66,218.81,229.23,14.25,16.66
229.23,229.23,215,220.5,16.66,3.39
220.5,221.92,215,215.01,3.39,5.63
215.01,215.01,205,207.2,5.63,2.52
207.2,224,207.2,224,2.52,58.79
224,240,207,232.8,58.79,44.01
232.8,250,228,250,44.01,48.46
250,264.8,228,233.94,48.46,27.26
233.94,250.66,227.67,250.66,27.26,7.42
250.66,250.66,230.3,249.98,7.42,14.94
249.98,249.98,230.3,236,14.94,6.17
236,244.06,236,240.1,6.17,40.23
240.1,248.5,240.1,241.03,40.23,0.2377
241.03,244.09,240.09,240.12,0.2377,21.4
240.12,247.44,235,235,21.4,28.05
235,239.9,234.08,236.12,28.05,0.88
236.12,238,236.12,238,0.88,6.48
238,240.18,237.02,237.02,6.48,22.71
237.02,239.64,235,239.64,22.71,122.77
239.64,259.42,238,256,122.77,43.61
256,256,244,250.13,43.61,24.21
250.13,261.5,240.01,250.36,24.21,53.78
250.36,280,249.89,271.37,53.78,24.73
271.37,280.09,264.69,277,24.73,36.32
277,285.73,267.32,269.4,36.32,16.6
269.4,278.61,265.17,274.49,16.6,10.93
274.49,275.46,260,260,10.93,0.1874
260,270,260,269.93,0.1874,3.76
269.93,280,269.93,270.08,3.76,18.78
270.08,297.51,270.08,297,18.78,26.6
297,300,287.21,295,26.6,37.08
295,299.94,289,295.68,37.08,10.73
295.68,296.94,289.37,290.28,10.73,77.95
290.28,293,272,285,77.95,54.76
285,288.63,272.64,282.33,54.76,0.1454
282.33,288,281.51,288,0.1454,32.99
288,294.44,288,294.44,32.99,17.76
294.44,294.96,284,284,17.76,37.81
284,288.2,250,257.48,37.81,6.26
257.48,280.87,253.45,255,6.26,1.21
255,271,255,261.65,1.21,0.1201
261.65,272.49,259.68,259.68,0.1201,18.18
259.68,271.34,258.06,271.34,18.18,9.08
271.34,272,263,266.58,9.08,28.13
266.58,266.58,245,255.33,28.13,10.57
255.33,255.33,237.69,250.98,10.57,14.12
250.98,269,250.05,251.9,14.12,0.6849
251.9,252,242.88,252,0.6849,2.12
252,255.7,247.81,252.5,2.12,4.38
252.5,252.5,240.44,243.59,4.38,4.65
243.59,269,240.19,269,4.65,1.03
269,269,244.42,244.42,1.03,17.81
244.42,249.24,241.06,242.98,17.81,16.16
242.98,255.93,240,251.2,16.16,6.6
251.2,256,249.37,252.9,6.6,9.16
252.9,255,249.52,249.56,9.16,1.45
249.56,259.99,249.56,259.99,1.45,8.99
259.99,262.42,253.01,254.38,8.99,25.79
254.42,256.88,246.51,248.84,25.79,13.77
248.84,258.24,244.39,249.46,13.77,7.55
249.46,249.46,239.96,249.27,7.55,37.67
249.27,249.27,232.85,242.5,37.67,23.62
242.5,242.5,230.76,232.58,23.62,18.94
232.58,240,232.58,240,18.94,21.32
240,254.38,223.54,227.94,21.32,41.27
227.94,231.85,216.5,221.98,41.27,12.48
221.98,224,219.66,220.11,12.48,9.11
220.11,234.7,220.11,233.6,9.11,2.31
233.6,233.6,223.01,223.01,2.31,4.91
223.01,227.49,222,222.02,4.91,10.28
222.02,229,222.02,226.79,10.28,39.33
226.79,228,223.26,223.6,39.33,93.12
223.6,235.23,223.6,234.74,93.12,41.04
234.74,238.89,232.09,233.27,41.04,23.61
233.27,235.69,231,234.99,23.61,42.22
234.99,237.58,227.96,230.96,42.22,5.8
230.96,232.14,226.03,227.49,5.8,35.01
227.49,227.49,216.34,220.15,35.01,28.26
220.15,238.56,217.34,228.26,28.26,42.78
228.26,233.25,224,224.84,42.78,24.59
224.84,232,224,226,24.59,49.81
226,239.65,225.69,237.31,49.81,30.42
237.31,238.97,231.7,232.1,30.42,31.21
232.1,239.09,231.21,234.15,31.21,24.95
234.15,242.5,234.15,240.36,24.95,12.16
240.36,242.11,236.19,236.19,12.16,14.64
236.19,239.11,231.42,235.59,14.64,50.49
234.88,239.35,228,228,50.49,25.63
228,242.44,227,235.71,25.63,14.68
235.71,243,234.8,240.51,14.68,14.44
240.51,243,234.13,241.74,14.44,8.45
241.74,242.62,236.13,239.24,8.45,35.81
239.24,243.15,238.8,241.86,35.81,32.16
241.86,242.99,237.55,242.99,32.16,63.85
242.99,244,235.08,235.09,63.85,7.28
235.09,237.99,235,236.47,7.28,1.22
238.51,240.05,237.49,238.98,1.22,3.67
238.98,239.39,235.14,237.35,3.67,1.39
237.35,237.57,235.6,235.86,1.39,13.18
235.86,236.62,231.91,233.34,13.18,24.91
233.34,233.91,231.43,232.78,24.91,23.32
232.78,235.06,231.1,234.8,23.32,11.64
234.55,238.18,233.97,236.09,11.64,63.87
236.09,244,233.91,237.59,63.87,28.22
237.59,240.84,237.39,237.39,28.22,10.83
237.39,241.13,237.39,240.68,10.83,31.94
240.68,240.68,234.83,235.92,31.94,6.32
236.19,237.11,235.17,236.03,6.32,8.24
236.03,238,234.77,235.3,8.24,1.62
235.3,237.9,234.03,235.83,1.62,8.44
235.83,235.92,234.91,234.91,8.44,13.47
234.91,235.24,230.55,232.81,13.47,12.77
232.81,235.86,227.59,227.59,12.77,33.59
227.59,232.4,222.03,224.23,33.59,4.71
224.23,229.5,222.29,229.5,4.71,23.8
229.5,229.5,226,227,23.8,48.91
227,228.79,223.04,223.12,48.91,35.25
223.12,228.3,220.34,225,35.25,5.36
225,225.65,223.7,223.7,5.36,0.3
223.7,225.33,223.7,224.35,0.3,0
224.35,224.35,224.35,224.35,0,2.41
226.79,230.92,226.79,230.92,2.41,8.95
230.92,230.92,226.57,227.26,8.95,33.69
227.26,231.59,227.26,228.92,33.69,62.23
228.92,233.15,228.86,229.44,62.23,25.31
229.44,231.06,226.14,231.04,25.31,18.23
232,233.29,231.19,232.15,18.23,20.07
232.15,235.54,231.34,235.54,20.07,140.78
235.54,251,233.82,247.14,140.78,67.31
247.14,256.38,245.03,245.03,67.31,29.81
245.03,252.66,244,247.5,29.81,116.85
247.69,249.63,227,245.5,116.85,19.41
245.5,245.5,241.5,243.85,19.41,41.9
243.85,244.96,238.05,241,41.9,39.37
241,248.08,241,248.08,39.37,49.66
248.08,248.08,243.72,243.72,49.66,1.31
243.72,243.72,240.17,241.67,1.31,16.47
241.67,244,239.53,242.04,16.47,1.76
242.04,244,242,242,1.76,33.66
242,251.93,242,251.93,33.66,55.48
251.93,260,247.45,248.5,55.48,95.24
248.5,268.5,248.5,268.47,95.24,67.94
268.47,273,258.49,262.63,67.94,71.06
262.63,265.02,255.5,258.1,71.06,15.94
258.1,259.76,253.43,254.74,15.94,19.88
254.74,273,252.88,254.01,19.88,17.28
254.01,263,254.01,262,17.28,69.67
262,274.68,257.12,269.62,69.67,96.76
269.62,278,268.14,274.59,96.76,29.65
274.59,274.59,265,265.36,29.65,35.2
265.36,276.32,265.36,270.01,35.2,34.26
270.01,275.67,267.39,269.67,34.26,167.87
269.67,297,268.96,284.54,167.87,71.96
284.54,298.99,283.06,293.6,71.96,138.95
293.6,316.01,291.69,308.14,138.95,337.1
308.14,312.3,269,290.18,337.1,36.2
290.18,295.97,286.79,288.75,36.2,9.26
288.75,293.79,287.5,287.5,9.26,54.21
287.5,292,273.4,276.74,54.21,4.76
276.74,281.31,275.52,280.38,4.76,14.07
280.38,281.69,274.92,278.01,14.07,0.4725
278.01,279.57,274.32,275.54,0.4725,83.54
275.54,280.4,275.54,277.56,83.54,20.68
277.56,281.41,276.45,276.45,20.68,60.14
276.45,279.38,275.31,276.98,60.14,24.71
276.98,278.4,276.03,276.89,24.71,41.53
276.89,290,276.18,290,41.53,27.57
290,291.81,286.67,288.92,27.57,8.72
288.92,293.85,287.83,291.28,8.72,11.07
291.28,296.1,286.55,296.1,11.07,57.37
296.1,296.8,287,293.56,57.37,29.31
293.56,293.56,280,291.61,29.31,30.74
291.61,291.61,280,288.96,30.74,41.34
288.96,293.48,280,293.48,41.34,63.84
293.48,293.48,277.12,283.27,63.84,0.8988
283.27,289.89,277.91,283.84,0.8988,18.34
283.84,285.51,280.57,283.87,18.34,21.61
283.87,287.68,280.53,287.68,21.61,30.98
287.68,287.77,281.02,284.83,30.98,19.72
284.83,286.96,278.6,278.67,19.72,62.78
278.67,290,274.15,281.04,62.78,20.31
281.04,283.78,263.83,263.83,20.31,23.82
263.83,269.77,258,269.77,23.82,19.33
269.77,273.88,262.49,266.85,19.33,99.5
266.85,270,260,270,99.5,61.28
270,270,265.49,270,61.28,138.89
270,270,261.64,264.03,138.89,368.75
264.03,270,262.01,268.33,368.75,164.32
268.33,269.22,265.22,265.55,164.32,263.6
265.55,270,257.01,260.35,263.6,88.91
260.35,263.12,257.57,258.64,88.91,480.9
258.64,259.93,247.99,247.99,480.9,422.39
247.99,247.99,188.11,230.12,422.39,527.39
230.12,238.71,228.91,236.87,527.39,137.94
236.87,238.71,232.62,234.39,137.94,171.18
234.39,235.32,223.1,231.99,171.18,52.24
231.99,232.38,226.07,228.13,52.24,288.68
228.13,228.13,209.79,212.48,288.68,535.65
212.48,235.99,204.01,224.7,535.65,153.24
224.7,243.38,223.11,227.87,153.24,176.15
227.87,233,225.31,226.01,176.15,263.59
226.01,237.98,222.57,233.15,263.59,99.35
233.15,234.97,228.95,229,99.35,61.66
229,233.1,226.68,228.5,61.66,98.64
228.5,233.51,226,230.92,98.64,100.04
230.92,231.12,226.87,229.24,100.04,191.81
229.24,232.99,226.82,226.82,191.81,292.34
226.82,231.13,226.17,226.94,292.34,151.63
226.94,231.79,226.55,231.01,151.63,173.97
231.01,237,230.25,236.32,173.97,112.16
236.32,243.38,236.32,241.99,112.16,148.82
241.99,242.78,239.13,241.07,148.82,253.52
241.07,246.51,240.35,243.27,253.52,194.48
243.27,244.97,238.18,239.03,194.48,43.19
239.03,240.46,236.99,238.16,43.19,69.18
238.16,241.65,238.16,239.43,69.18,111.08
239.43,242.12,233.67,236.21,111.08,88.56
236.21,237.45,228.68,232.43,88.56,468.96
232.43,232.64,226.32,230.65,468.96,122.06
230.65,232.32,228.6,229.12,122.06,65.86
229.12,232.2,226.91,229.08,65.86,43.24
229.08,236,227.88,233.37,43.24,62.93
233.37,235.5,231.92,232.83,62.93,70.59
232.83,233.29,230,232.01,70.59,1.97
232.01,232.01,230.17,230.17,1.97,32.07
230.17,231.49,226.95,227.17,32.07,155.16
227.17,233.86,223.1,228.6,155.16,101.29
228.6,231.08,228.23,230.24,101.29,41.49
230.24,235,229.71,231.78,41.49,142.01
231.78,237.2,231.78,236,142.01,52.56
236,236,233.46,233.49,52.56,29.87
233.49,235,230.62,230.62,29.87,120.69
230.62,239.97,230.62,239.42,120.69,95.55
239.42,240,235,238.02,95.55,40.02
238.02,238.02,235,236,40.02,37.17
236,238,234.59,237.8,37.17,71
237.8,239.86,236.46,236.98,71,18.77
236.98,238.8,236.43,238.8,18.77,12.85
238.8,239.95,237.6,238.97,12.85,81.09
238.97,240.44,237.16,240,81.09,90.91
240,248.39,239.45,244.53,90.91,131.5
244.53,247.2,234.55,243.69,131.5,113
243.69,244.73,233,242.7,113,86.38
242.7,244.87,241.95,244.76,86.38,30.59
244.76,245.64,241.75,245.64,30.59,43.18
245.7,247.12,245.06,245.11,43.18,27.4
245.11,247.11,244,245.93,27.4,106.55
245.93,249.51,244.01,249,106.55,113.09
249,253.66,241,253.64,113.09,103.35
253.64,255,251.86,253.73,103.35,274.76
253.73,268.51,253,258,274.76,94.7
258,271,258,268.54,94.7,56.32
268.54,270,252,257,56.32,32.4
257,265.73,251,264.06,32.4,114.12
264.06,270,264,270,114.12,208.93
270,270.74,264.57,266.59,208.93,70.23
266.59,278,263.73,274.2,70.23,100.13
274.2,279.31,270,276.16,100.13,75.76
276.16,283.38,276.16,283.38,75.76,115.46
283.38,294.48,283.38,289.37,115.46,64.43
289.37,289.37,280.64,285.21,64.43,254.57
285.21,296.31,285.21,292.51,254.57,141.9
292.51,305,290,290.16,141.9,125.82
290.16,317.84,290.16,313.04,125.82,330.76
313.04,333,311.77,325,330.76,56.65
325,331,306.13,306.13,56.65,54.31
306.13,320,304.69,307.44,54.31,193.56
307.44,360,307.44,358.17,193.56,386.28
358.17,418.97,307.23,398.01,386.28,416.24
398.01,489.99,368.49,391.93,416.24,193.96
391.93,438.72,341,380,193.96,96.24
380,390,346.34,362.06,96.24,53.7
362.06,389.81,362.06,383.89,53.7,76.41
383.89,385,352,357,76.41,52.39
357,378.66,350,371.69,52.39,123.53
371.69,379,327.93,337.83,123.53,140.81
337.83,341,300,309.3,140.81,178.07
309.3,341,301.56,330.95,178.07,121.27
330.95,340.18,326.5,336.95,121.27,51.79
336.95,339.47,326.03,329.74,51.79,73.53
329.74,333.74,315,315,73.53,83.01
315,330,315,321.91,83.01,86.16
321.91,336.89,321.91,330,86.16,60.88
330,334.75,326,326.5,60.88,46.11
326.5,332.71,323.07,326.26,46.11,78.94
326.26,326.26,310,317.21,78.94,4.55
317.21,324.37,317.21,321.48,4.55,36.68
321.48,325,319.03,322.85,36.68,68.89
320,323.5,319,322.68,68.89,344.3
322.68,325,316.01,320.42,344.3,180.61
320.42,330,317.57,329.69,180.61,133.6
329.69,370,329.69,356.2,133.6,86.19
356.2,364,350.53,360.59,86.19,54.91
360.59,360.59,350.28,356.5,54.91,87.7
356.5,373.77,353.03,370.39,87.7,79.73
370.39,380.68,370.39,378.5,79.73,442.02
378.5,378.5,355,361.58,442.02,220.97
361.58,362.41,349.2,362.02,220.97,1152
362.02,370,356.99,361.3,1152,50.81
361.3,365.08,357.48,364.93,50.81,205.27
364.93,390.58,363.93,389.64,205.27,167.32
389.64,404.21,386.01,392.39,167.32,244.4
392.39,398,384.07,395.3,244.4,230.13
395.3,400,388.52,400,230.13,295.14
400,420,400,416.33,295.14,231.12
416.33,420,410.01,417.3,231.12,462.82
417.3,445,416,443.12,462.82,239.52
443.12,464,407.14,431,239.52,39.9
431,438,418.37,432,39.9,300.24
432,445,426.21,440.19,300.24,187.03
440.19,464,430.01,460.49,187.03,185.26
460.49,464.98,441,453.65,185.26,67.71
453.65,459.15,445,451.03,67.71,92.7
451.03,467.69,451.03,464.97,92.7,52.99
464.97,464.97,455,458.01,52.99,166.61
458.01,460.49,436,441.22,166.61,193.74
441.22,446.96,426.7,441.75,193.74,40.92
441.75,444.25,434.29,437.69,40.92,65.77
437.69,445.99,435.47,444.83,65.77,60.26
444.83,458,443.99,452.71,60.26,4.07
452.71,457.95,451.12,457.84,4.07,216.29
457.84,457.84,409,417.47,216.29,26.46
417.47,429.72,409.41,426.04,26.46,108.99
426.04,429.36,418.78,418.78,108.99,148.55
418.78,432.5,418.78,430.95,148.55,48.79
430.95,435,420,424.31,48.79,80.65
424.31,431.31,416.61,431.31,80.65,14.32
431.31,434.97,430.74,431.51,14.32,25.38
431.51,434.99,430.32,433.07,25.38,14.39
433.07,434.99,422.98,427.63,14.39,51.5
427.63,433.96,426.56,431.08,51.5,33.76
431.08,434.73,429,431.32,33.76,20.05
431.32,431.33,427.58,429.99,20.05,132.76
429.99,457.88,427.78,457.88,132.76,110.94
457.88,460,447.64,455.22,110.94,84.78
455.22,459.87,450,451.38,84.78,41.49
451.38,451.38,442.05,447.38,41.49,106.93
447.38,454.53,443.81,450,106.93,151.13
450,452.23,445.03,449.81,151.13,191.65
449.81,455,427.17,433.98,191.65,42.29
433.98,437.15,430,430,42.29,590.29
430,430.91,372.66,374.41,590.29,552.55
374.41,390.58,351.76,388.16,552.55,135.81
388.16,395,381.6,385,135.81,246.35
385,391.82,376.58,390.1,246.35,68.55
390.1,390.97,379.02,381.08,68.55,792.43
381.08,425.13,375.93,419.46,792.43,730.53
419.46,425.78,406.05,412.31,730.53,510.72
412.31,412.31,375.52,382.82,510.72,372.76
382.82,395,381.36,389.11,372.76,609.63
389.11,406.71,385.81,400.68,609.63,462.68
400.68,401.25,387.17,394.01,462.68,719.82
394.01,406.7,390.45,395.95,719.82,200.09
395.95,401.48,393.11,396,200.09,316.78
396,398.03,376.97,379.27,316.78,606.53
379.27,385.63,365,379.92,606.53,216.06
379.92,383.18,376.12,378,216.06,199.96
378,381,369.82,369.84,199.96,533.92
369.84,380,366.16,372,533.92,362.3
372,376.68,372,373.71,362.3,214.2
373.71,373.71,365.78,368,214.2,369.21
368,392,368,392,369.21,492.86
392,392,382.48,387.22,492.86,412.74
387.22,387.22,367.71,375.69,412.74,185.05
375.69,381.23,371.55,372.82,185.05,443.23
372.82,377.78,371.66,372,443.23,733.23
372,381.4,371.26,378.48,733.23,1257.01
378.48,384.76,371.71,379.3,1257.01,1274.38
379.3,383.95,373.67,377.21,1274.38,1037.16
377.21,383.49,375.76,380.3,1037.16,765.66
380.3,391.14,380.3,389.15,765.66,653.35
389.15,404.26,386.82,403.25,653.35,736.74
403.25,409.31,392,396,736.74,1021.74
396,408.6,390.1,405.5,1021.74,1183.09
405.5,421.8,403.01,416.16,1183.09,823.83
416.16,424.79,411.46,422,823.83,446.29
422,422,413.13,417.05,446.29,1124.57
417.05,442,417.05,440.3,1124.57,879.59
440.3,444,422.5,437.04,879.59,819.77
437.04,437.04,422,433.35,819.77,1304.29
433.35,437.15,414.29,420.99,1304.29,770.74
420.99,427.1,408.14,423.2,770.74,739.44
423.2,426,416.7,421.85,739.44,447.57
421.85,427.2,417.65,427.2,447.57,626.68
427.2,436,427.2,433.04,626.68,177.5
433.04,434.98,421.07,430.14,177.5,544.69
430.14,442,429.29,435.92,544.69,1697.67
435.92,439.41,422.79,429.88,1697.67,1264.09
429.88,432.48,412,424.39,1264.09,3882.56
424.39,431.11,417,419.62,3882.56,2392.2
419.62,424.46,404.87,406.71,2392.2,4809.95
406.71,408.99,388.4,394.52,4809.95,1897.16
394.52,410.06,387.27,403.86,1897.16,1302.37
403.86,414.12,397.4,413.75,1302.37,1318.45
413.75,414.36,407.5,410.29,1318.45,1526.59
410.29,414.74,406.45,410.55,1526.59,2769.06
410.55,429.7,409.42,415.81,2769.06,1562.08
415.81,423.65,415,419.92,1562.08,4268.69
419.92,420.59,406.15,407.22,4268.69,1999.17
407.22,413.62,406.65,408.87,1999.17,3410.81
408.87,416.5,407.74,415.42,3410.81,1855.24
415.42,417.04,412.17,415.59,1855.24,1497
415.59,419.04,412.87,416.78,1497,1963.65
416.78,422.69,416.78,420.75,1963.65,3199.64
420.75,421,405.03,409.43,3199.64,1860.96
409.43,411.44,405.53,410.09,1860.96,806.37
410.09,414.82,409.39,412.14,806.37,1327.09
412.14,414.36,407.68,411.76,1327.09,1669.12
411.76,417.9,411.17,414.82,1669.12,1267.5
414.82,417.98,411.89,415.53,1267.5,1197.63
415.53,417.78,413.12,415.96,1197.63,920.85
415.96,419.76,413.61,416.11,920.85,975.38
416.11,418.4,415.28,417.31,975.38,1313.9
417.31,430,415.9,424.97,1313.9,1142.24
424.97,426.39,421.13,423,1142.24,1227.79
423,428.11,405,415.71,1227.79,1050.18
415.71,416.7,409.12,413.38,1050.18,2066.84
413.38,419.99,412.42,417.56,2066.84,633.93
417.56,419.04,415.5,417.9,633.93,564.79
417.9,423.17,417.9,420.57,564.79,481.01
420.57,421.66,417.96,421.5,481.01,560.66
421.5,421.6,417.54,420.14,560.66,998.65
420.14,424.97,419.5,423.39,998.65,847.16
423.39,424.61,421.56,422.78,847.16,1096.07
422.78,424.39,420.06,422.61,1096.07,861.04
422.61,425.96,418,418.31,861.04,846.56
418.31,420.75,415,419.29,846.56,1655.44
419.29,422.92,416.96,420.95,1655.44,1258.4
420.95,424.5,420.23,422.58,1258.4,1151.1
422.58,430.36,422.58,427.08,1151.1,1159.6
427.08,427.71,422,423.54,1159.6,532.25
423.54,425.77,422.39,424.52,532.25,632.81
424.52,431.02,424.52,429.25,632.81,690.59
429.25,434.23,427.97,429.12,690.59,648.34
429.12,431.37,424.58,427.87,648.34,1030.36
427.87,429.8,426.28,428.02,1030.36,1179.9
428.02,438,426.8,436.92,1179.9,1580.25
436.92,444,434.27,441.77,1580.25,930.69
441.77,451.34,440.11,451.01,930.69,641.31
451.01,451.01,442.7,446,641.31,698.02
446,450.71,443.22,450.71,698.02,1112.4
450.71,460,445.4,460,1112.4,1447.44
460,469.69,452.5,464,1447.44,899.83
464,470,461.88,469.3,899.83,1475.35
469.3,469.3,445.48,448.35,1475.35,1919.74
448.35,451.48,435.43,450.86,1919.74,953.38
450.86,457.22,447.39,456.22,953.38,1176.69
456.22,458.12,446.44,446.44,1176.69,293.27
446.44,454.47,446.44,452.07,293.27,1306.69
452.07,453.58,440,444,1306.69,1262.5
444,452.52,442.52,451.92,1262.5,729
451.92,451.92,444.86,448,729,642.47
448,450,447.22,448.74,642.47,1842.71
448.74,462.37,447.17,460.7,1842.71,277.86
460.7,462.34,457.92,459.1,277.86,634.19
459.1,461.79,455.95,459.1,634.19,1279.65
459.1,464.99,455.99,461.75,1279.65,1013.32
461.75,463.49,450,452.13,1013.32,1766.78
452.13,455,450.99,453.97,1766.78,869.91
453.97,455,449.39,454.95,869.91,1274.72
454.95,457.5,452.61,456.05,1274.72,972.97
456.05,458.06,453.79,455.4,972.97,274.15
455.4,459.79,454.14,457.65,274.15,1237.42
457.65,458,450.17,454.39,1237.42,1000.13
454.39,455,451,454.16,1000.13,1429.97
454.16,455.88,452.35,453.24,1429.97,1254.84
453.24,453.85,431.88,432,1254.84,1114.34
432,442.63,427.06,439.65,1114.34,680.49
439.65,441,431.01,441,680.49,2785.85
441,442,433.34,437.89,2785.85,2887.46
437.89,444.01,435.55,442.5,2887.46,1284.15
442.5,445.79,441.48,444.6,1284.15,722.13
444.6,449.21,442.94,448.3,722.13,915.01
448.3,452.45,445.19,452.41,915.01,1764.3
452.41,477,451.22,471.36,1764.3,5187.17
471.36,545,450.55,523.99,5187.17,2673.43
523.99,549,470,518.98,2673.43,916.05
518.98,540,518.98,531.43,916.05,2715.14
531.43,544.53,510.97,530,2715.14,1996.79
530,541.77,485.9,536.12,1996.79,1793.27
536.12,539.67,531.52,539.2,1793.27,2726.68
539.2,576.03,536.06,567.43,2726.68,2453.02
567.43,588.71,562,573.18,2453.02,1186.64
573.18,583.67,568.07,574.11,1186.64,1014.48
574.11,586.3,573.35,583,1014.48,3420.29
583,589.91,565.38,577.38,3420.29,1370.72
577.38,582.13,571.71,581.98,1370.72,1374.98
581.98,581.98,571.6,575.01,1374.98,1378.66
575.01,581.8,573,579.26,1378.66,1276.7
579.26,595.99,579,595.99,1276.7,5399.75
595.99,683.06,595.99,665.8,5399.75,4015.14
665.8,717.79,659,703.27,4015.14,4406.38
703.27,703.95,647.26,687.34,4406.38,1900.47
687.34,697.59,671.58,692.07,1900.47,5696.94
692.07,776.71,692.07,767.05,5696.94,5794.92
767.05,776,702,747.08,5794.92,6019.57
747.08,781.15,728.87,761.02,6019.57,2487.23
761.02,769.99,745.03,765.87,2487.23,3884.15
765.87,768.83,725.02,737,3884.15,8315.46
737,738.36,630.2,673.41,8315.46,6714.94
673.41,679.85,590,594.46,6714.94,5206.35
594.46,635,551.49,623.54,5206.35,5940.81
623.54,762.24,618.51,669.26,5940.81,2243.09
669.26,703.34,641.41,674.15,2243.09,1350.42
674.15,680.91,615.26,633.04,1350.42,1230.6
633.04,664.08,627,648.49,1230.6,2494.16
648.49,664.86,640,647.01,2494.16,2053.6
647.01,650.53,615.85,639.5,2053.6,1688.09
639.5,675,635,669.7,1688.09,2111.15
669.7,691.2,665.85,677.74,2111.15,1228.66
677.74,703.94,674,700,1228.66,1540.96
700,703.96,644.65,664.82,1540.96,1654.77
664.82,684.73,645,679.26,1654.77,970.34
679.26,683.11,659.57,666.5,970.34,906.68
666.5,681.23,665.85,677.59,906.68,2909.92
677.59,681.99,610.7,640,2909.92,1772.69
640,670.07,634.04,670,1772.69,1923.47
670,671.93,622,657.95,1923.47,495.79
657.95,657.95,642.42,651.2,495.79,815.62
651.2,663.32,645.32,652.98,815.62,974.64
652.98,675.98,647.14,674.21,974.64,928.63
674.21,674.21,657.96,662.88,928.63,1157.1
662.88,665.92,650,662.78,1157.1,1157.88
662.78,669,660,663.87,1157.88,432.23
663.87,669.1,661,665,432.23,927.5
665,685,661.52,677.88,927.5,1296.12
677.88,686,667.58,675.28,1296.12,991.27
675.28,676.55,666.02,673.51,991.27,1552.88
673.51,676.15,660,667,1552.88,554.76
667,669.46,658.89,664.5,554.76,1532.52
664.5,668.97,644.54,648.97,1532.52,715.12
648.97,660,645.94,657.71,715.12,873.13
657.71,668.44,651.98,662.9,873.13,847.7
662.9,664.68,652.01,654.28,847.7,1130.07
654.28,659.1,642.5,655.03,1130.07,1755.59
655.03,663.94,648,654.03,1755.59,889.65
654.03,661.1,651.7,653.87,889.65,1002.86
653.87,659.57,651.7,653,1002.86,453.11
653,658.18,651.9,654.93,453.11,1301.11
654.93,656.67,623.68,623.68,1301.11,2577.04
623.68,627.05,601.01,605,2577.04,7142.29
605,611.44,479,506,7142.29,5302.46
506,572,502.75,564.94,5302.46,2819.75
564.94,589,564.94,582.92,2819.75,1017.31
582.92,584.41,567.41,575.65,1017.31,1036.92
575.65,598,569.88,591.6,1036.92,1356.87
591.6,607.51,570.11,593,1356.87,915.87
593,597.35,585,590.31,915.87,1082.41
590.31,593.37,583.2,586.3,1082.41,1855.27
586.3,603.14,582,588.95,1855.27,1600.83
588.95,599.98,588,588.23,1600.83,945.09
588.23,592.19,582.51,588.36,945.09,449.04
588.36,590.79,583.31,585.1,449.04,1081.67
585.1,585.51,561.4,569.67,1081.67,795.16
569.67,575,561.48,570.74,795.16,1200.53
570.74,587.8,565.34,581,1200.53,751.15
581,581.06,569.54,574.43,751.15,616.91
574.43,579.36,570.81,572,616.91,601.61
572,577.99,572,572.95,601.61,469.89
572.95,584,572.03,580,469.89,393.36
580,586.12,577.52,580.53,393.36,794.09
580.53,592.13,579.85,586,794.09,764
586,588.99,580.1,584.9,764,524.66
584.9,587.71,579.36,580.47,524.66,1358.06
580.47,582.25,569.89,576.85,1358.06,349.58
576.85,580.51,572.99,579.36,349.58,612.63
579.36,579.71,564.27,569.02,612.63,561.73
569.02,580.97,567.06,574.73,561.73,898.12
574.73,582.01,570.47,574.69,898.12,717.82
574.69,581.7,573.42,579.21,717.82,454.42
579.21,579.21,569.42,573.36,454.42,1002.1
573.36,575,568.24,571.1,1002.1,1091.61
571.1,577,565.56,577,1091.61,1286.89
577,605.33,572.13,599.97,1286.89,963.41
599.97,616.68,598.3,608.91,963.41,730.44
608.91,612.3,602,610.02,730.44,481.48
610.02,614,605,613.35,481.48,973.59
613.35,617.38,606.35,615.71,973.59,990.93
615.71,635.62,615,629.6,990.93,603.62
629.6,631.12,621.25,625.26,603.62,434.38
625.26,629.24,622.77,625.26,434.38,806.13
625.26,634.77,595.16,611.33,806.13,504.68
611.33,613.54,607.15,611.1,504.68,735.51
611.1,617,607.76,615.16,735.51,651.11
615.16,616.85,610.75,612.24,651.11,522.92
612.24,615.8,609.05,612.92,522.92,455.79
612.92,613,606.67,610,455.79,330.61
610,610.08,604.58,606.59,330.61,323.12
606.59,614.51,606.59,612.02,323.12,586.68
612.02,614.59,605.06,610.99,586.68,777.46
610.99,612,605.56,610.01,777.46,1117.73
610.01,610.98,592,599,1117.73,483.58
599,600.76,595.37,598.35,483.58,519.05
598.35,604.56,595.05,604.17,519.05,310
604.17,607.63,601.5,604,310,453.02
604,604,598,601.03,453.02,764.48
601.03,608.57,599,608.04,764.48,721.26
608.04,609.11,600.69,606.52,721.26,415.79
606.52,607.59,601.85,604.99,415.79,496.8
604.99,609.3,604.25,605.5,496.8,535.28
605.5,612.5,604.03,611.28,535.28,450.35
611.28,617.3,610.4,614.27,450.35,323.24
614.27,615.98,607.15,610,323.24,592.68
610,613.66,609.02,612.25,592.68,435.17
612.25,613.6,608,612,435.17,828.39
612,616.09,608.94,612.51,828.39,385.16
612.51,615.97,611.26,614.91,385.16,1667.51
614.91,623,611.34,617.98,1667.51,528.82
617.98,623.1,616.15,620.79,528.82,362.01
620.79,620.79,615.01,616.52,362.01,724.84
616.52,619.9,614.83,618.12,724.84,1468.11
618.12,645.42,616.32,644.23,1468.11,767.33
644.23,645,633.28,637.46,767.33,763.62
637.46,639.98,630.15,630.15,763.62,939.07
630.15,643,630.15,640.61,939.07,539.61
640.61,647,636.4,640.75,539.61,183.94
640.75,645.06,638.75,643.25,183.94,618.75
643.25,643.55,637.8,640,618.75,606.01
640,641.1,634.1,636.97,606.01,1047.9
636.97,639.64,623.73,631.5,1047.9,453.28
631.5,633.42,627.01,632.84,453.28,717.39
632.84,638,630.02,633.4,717.39,1495.79
633.4,669.86,627,663.73,1495.79,770.33
663.73,669,652.79,653.93,770.33,1384.76
653.93,657.88,645.81,652.63,1384.76,1611.78
652.63,664,651.99,651.99,1611.78,1619.77
651.99,679,651.99,675.13,1619.77,1501.28
675.13,687.84,674.63,681.97,1501.28,1231.3
681.97,691.78,681.97,690,1231.3,1651.6
690,722.01,687.93,717.87,1651.6,1734.56
717.87,717.88,688,698.7,1734.56,996.14
698.7,708.9,685.7,700.8,996.14,2354.66
700.8,739.49,697.91,733.75,2354.66,1847.17
733.75,739,722.89,737.5,1847.17,4099.75
737.5,750.5,673.41,691.13,4099.75,2007.08
691.13,710,682.31,707.41,2007.08,663.19
707.41,714.47,698.48,706.48,663.19,625.78
706.48,721.46,702.88,715.5,625.78,900.21
715.5,715.5,700.16,708.86,900.21,987.5
708.86,718.3,704.14,712.71,987.5,2750.68
712.71,745.49,708.68,722.4,2750.68,1219.55
722.4,724.7,706,713.5,1219.55,746.9
713.5,718.99,712,715.25,746.9,713.45
715.25,719.1,701.35,704.46,713.45,1087.75
704.46,706.79,685.33,702.78,1087.75,785.16
702.78,709,697.79,705.82,785.16,818.88
705.82,717,704.83,711.3,818.88,2462.28
711.3,744.8,709,742.75,2462.28,3435.49
742.75,760.81,733.3,739,3435.49,1742.41
739,754,733.01,750.55,1742.41,1445.44
750.55,763.11,735,752,1445.44,1420.69
752,757,713,730.98,1420.69,550.29
730.98,741,728.33,737.69,550.29,1803.67
737.69,752.61,733.83,748.01,1803.67,1287.25
748.01,750,731.06,740.34,1287.25,867.25
740.34,745.11,730,738.61,867.25,979.35
738.61,743,730.35,740.92,979.35,684.93
740.92,743.3,726,734.78,684.93,616.82
734.78,739,727.2,728.3,616.82,837.69
728.3,736.07,728,735.78,837.69,1064.68
735.78,735.78,728.5,732.2,1064.68,1163.42
732.2,743.56,731.02,742.72,1163.42,1290.26
742.72,754.5,740.89,754,1290.26,2429.07
754,781.98,752.42,773.87,2429.07,712.88
773.87,774.58,757.12,765.28,712.88,542.78
765.28,772.57,762.43,769.6,542.78,1667.32
769.6,771.6,745.93,754.47,1667.32,1232.12
754.47,760.03,748.09,757.86,1232.12,816.03
757.86,770,753.78,767.12,816.03,765.67
767.12,779.5,762,770.71,765.67,849.54
770.71,775,767,772.42,849.54,693.55
772.42,778.56,771.24,775,693.55,618.55
775,775.42,762.02,768.05,618.55,1025
768.05,783.26,768.05,778.37,1025,1074.56
778.37,789,770,780.5,1074.56,908.92
780.5,783.09,774,777.52,908.92,736.26
777.52,781.5,776.53,778.1,736.26,1094.3
778.1,785.75,776,785.33,1094.3,610.61
785.33,795,785.33,792.47,610.61,339.1
792.47,794.44,786.5,792.69,339.1,680.79
792.69,794.44,789.19,791.18,680.79,1163.66
791.18,806.1,790,803.42,1163.66,1872.1
803.42,830,796.47,827.86,1872.1,2597.1
827.86,877.99,826.02,860.1,2597.1,4040.55
860.1,922.93,859.01,920,4040.55,1641.66
920,923.87,884.33,894.93,1641.66,1661.59
894.93,900.34,853.37,899.98,1661.59,1835.09
899.98,917.53,888.96,904.88,1835.09,1760.31
904.88,939,900,929.16,1760.31,3197.6
929.16,979.99,929.03,978.74,3197.6,2612.43
978.74,982,950,977.01,2612.43,2202.46
977.01,977.01,920.02,960.7,2202.46,791.88
960.7,971.73,940.01,968.21,791.88,1457.01
968.21,1010,961.37,998.07,1457.01,2297.35
998.07,1034.93,996.07,1020,2297.35,1655.8
1020,1039.84,1010,1037.99,1655.8,5422.72
1037.99,1150,997.23,1139.52,5422.72,8491.62
1139.52,1156.9,879.01,996.4,8491.62,5800.95
996.4,1059.2,868.38,896.37,5800.95,4967.69
896.37,909,815.01,899.43,4967.69,2054.51
899.43,940,890,911.5,2054.51,1317.51
911.5,917.74,878,909.99,1317.51,1201.29
909.99,916.69,898.1,911,1201.29,9743.46
911,924.59,765.43,793.99,9743.46,4110.61
793.99,838,756,816.02,4110.61,3153.2
816.02,839,776.81,835.01,3153.2,1652
835.01,846.95,811,821.15,1652,1197.24
821.15,833,811.93,824.53,1197.24,1329.08
824.53,840.6,822.15,832.91,1329.08,4530.69
832.91,920,830,909.17,4530.69,3303.69
909.17,917,852.11,883.69,3303.69,2401.27
883.69,909,880.02,900.9,2401.27,1719
900.9,907.1,885,896.21,1719,2079.01
896.21,928.08,896.08,924.93,2079.01,1982.22
924.93,939.91,888,919.68,1982.22,1161.72
919.68,929.92,912.62,924.99,1161.72,3402.04
924.99,930,886,890.9,3402.04,1392.55
890.9,903.33,882.58,895,1392.55,1065.83
895,921.78,894.99,916.53,1065.83,1551.87
916.53,925,910,921.45,1551.87,724.99
921.45,923.63,917.01,920.25,724.99,601.2
920.25,923.76,915.7,918.11,601.2,1230.51
918.11,925,915,922.73,1230.51,3314.31
922.73,974.97,919,973.84,3314.31,2361.7
973.84,989,964.99,985.11,2361.7,2555.86
985.11,1013.99,975.98,1007,2555.86,3204.23
1007,1037.52,981.76,1015,3204.23,1851.51
1015,1046.5,1001.8,1035,1851.51,1161.56
1035,1036,1005.4,1017.84,1161.56,796.6
1017.84,1029.91,1013.75,1027.02,796.6,1965.14
1027.02,1055,1023.82,1053.16,1965.14,2884.59
1053.16,1069.91,1025.4,1060.6,2884.59,6699.92
1060.6,1079.91,940.01,983.86,6699.92,2840.15
983.86,1010,948.21,1002.99,2840.15,1292.05
1002.99,1018.49,993,1010.2,1292.05,826.21
1010.2,1013.7,999,1001.1,826.21,1294.66
1001.1,1010,982.01,998.8,1294.66,1855.4
998.8,1025,992.09,1014.97,1855.4,1211.24
1014.97,1020,1001.3,1015.75,1211.24,1918.3
1015.75,1047.43,1015.75,1039.87,1918.3,2165.2
1039.87,1063.92,1036,1052.07,2165.2,1467.39
1052.07,1069.79,1051,1058.91,1467.39,520.15
1058.91,1063,1042.95,1055.61,520.15,1440.67
1055.61,1093.33,1045.47,1088.68,1440.67,2575.04
1088.68,1132.74,1080,1128.46,2575.04,2192.87
1128.46,1140,1102.56,1125.67,2192.87,3010.37
1125.67,1193.43,1122.09,1182,3010.37,4998.65
1182,1214.97,1056.66,1185,4998.65,2223.09
1185,1185,1120.4,1146.83,2223.09,1722.75
1146.83,1184.44,1130,1167,1722.75,1837.69
1167,1196.99,1161.98,1190.21,1837.69,2027.03
1190.21,1208.5,1175.81,1180,2027.03,2248.94
1180,1230,1177.18,1225,2248.94,2886.48
1225,1282.39,1212.42,1254,2886.48,2729.15
1254,1288,1235.28,1277,2729.15,1414.87
1277,1280.23,1232.5,1261.27,1414.87,1199.65
1261.27,1277.72,1237.78,1267.98,1199.65,1003.89
1267.98,1279.91,1257.38,1275,1003.89,4081.78
1275,1279.9,1158.45,1224.92,4081.78,3161.96
1224.92,1238.11,1131.34,1143.39,3161.96,2289.18
1143.39,1205.4,1105,1187.19,2289.18,8293.93
1187.19,1310.98,968,1111,8293.93,3740.32
1111,1191.09,1105,1174.97,3740.32,1955
1174.97,1231.94,1138,1224.37,1955,4085.31
1224.37,1241.06,1180,1230,4085.31,2522.93
1230,1259.72,1218,1243.99,2522.93,2407.06
1243.99,1259,1238.5,1252.92,2407.06,6820.64
1252.92,1255.92,1025,1165.1,6820.64,8377.84
1165.1,1165.1,983.9,1021.16,8377.84,6805.58
1021.16,1080,923.6,954.99,6805.58,4297.88
954.99,1040,943.9,1017.94,4297.88,3223.25
1017.94,1040,902,1030,3223.25,3491.84
1030,1115,1030,1110.37,3491.84,3833.96
1110.37,1113,975.63,1032.01,3833.96,2442.73
1032.01,1052.63,1006.4,1024.03,2442.73,4796.6
1024.03,1033,911.23,921.3,4796.6,4831.51
921.3,960,881.89,951.08,4831.51,2850.31
951.08,994.57,923.01,961.88,2850.31,3333.18
961.88,1044.44,948.32,1039.85,3333.18,4577.26
1039.85,1067.8,1016.13,1043.28,4577.26,3859.62
1043.28,1060.06,1006.9,1043.43,3859.62,3219.29
1043.43,1057.51,1022.79,1040,3219.29,3655.38
1040,1088.96,1040,1079.78,3655.38,2543.25
1079.78,1108.22,1070,1091.73,2543.25,3050.13
